设备: cuda
标注视频总数: 3634
独立验证标注视频数: 909
训练标注集: 3634 | 验证集(锁定): 909 | 未标注视频: 909

===== 轮次 1/5 | B.1 伪标签生成 =====
D:\videoquality\vqa\train_utils.py:44: FutureWarning: `torch.cuda.amp.GradScaler(args...)` is deprecated. Please use `torch.amp.GradScaler('cuda', args...)` instead.
  scaler = torch.cuda.amp.GradScaler(
  [epoch 1] step 10/636 loss=0.018
  [epoch 1] step 20/636 loss=0.077
  [epoch 1] step 30/636 loss=0.007
  [epoch 1] step 40/636 loss=0.013
  [epoch 1] step 50/636 loss=0.042
  [epoch 1] step 60/636 loss=0.005
  [epoch 1] step 70/636 loss=0.030
  [epoch 1] step 80/636 loss=0.024
  [epoch 1] step 90/636 loss=0.141
  [epoch 1] step 100/636 loss=0.039
  [epoch 1] step 110/636 loss=0.010
  [epoch 1] step 120/636 loss=0.052
  [epoch 1] step 130/636 loss=0.033
  [epoch 1] step 140/636 loss=0.021
  [epoch 1] step 150/636 loss=0.010
  [epoch 1] step 160/636 loss=0.008
  [epoch 1] step 170/636 loss=0.050
  [epoch 1] step 180/636 loss=0.057
  [epoch 1] step 190/636 loss=0.014
  [epoch 1] step 200/636 loss=0.046
  [epoch 1] step 210/636 loss=0.009
  [epoch 1] step 220/636 loss=0.007
  [epoch 1] step 230/636 loss=0.036
  [epoch 1] step 240/636 loss=0.032
  [epoch 1] step 250/636 loss=0.012
  [epoch 1] step 260/636 loss=0.023
  [epoch 1] step 270/636 loss=0.014
  [epoch 1] step 280/636 loss=0.031
  [epoch 1] step 290/636 loss=0.023
  [epoch 1] step 300/636 loss=0.017
  [epoch 1] step 310/636 loss=0.011
  [epoch 1] step 320/636 loss=0.018
  [epoch 1] step 330/636 loss=0.010
  [epoch 1] step 340/636 loss=0.031
  [epoch 1] step 350/636 loss=0.006
  [epoch 1] step 360/636 loss=0.059
  [epoch 1] step 370/636 loss=0.023
  [epoch 1] step 380/636 loss=0.003
  [epoch 1] step 390/636 loss=0.047
  [epoch 1] step 400/636 loss=0.015
  [epoch 1] step 410/636 loss=0.038
  [epoch 1] step 420/636 loss=0.009
  [epoch 1] step 430/636 loss=0.090
  [epoch 1] step 440/636 loss=0.062
  [epoch 1] step 450/636 loss=0.026
  [epoch 1] step 460/636 loss=0.013
  [epoch 1] step 470/636 loss=0.023
  [epoch 1] step 480/636 loss=0.016
  [epoch 1] step 490/636 loss=0.011
  [epoch 1] step 500/636 loss=0.018
  [epoch 1] step 510/636 loss=0.054
  [epoch 1] step 520/636 loss=0.036
  [epoch 1] step 530/636 loss=0.088
  [epoch 1] step 540/636 loss=0.019
  [epoch 1] step 550/636 loss=0.017
  [epoch 1] step 560/636 loss=0.067
  [epoch 1] step 570/636 loss=0.009
  [epoch 1] step 580/636 loss=0.128
  [epoch 1] step 590/636 loss=0.050
  [epoch 1] step 600/636 loss=0.043
  [epoch 1] step 610/636 loss=0.157
  [epoch 1] step 620/636 loss=0.071
  [epoch 1] step 630/636 loss=0.024
  [epoch 2] step 10/636 loss=0.010
  [epoch 2] step 20/636 loss=0.139
  [epoch 2] step 30/636 loss=0.006
  [epoch 2] step 40/636 loss=0.054
  [epoch 2] step 50/636 loss=0.030
  [epoch 2] step 60/636 loss=0.016
  [epoch 2] step 70/636 loss=0.004
  [epoch 2] step 80/636 loss=0.056
  [epoch 2] step 90/636 loss=0.026
  [epoch 2] step 100/636 loss=0.015
  [epoch 2] step 110/636 loss=0.037
  [epoch 2] step 120/636 loss=0.023
  [epoch 2] step 130/636 loss=0.058
  [epoch 2] step 140/636 loss=0.007
  [epoch 2] step 150/636 loss=0.025
  [epoch 2] step 160/636 loss=0.009
  [epoch 2] step 170/636 loss=0.016
  [epoch 2] step 180/636 loss=0.015
  [epoch 2] step 190/636 loss=0.015
  [epoch 2] step 200/636 loss=0.016
  [epoch 2] step 210/636 loss=0.088
  [epoch 2] step 220/636 loss=0.069
  [epoch 2] step 230/636 loss=0.009
  [epoch 2] step 240/636 loss=0.009
  [epoch 2] step 250/636 loss=0.047
  [epoch 2] step 260/636 loss=0.020
  [epoch 2] step 270/636 loss=0.043
  [epoch 2] step 280/636 loss=0.035
  [epoch 2] step 290/636 loss=0.005
  [epoch 2] step 300/636 loss=0.047
  [epoch 2] step 310/636 loss=0.019
  [epoch 2] step 320/636 loss=0.023
  [epoch 2] step 330/636 loss=0.091
  [epoch 2] step 340/636 loss=0.020
  [epoch 2] step 350/636 loss=0.016
  [epoch 2] step 360/636 loss=0.124
  [epoch 2] step 370/636 loss=0.021
  [epoch 2] step 380/636 loss=0.039
  [epoch 2] step 390/636 loss=0.015
  [epoch 2] step 400/636 loss=0.037
  [epoch 2] step 410/636 loss=0.025
  [epoch 2] step 420/636 loss=0.097
  [epoch 2] step 430/636 loss=0.014
  [epoch 2] step 440/636 loss=0.030
  [epoch 2] step 450/636 loss=0.020
  [epoch 2] step 460/636 loss=0.021
  [epoch 2] step 470/636 loss=0.028
  [epoch 2] step 480/636 loss=0.030
  [epoch 2] step 490/636 loss=0.005
  [epoch 2] step 500/636 loss=0.042
  [epoch 2] step 510/636 loss=0.028
  [epoch 2] step 520/636 loss=0.041
  [epoch 2] step 530/636 loss=0.030
  [epoch 2] step 540/636 loss=0.015
  [epoch 2] step 550/636 loss=0.021
  [epoch 2] step 560/636 loss=0.006
  [epoch 2] step 570/636 loss=0.014
  [epoch 2] step 580/636 loss=0.018
  [epoch 2] step 590/636 loss=0.014
  [epoch 2] step 600/636 loss=0.011
  [epoch 2] step 610/636 loss=0.149
  [epoch 2] step 620/636 loss=0.013
  [epoch 2] step 630/636 loss=0.044
  [epoch 3] step 10/636 loss=0.041
  [epoch 3] step 20/636 loss=0.025
  [epoch 3] step 30/636 loss=0.063
  [epoch 3] step 40/636 loss=0.030
  [epoch 3] step 50/636 loss=0.018
  [epoch 3] step 60/636 loss=0.063
  [epoch 3] step 70/636 loss=0.012
  [epoch 3] step 80/636 loss=0.011
  [epoch 3] step 90/636 loss=0.012
  [epoch 3] step 100/636 loss=0.059
  [epoch 3] step 110/636 loss=0.054
  [epoch 3] step 120/636 loss=0.053
  [epoch 3] step 130/636 loss=0.027
  [epoch 3] step 140/636 loss=0.040
  [epoch 3] step 150/636 loss=0.346
  [epoch 3] step 160/636 loss=0.140
  [epoch 3] step 170/636 loss=0.074
  [epoch 3] step 180/636 loss=0.038
  [epoch 3] step 190/636 loss=0.023
  [epoch 3] step 200/636 loss=0.021
  [epoch 3] step 210/636 loss=0.037
  [epoch 3] step 220/636 loss=0.012
  [epoch 3] step 230/636 loss=0.022
  [epoch 3] step 240/636 loss=0.035
  [epoch 3] step 250/636 loss=0.018
  [epoch 3] step 260/636 loss=0.005
  [epoch 3] step 270/636 loss=0.027
  [epoch 3] step 280/636 loss=0.039
  [epoch 3] step 290/636 loss=0.167
  [epoch 3] step 300/636 loss=0.014
  [epoch 3] step 310/636 loss=0.014
  [epoch 3] step 320/636 loss=0.024
  [epoch 3] step 330/636 loss=0.020
  [epoch 3] step 340/636 loss=0.002
  [epoch 3] step 350/636 loss=0.013
  [epoch 3] step 360/636 loss=0.018
  [epoch 3] step 370/636 loss=0.021
  [epoch 3] step 380/636 loss=0.020
  [epoch 3] step 390/636 loss=0.021
  [epoch 3] step 400/636 loss=0.006
  [epoch 3] step 410/636 loss=0.101
  [epoch 3] step 420/636 loss=0.024
  [epoch 3] step 430/636 loss=0.022
  [epoch 3] step 440/636 loss=0.024
  [epoch 3] step 450/636 loss=0.004
  [epoch 3] step 460/636 loss=0.015
  [epoch 3] step 470/636 loss=0.062
  [epoch 3] step 480/636 loss=0.017
  [epoch 3] step 490/636 loss=0.009
  [epoch 3] step 500/636 loss=0.037
  [epoch 3] step 510/636 loss=0.078
  [epoch 3] step 520/636 loss=0.021
  [epoch 3] step 530/636 loss=0.015
  [epoch 3] step 540/636 loss=0.044
  [epoch 3] step 550/636 loss=0.023
  [epoch 3] step 560/636 loss=0.028
  [epoch 3] step 570/636 loss=0.031
  [epoch 3] step 580/636 loss=0.018
  [epoch 3] step 590/636 loss=0.005
  [epoch 3] step 600/636 loss=0.055
  [epoch 3] step 610/636 loss=0.010
  [epoch 3] step 620/636 loss=0.014
  [epoch 3] step 630/636 loss=0.026
  run 1/5 完成
  [epoch 1] step 10/636 loss=0.137
  [epoch 1] step 20/636 loss=0.011
  [epoch 1] step 30/636 loss=0.014
  [epoch 1] step 40/636 loss=0.019
  [epoch 1] step 50/636 loss=0.065
  [epoch 1] step 60/636 loss=0.002
  [epoch 1] step 70/636 loss=0.051
  [epoch 1] step 80/636 loss=0.039
  [epoch 1] step 90/636 loss=0.068
  [epoch 1] step 100/636 loss=0.044
  [epoch 1] step 110/636 loss=0.031
  [epoch 1] step 120/636 loss=0.085
  [epoch 1] step 130/636 loss=0.074
  [epoch 1] step 140/636 loss=0.086
  [epoch 1] step 150/636 loss=0.009
  [epoch 1] step 160/636 loss=0.001
  [epoch 1] step 170/636 loss=0.019
  [epoch 1] step 180/636 loss=0.093
  [epoch 1] step 190/636 loss=0.063
  [epoch 1] step 200/636 loss=0.017
  [epoch 1] step 210/636 loss=0.028
  [epoch 1] step 220/636 loss=0.013
  [epoch 1] step 230/636 loss=0.025
  [epoch 1] step 240/636 loss=0.020
  [epoch 1] step 250/636 loss=0.021
  [epoch 1] step 260/636 loss=0.035
  [epoch 1] step 270/636 loss=0.045
  [epoch 1] step 280/636 loss=0.205
  [epoch 1] step 290/636 loss=0.014
  [epoch 1] step 300/636 loss=0.022
  [epoch 1] step 310/636 loss=0.030
  [epoch 1] step 320/636 loss=0.093
  [epoch 1] step 330/636 loss=0.021
  [epoch 1] step 340/636 loss=0.036
  [epoch 1] step 350/636 loss=0.047
  [epoch 1] step 360/636 loss=0.037
  [epoch 1] step 370/636 loss=0.028
  [epoch 1] step 380/636 loss=0.023
  [epoch 1] step 390/636 loss=0.005
  [epoch 1] step 400/636 loss=0.073
  [epoch 1] step 410/636 loss=0.124
  [epoch 1] step 420/636 loss=0.049
  [epoch 1] step 430/636 loss=0.079
  [epoch 1] step 440/636 loss=0.021
  [epoch 1] step 450/636 loss=0.048
  [epoch 1] step 460/636 loss=0.033
  [epoch 1] step 470/636 loss=0.065
  [epoch 1] step 480/636 loss=0.005
  [epoch 1] step 490/636 loss=0.030
  [epoch 1] step 500/636 loss=0.030
  [epoch 1] step 510/636 loss=0.046
  [epoch 1] step 520/636 loss=0.016
  [epoch 1] step 530/636 loss=0.033
  [epoch 1] step 540/636 loss=0.081
  [epoch 1] step 550/636 loss=0.022
  [epoch 1] step 560/636 loss=0.090
  [epoch 1] step 570/636 loss=0.011
  [epoch 1] step 580/636 loss=0.034
  [epoch 1] step 590/636 loss=0.024
  [epoch 1] step 600/636 loss=0.043
  [epoch 1] step 610/636 loss=0.011
  [epoch 1] step 620/636 loss=0.028
  [epoch 1] step 630/636 loss=0.036
  [epoch 2] step 10/636 loss=0.101
  [epoch 2] step 20/636 loss=0.009
  [epoch 2] step 30/636 loss=0.040
  [epoch 2] step 40/636 loss=0.051
  [epoch 2] step 50/636 loss=0.072
  [epoch 2] step 60/636 loss=0.025
  [epoch 2] step 70/636 loss=0.086
  [epoch 2] step 80/636 loss=0.010
  [epoch 2] step 90/636 loss=0.033
  [epoch 2] step 100/636 loss=0.006
  [epoch 2] step 110/636 loss=0.101
  [epoch 2] step 120/636 loss=0.038
  [epoch 2] step 130/636 loss=0.042
  [epoch 2] step 140/636 loss=0.018
  [epoch 2] step 150/636 loss=0.016
  [epoch 2] step 160/636 loss=0.091
  [epoch 2] step 170/636 loss=0.044
  [epoch 2] step 180/636 loss=0.023
  [epoch 2] step 190/636 loss=0.013
  [epoch 2] step 200/636 loss=0.150
  [epoch 2] step 210/636 loss=0.053
  [epoch 2] step 220/636 loss=0.055
  [epoch 2] step 230/636 loss=0.047
  [epoch 2] step 240/636 loss=0.061
  [epoch 2] step 250/636 loss=0.034
  [epoch 2] step 260/636 loss=0.013
  [epoch 2] step 270/636 loss=0.027
  [epoch 2] step 280/636 loss=0.028
  [epoch 2] step 290/636 loss=0.067
  [epoch 2] step 300/636 loss=0.006
  [epoch 2] step 310/636 loss=0.062
  [epoch 2] step 320/636 loss=0.096
  [epoch 2] step 330/636 loss=0.081
  [epoch 2] step 340/636 loss=0.031
  [epoch 2] step 350/636 loss=0.010
  [epoch 2] step 360/636 loss=0.041
  [epoch 2] step 370/636 loss=0.033
  [epoch 2] step 380/636 loss=0.009
  [epoch 2] step 390/636 loss=0.028
  [epoch 2] step 400/636 loss=0.018
  [epoch 2] step 410/636 loss=0.003
  [epoch 2] step 420/636 loss=0.016
  [epoch 2] step 430/636 loss=0.031
  [epoch 2] step 440/636 loss=0.020
  [epoch 2] step 450/636 loss=0.020
  [epoch 2] step 460/636 loss=0.009
  [epoch 2] step 470/636 loss=0.004
  [epoch 2] step 480/636 loss=0.018
  [epoch 2] step 490/636 loss=0.013
  [epoch 2] step 500/636 loss=0.095
  [epoch 2] step 510/636 loss=0.019
  [epoch 2] step 520/636 loss=0.031
  [epoch 2] step 530/636 loss=0.006
  [epoch 2] step 540/636 loss=0.021
  [epoch 2] step 550/636 loss=0.049
  [epoch 2] step 560/636 loss=0.046
  [epoch 2] step 570/636 loss=0.038
  [epoch 2] step 580/636 loss=0.015
  [epoch 2] step 590/636 loss=0.024
  [epoch 2] step 600/636 loss=0.047
  [epoch 2] step 610/636 loss=0.015
  [epoch 2] step 620/636 loss=0.014
  [epoch 2] step 630/636 loss=0.049
  [epoch 3] step 10/636 loss=0.017
  [epoch 3] step 20/636 loss=0.008
  [epoch 3] step 30/636 loss=0.011
  [epoch 3] step 40/636 loss=0.041
  [epoch 3] step 50/636 loss=0.031
  [epoch 3] step 60/636 loss=0.004
  [epoch 3] step 70/636 loss=0.003
  [epoch 3] step 80/636 loss=0.069
  [epoch 3] step 90/636 loss=0.025
  [epoch 3] step 100/636 loss=0.017
  [epoch 3] step 110/636 loss=0.048
  [epoch 3] step 120/636 loss=0.009
  [epoch 3] step 130/636 loss=0.147
  [epoch 3] step 140/636 loss=0.008
  [epoch 3] step 150/636 loss=0.014
  [epoch 3] step 160/636 loss=0.013
  [epoch 3] step 170/636 loss=0.012
  [epoch 3] step 180/636 loss=0.009
  [epoch 3] step 190/636 loss=0.030
  [epoch 3] step 200/636 loss=0.006
  [epoch 3] step 210/636 loss=0.015
  [epoch 3] step 220/636 loss=0.032
  [epoch 3] step 230/636 loss=0.031
  [epoch 3] step 240/636 loss=0.009
  [epoch 3] step 250/636 loss=0.066
  [epoch 3] step 260/636 loss=0.016
  [epoch 3] step 270/636 loss=0.013
  [epoch 3] step 280/636 loss=0.018
  [epoch 3] step 290/636 loss=0.031
  [epoch 3] step 300/636 loss=0.022
  [epoch 3] step 310/636 loss=0.036
  [epoch 3] step 320/636 loss=0.027
  [epoch 3] step 330/636 loss=0.009
  [epoch 3] step 340/636 loss=0.025
  [epoch 3] step 350/636 loss=0.007
  [epoch 3] step 360/636 loss=0.058
  [epoch 3] step 370/636 loss=0.007
  [epoch 3] step 380/636 loss=0.025
  [epoch 3] step 390/636 loss=0.004
  [epoch 3] step 400/636 loss=0.030
  [epoch 3] step 410/636 loss=0.003
  [epoch 3] step 420/636 loss=0.004
  [epoch 3] step 430/636 loss=0.029
  [epoch 3] step 440/636 loss=0.091
  [epoch 3] step 450/636 loss=0.016
  [epoch 3] step 460/636 loss=0.013
  [epoch 3] step 470/636 loss=0.004
  [epoch 3] step 480/636 loss=0.011
  [epoch 3] step 490/636 loss=0.015
  [epoch 3] step 500/636 loss=0.021
  [epoch 3] step 510/636 loss=0.055
  [epoch 3] step 520/636 loss=0.010
  [epoch 3] step 530/636 loss=0.027
  [epoch 3] step 540/636 loss=0.009
  [epoch 3] step 550/636 loss=0.047
  [epoch 3] step 560/636 loss=0.021
  [epoch 3] step 570/636 loss=0.013
  [epoch 3] step 580/636 loss=0.032
  [epoch 3] step 590/636 loss=0.015
  [epoch 3] step 600/636 loss=0.009
  [epoch 3] step 610/636 loss=0.030
  [epoch 3] step 620/636 loss=0.070
  [epoch 3] step 630/636 loss=0.035
  run 2/5 完成
  [epoch 1] step 10/636 loss=0.023
  [epoch 1] step 20/636 loss=0.081
  [epoch 1] step 30/636 loss=0.052
  [epoch 1] step 40/636 loss=0.062
  [epoch 1] step 50/636 loss=0.019
  [epoch 1] step 60/636 loss=0.063
  [epoch 1] step 70/636 loss=0.014
  [epoch 1] step 80/636 loss=0.037
  [epoch 1] step 90/636 loss=0.015
  [epoch 1] step 100/636 loss=0.024
  [epoch 1] step 110/636 loss=0.033
  [epoch 1] step 120/636 loss=0.054
  [epoch 1] step 130/636 loss=0.022
  [epoch 1] step 140/636 loss=0.007
  [epoch 1] step 150/636 loss=0.051
  [epoch 1] step 160/636 loss=0.049
  [epoch 1] step 170/636 loss=0.025
  [epoch 1] step 180/636 loss=0.049
  [epoch 1] step 190/636 loss=0.053
  [epoch 1] step 200/636 loss=0.129
  [epoch 1] step 210/636 loss=0.021
  [epoch 1] step 220/636 loss=0.076
  [epoch 1] step 230/636 loss=0.049
  [epoch 1] step 240/636 loss=0.028
  [epoch 1] step 250/636 loss=0.046
  [epoch 1] step 260/636 loss=0.056
  [epoch 1] step 270/636 loss=0.005
  [epoch 1] step 280/636 loss=0.014
  [epoch 1] step 290/636 loss=0.049
  [epoch 1] step 300/636 loss=0.053
  [epoch 1] step 310/636 loss=0.032
  [epoch 1] step 320/636 loss=0.056
  [epoch 1] step 330/636 loss=0.094
  [epoch 1] step 340/636 loss=0.098
  [epoch 1] step 350/636 loss=0.040
  [epoch 1] step 360/636 loss=0.103
  [epoch 1] step 370/636 loss=0.005
  [epoch 1] step 380/636 loss=0.052
  [epoch 1] step 390/636 loss=0.029
  [epoch 1] step 400/636 loss=0.025
  [epoch 1] step 410/636 loss=0.018
  [epoch 1] step 420/636 loss=0.027
  [epoch 1] step 430/636 loss=0.031
  [epoch 1] step 440/636 loss=0.083
  [epoch 1] step 450/636 loss=0.016
  [epoch 1] step 460/636 loss=0.047
  [epoch 1] step 470/636 loss=0.022
  [epoch 1] step 480/636 loss=0.012
  [epoch 1] step 490/636 loss=0.111
  [epoch 1] step 500/636 loss=0.005
  [epoch 1] step 510/636 loss=0.046
  [epoch 1] step 520/636 loss=0.011
  [epoch 1] step 530/636 loss=0.025
  [epoch 1] step 540/636 loss=0.005
  [epoch 1] step 550/636 loss=0.043
  [epoch 1] step 560/636 loss=0.024
  [epoch 1] step 570/636 loss=0.066
  [epoch 1] step 580/636 loss=0.044
  [epoch 1] step 590/636 loss=0.008
  [epoch 1] step 600/636 loss=0.015
  [epoch 1] step 610/636 loss=0.013
  [epoch 1] step 620/636 loss=0.055
  [epoch 1] step 630/636 loss=0.044
  [epoch 2] step 10/636 loss=0.018
  [epoch 2] step 20/636 loss=0.028
  [epoch 2] step 30/636 loss=0.071
  [epoch 2] step 40/636 loss=0.025
  [epoch 2] step 50/636 loss=0.022
  [epoch 2] step 60/636 loss=0.011
  [epoch 2] step 70/636 loss=0.072
  [epoch 2] step 80/636 loss=0.009
  [epoch 2] step 90/636 loss=0.097
  [epoch 2] step 100/636 loss=0.045
  [epoch 2] step 110/636 loss=0.058
  [epoch 2] step 120/636 loss=0.039
  [epoch 2] step 130/636 loss=0.250
  [epoch 2] step 140/636 loss=0.172
  [epoch 2] step 150/636 loss=0.025
  [epoch 2] step 160/636 loss=0.040
  [epoch 2] step 170/636 loss=0.040
  [epoch 2] step 180/636 loss=0.054
  [epoch 2] step 190/636 loss=0.021
  [epoch 2] step 200/636 loss=0.026
  [epoch 2] step 210/636 loss=0.075
  [epoch 2] step 220/636 loss=0.229
  [epoch 2] step 230/636 loss=0.006
  [epoch 2] step 240/636 loss=0.015
  [epoch 2] step 250/636 loss=0.082
  [epoch 2] step 260/636 loss=0.033
  [epoch 2] step 270/636 loss=0.033
  [epoch 2] step 280/636 loss=0.038
  [epoch 2] step 290/636 loss=0.077
  [epoch 2] step 300/636 loss=0.036
  [epoch 2] step 310/636 loss=0.014
  [epoch 2] step 320/636 loss=0.036
  [epoch 2] step 330/636 loss=0.064
  [epoch 2] step 340/636 loss=0.004
  [epoch 2] step 350/636 loss=0.025
  [epoch 2] step 360/636 loss=0.035
  [epoch 2] step 370/636 loss=0.028
  [epoch 2] step 380/636 loss=0.057
  [epoch 2] step 390/636 loss=0.027
  [epoch 2] step 400/636 loss=0.021
  [epoch 2] step 410/636 loss=0.045
  [epoch 2] step 420/636 loss=0.018
  [epoch 2] step 430/636 loss=0.013
  [epoch 2] step 440/636 loss=0.019
  [epoch 2] step 450/636 loss=0.047
  [epoch 2] step 460/636 loss=0.008
  [epoch 2] step 470/636 loss=0.061
  [epoch 2] step 480/636 loss=0.017
  [epoch 2] step 490/636 loss=0.007
  [epoch 2] step 500/636 loss=0.020
  [epoch 2] step 510/636 loss=0.008
  [epoch 2] step 520/636 loss=0.023
  [epoch 2] step 530/636 loss=0.039
  [epoch 2] step 540/636 loss=0.085
  [epoch 2] step 550/636 loss=0.004
  [epoch 2] step 560/636 loss=0.004
  [epoch 2] step 570/636 loss=0.036
  [epoch 2] step 580/636 loss=0.002
  [epoch 2] step 590/636 loss=0.032
  [epoch 2] step 600/636 loss=0.025
  [epoch 2] step 610/636 loss=0.017
  [epoch 2] step 620/636 loss=0.030
  [epoch 2] step 630/636 loss=0.037
  [epoch 3] step 10/636 loss=0.025
  [epoch 3] step 20/636 loss=0.055
  [epoch 3] step 30/636 loss=0.043
  [epoch 3] step 40/636 loss=0.033
  [epoch 3] step 50/636 loss=0.015
  [epoch 3] step 60/636 loss=0.010
  [epoch 3] step 70/636 loss=0.019
  [epoch 3] step 80/636 loss=0.013
  [epoch 3] step 90/636 loss=0.010
  [epoch 3] step 100/636 loss=0.015
  [epoch 3] step 110/636 loss=0.030
  [epoch 3] step 120/636 loss=0.052
  [epoch 3] step 130/636 loss=0.033
  [epoch 3] step 140/636 loss=0.074
  [epoch 3] step 150/636 loss=0.004
  [epoch 3] step 160/636 loss=0.020
  [epoch 3] step 170/636 loss=0.129
  [epoch 3] step 180/636 loss=0.033
  [epoch 3] step 190/636 loss=0.054
  [epoch 3] step 200/636 loss=0.036
  [epoch 3] step 210/636 loss=0.101
  [epoch 3] step 220/636 loss=0.037
  [epoch 3] step 230/636 loss=0.041
  [epoch 3] step 240/636 loss=0.021
  [epoch 3] step 250/636 loss=0.020
  [epoch 3] step 260/636 loss=0.009
  [epoch 3] step 270/636 loss=0.026
  [epoch 3] step 280/636 loss=0.043
  [epoch 3] step 290/636 loss=0.024
  [epoch 3] step 300/636 loss=0.008
  [epoch 3] step 310/636 loss=0.019
  [epoch 3] step 320/636 loss=0.011
  [epoch 3] step 330/636 loss=0.102
  [epoch 3] step 340/636 loss=0.057
  [epoch 3] step 350/636 loss=0.035
  [epoch 3] step 360/636 loss=0.012
  [epoch 3] step 370/636 loss=0.079
  [epoch 3] step 380/636 loss=0.020
  [epoch 3] step 390/636 loss=0.024
  [epoch 3] step 400/636 loss=0.016
  [epoch 3] step 410/636 loss=0.012
  [epoch 3] step 420/636 loss=0.005
  [epoch 3] step 430/636 loss=0.107
  [epoch 3] step 440/636 loss=0.014
  [epoch 3] step 450/636 loss=0.106
  [epoch 3] step 460/636 loss=0.077
  [epoch 3] step 470/636 loss=0.019
  [epoch 3] step 480/636 loss=0.012
  [epoch 3] step 490/636 loss=0.114
  [epoch 3] step 500/636 loss=0.019
  [epoch 3] step 510/636 loss=0.011
  [epoch 3] step 520/636 loss=0.030
  [epoch 3] step 530/636 loss=0.007
  [epoch 3] step 540/636 loss=0.014
  [epoch 3] step 550/636 loss=0.006
  [epoch 3] step 560/636 loss=0.027
  [epoch 3] step 570/636 loss=0.007
  [epoch 3] step 580/636 loss=0.037
  [epoch 3] step 590/636 loss=0.007
  [epoch 3] step 600/636 loss=0.023
  [epoch 3] step 610/636 loss=0.009
  [epoch 3] step 620/636 loss=0.042
  [epoch 3] step 630/636 loss=0.036
  run 3/5 完成
  [epoch 1] step 10/636 loss=0.184
  [epoch 1] step 20/636 loss=0.112
  [epoch 1] step 30/636 loss=0.040
  [epoch 1] step 40/636 loss=0.009
  [epoch 1] step 50/636 loss=0.014
  [epoch 1] step 60/636 loss=0.025
  [epoch 1] step 70/636 loss=0.035
  [epoch 1] step 80/636 loss=0.054
  [epoch 1] step 90/636 loss=0.031
  [epoch 1] step 100/636 loss=0.005
  [epoch 1] step 110/636 loss=0.046
  [epoch 1] step 120/636 loss=0.053
  [epoch 1] step 130/636 loss=0.027
  [epoch 1] step 140/636 loss=0.102
  [epoch 1] step 150/636 loss=0.038
  [epoch 1] step 160/636 loss=0.034
  [epoch 1] step 170/636 loss=0.093
  [epoch 1] step 180/636 loss=0.027
  [epoch 1] step 190/636 loss=0.072
  [epoch 1] step 200/636 loss=0.091
  [epoch 1] step 210/636 loss=0.026
  [epoch 1] step 220/636 loss=0.031
  [epoch 1] step 230/636 loss=0.028
  [epoch 1] step 240/636 loss=0.002
  [epoch 1] step 250/636 loss=0.082
  [epoch 1] step 260/636 loss=0.187
  [epoch 1] step 270/636 loss=0.138
  [epoch 1] step 280/636 loss=0.061
  [epoch 1] step 290/636 loss=0.001
  [epoch 1] step 300/636 loss=0.042
  [epoch 1] step 310/636 loss=0.032
  [epoch 1] step 320/636 loss=0.004
  [epoch 1] step 330/636 loss=0.007
  [epoch 1] step 340/636 loss=0.014
  [epoch 1] step 350/636 loss=0.026
  [epoch 1] step 360/636 loss=0.019
  [epoch 1] step 370/636 loss=0.028
  [epoch 1] step 380/636 loss=0.026
  [epoch 1] step 390/636 loss=0.018
  [epoch 1] step 400/636 loss=0.133
  [epoch 1] step 410/636 loss=0.036
  [epoch 1] step 420/636 loss=0.078
  [epoch 1] step 430/636 loss=0.026
  [epoch 1] step 440/636 loss=0.106
  [epoch 1] step 450/636 loss=0.053
  [epoch 1] step 460/636 loss=0.018
  [epoch 1] step 470/636 loss=0.067
  [epoch 1] step 480/636 loss=0.071
  [epoch 1] step 490/636 loss=0.038
  [epoch 1] step 500/636 loss=0.068
  [epoch 1] step 510/636 loss=0.015
  [epoch 1] step 520/636 loss=0.029
  [epoch 1] step 530/636 loss=0.029
  [epoch 1] step 540/636 loss=0.043
  [epoch 1] step 550/636 loss=0.020
  [epoch 1] step 560/636 loss=0.080
  [epoch 1] step 570/636 loss=0.061
  [epoch 1] step 580/636 loss=0.035
  [epoch 1] step 590/636 loss=0.036
  [epoch 1] step 600/636 loss=0.010
  [epoch 1] step 610/636 loss=0.068
  [epoch 1] step 620/636 loss=0.009
  [epoch 1] step 630/636 loss=0.019
  [epoch 2] step 10/636 loss=0.028
  [epoch 2] step 20/636 loss=0.049
  [epoch 2] step 30/636 loss=0.016
  [epoch 2] step 40/636 loss=0.030
  [epoch 2] step 50/636 loss=0.016
  [epoch 2] step 60/636 loss=0.035
  [epoch 2] step 70/636 loss=0.011
  [epoch 2] step 80/636 loss=0.030
  [epoch 2] step 90/636 loss=0.147
  [epoch 2] step 100/636 loss=0.010
  [epoch 2] step 110/636 loss=0.038
  [epoch 2] step 120/636 loss=0.093
  [epoch 2] step 130/636 loss=0.043
  [epoch 2] step 140/636 loss=0.050
  [epoch 2] step 150/636 loss=0.001
  [epoch 2] step 160/636 loss=0.019
  [epoch 2] step 170/636 loss=0.019
  [epoch 2] step 180/636 loss=0.013
  [epoch 2] step 190/636 loss=0.014
  [epoch 2] step 200/636 loss=0.026
  [epoch 2] step 210/636 loss=0.027
  [epoch 2] step 220/636 loss=0.007
  [epoch 2] step 230/636 loss=0.018
  [epoch 2] step 240/636 loss=0.047
  [epoch 2] step 250/636 loss=0.015
  [epoch 2] step 260/636 loss=0.057
  [epoch 2] step 270/636 loss=0.002
  [epoch 2] step 280/636 loss=0.074
  [epoch 2] step 290/636 loss=0.004
  [epoch 2] step 300/636 loss=0.013
  [epoch 2] step 310/636 loss=0.029
  [epoch 2] step 320/636 loss=0.008
  [epoch 2] step 330/636 loss=0.020
  [epoch 2] step 340/636 loss=0.018
  [epoch 2] step 350/636 loss=0.021
  [epoch 2] step 360/636 loss=0.007
  [epoch 2] step 370/636 loss=0.022
  [epoch 2] step 380/636 loss=0.061
  [epoch 2] step 390/636 loss=0.007
  [epoch 2] step 400/636 loss=0.129
  [epoch 2] step 410/636 loss=0.030
  [epoch 2] step 420/636 loss=0.042
  [epoch 2] step 430/636 loss=0.032
  [epoch 2] step 440/636 loss=0.041
  [epoch 2] step 450/636 loss=0.029
  [epoch 2] step 460/636 loss=0.036
  [epoch 2] step 470/636 loss=0.062
  [epoch 2] step 480/636 loss=0.017
  [epoch 2] step 490/636 loss=0.051
  [epoch 2] step 500/636 loss=0.010
  [epoch 2] step 510/636 loss=0.021
  [epoch 2] step 520/636 loss=0.032
  [epoch 2] step 530/636 loss=0.028
  [epoch 2] step 540/636 loss=0.042
  [epoch 2] step 550/636 loss=0.041
  [epoch 2] step 560/636 loss=0.056
  [epoch 2] step 570/636 loss=0.019
  [epoch 2] step 580/636 loss=0.095
  [epoch 2] step 590/636 loss=0.029
  [epoch 2] step 600/636 loss=0.061
  [epoch 2] step 610/636 loss=0.045
  [epoch 2] step 620/636 loss=0.014
  [epoch 2] step 630/636 loss=0.030
  [epoch 3] step 10/636 loss=0.022
  [epoch 3] step 20/636 loss=0.041
  [epoch 3] step 30/636 loss=0.039
  [epoch 3] step 40/636 loss=0.062
  [epoch 3] step 50/636 loss=0.027
  [epoch 3] step 60/636 loss=0.004
  [epoch 3] step 70/636 loss=0.003
  [epoch 3] step 80/636 loss=0.023
  [epoch 3] step 90/636 loss=0.001
  [epoch 3] step 100/636 loss=0.002
  [epoch 3] step 110/636 loss=0.047
  [epoch 3] step 120/636 loss=0.007
  [epoch 3] step 130/636 loss=0.016
  [epoch 3] step 140/636 loss=0.014
  [epoch 3] step 150/636 loss=0.020
  [epoch 3] step 160/636 loss=0.025
  [epoch 3] step 170/636 loss=0.082
  [epoch 3] step 180/636 loss=0.005
  [epoch 3] step 190/636 loss=0.029
  [epoch 3] step 200/636 loss=0.023
  [epoch 3] step 210/636 loss=0.020
  [epoch 3] step 220/636 loss=0.009
  [epoch 3] step 230/636 loss=0.022
  [epoch 3] step 240/636 loss=0.015
  [epoch 3] step 250/636 loss=0.001
  [epoch 3] step 260/636 loss=0.097
  [epoch 3] step 270/636 loss=0.033
  [epoch 3] step 280/636 loss=0.016
  [epoch 3] step 290/636 loss=0.018
  [epoch 3] step 300/636 loss=0.005
  [epoch 3] step 310/636 loss=0.002
  [epoch 3] step 320/636 loss=0.061
  [epoch 3] step 330/636 loss=0.018
  [epoch 3] step 340/636 loss=0.001
  [epoch 3] step 350/636 loss=0.011
  [epoch 3] step 360/636 loss=0.016
  [epoch 3] step 370/636 loss=0.020
  [epoch 3] step 380/636 loss=0.007
  [epoch 3] step 390/636 loss=0.013
  [epoch 3] step 400/636 loss=0.029
  [epoch 3] step 410/636 loss=0.018
  [epoch 3] step 420/636 loss=0.020
  [epoch 3] step 430/636 loss=0.018
  [epoch 3] step 440/636 loss=0.031
  [epoch 3] step 450/636 loss=0.033
  [epoch 3] step 460/636 loss=0.056
  [epoch 3] step 470/636 loss=0.038
  [epoch 3] step 480/636 loss=0.005
  [epoch 3] step 490/636 loss=0.071
  [epoch 3] step 500/636 loss=0.041
  [epoch 3] step 510/636 loss=0.009
  [epoch 3] step 520/636 loss=0.010
  [epoch 3] step 530/636 loss=0.004
  [epoch 3] step 540/636 loss=0.072
  [epoch 3] step 550/636 loss=0.051
  [epoch 3] step 560/636 loss=0.008
  [epoch 3] step 570/636 loss=0.019
  [epoch 3] step 580/636 loss=0.005
  [epoch 3] step 590/636 loss=0.041
  [epoch 3] step 600/636 loss=0.038
  [epoch 3] step 610/636 loss=0.043
  [epoch 3] step 620/636 loss=0.044
  [epoch 3] step 630/636 loss=0.020
  run 4/5 完成
  [epoch 1] step 10/636 loss=0.012
  [epoch 1] step 20/636 loss=0.033
  [epoch 1] step 30/636 loss=0.117
  [epoch 1] step 40/636 loss=0.074
  [epoch 1] step 50/636 loss=0.026
  [epoch 1] step 60/636 loss=0.167
  [epoch 1] step 70/636 loss=0.069
  [epoch 1] step 80/636 loss=0.030
  [epoch 1] step 90/636 loss=0.091
  [epoch 1] step 100/636 loss=0.009
  [epoch 1] step 110/636 loss=0.068
  [epoch 1] step 120/636 loss=0.025
  [epoch 1] step 130/636 loss=0.015
  [epoch 1] step 140/636 loss=0.011
  [epoch 1] step 150/636 loss=0.005
  [epoch 1] step 160/636 loss=0.011
  [epoch 1] step 170/636 loss=0.009
  [epoch 1] step 180/636 loss=0.044
  [epoch 1] step 190/636 loss=0.069
  [epoch 1] step 200/636 loss=0.036
  [epoch 1] step 210/636 loss=0.126
  [epoch 1] step 220/636 loss=0.015
  [epoch 1] step 230/636 loss=0.013
  [epoch 1] step 240/636 loss=0.049
  [epoch 1] step 250/636 loss=0.008
  [epoch 1] step 260/636 loss=0.023
  [epoch 1] step 270/636 loss=0.008
  [epoch 1] step 280/636 loss=0.097
  [epoch 1] step 290/636 loss=0.029
  [epoch 1] step 300/636 loss=0.046
  [epoch 1] step 310/636 loss=0.022
  [epoch 1] step 320/636 loss=0.022
  [epoch 1] step 330/636 loss=0.026
  [epoch 1] step 340/636 loss=0.037
  [epoch 1] step 350/636 loss=0.079
  [epoch 1] step 360/636 loss=0.020
  [epoch 1] step 370/636 loss=0.000
  [epoch 1] step 380/636 loss=0.040
  [epoch 1] step 390/636 loss=0.090
  [epoch 1] step 400/636 loss=0.096
  [epoch 1] step 410/636 loss=0.069
  [epoch 1] step 420/636 loss=0.033
  [epoch 1] step 430/636 loss=0.009
  [epoch 1] step 440/636 loss=0.003
  [epoch 1] step 450/636 loss=0.022
  [epoch 1] step 460/636 loss=0.044
  [epoch 1] step 470/636 loss=0.039
  [epoch 1] step 480/636 loss=0.116
  [epoch 1] step 490/636 loss=0.005
  [epoch 1] step 500/636 loss=0.059
  [epoch 1] step 510/636 loss=0.010
  [epoch 1] step 520/636 loss=0.043
  [epoch 1] step 530/636 loss=0.070
  [epoch 1] step 540/636 loss=0.020
  [epoch 1] step 550/636 loss=0.020
  [epoch 1] step 560/636 loss=0.089
  [epoch 1] step 570/636 loss=0.018
  [epoch 1] step 580/636 loss=0.059
  [epoch 1] step 590/636 loss=0.047
  [epoch 1] step 600/636 loss=0.003
  [epoch 1] step 610/636 loss=0.017
  [epoch 1] step 620/636 loss=0.040
  [epoch 1] step 630/636 loss=0.036
  [epoch 2] step 10/636 loss=0.043
  [epoch 2] step 20/636 loss=0.007
  [epoch 2] step 30/636 loss=0.034
  [epoch 2] step 40/636 loss=0.011
  [epoch 2] step 50/636 loss=0.024
  [epoch 2] step 60/636 loss=0.010
  [epoch 2] step 70/636 loss=0.025
  [epoch 2] step 80/636 loss=0.021
  [epoch 2] step 90/636 loss=0.010
  [epoch 2] step 100/636 loss=0.010
  [epoch 2] step 110/636 loss=0.047
  [epoch 2] step 120/636 loss=0.040
  [epoch 2] step 130/636 loss=0.003
  [epoch 2] step 140/636 loss=0.073
  [epoch 2] step 150/636 loss=0.026
  [epoch 2] step 160/636 loss=0.038
  [epoch 2] step 170/636 loss=0.082
  [epoch 2] step 180/636 loss=0.071
  [epoch 2] step 190/636 loss=0.014
  [epoch 2] step 200/636 loss=0.061
  [epoch 2] step 210/636 loss=0.060
  [epoch 2] step 220/636 loss=0.052
  [epoch 2] step 230/636 loss=0.010
  [epoch 2] step 240/636 loss=0.097
  [epoch 2] step 250/636 loss=0.013
  [epoch 2] step 260/636 loss=0.012
  [epoch 2] step 270/636 loss=0.043
  [epoch 2] step 280/636 loss=0.059
  [epoch 2] step 290/636 loss=0.012
  [epoch 2] step 300/636 loss=0.033
  [epoch 2] step 310/636 loss=0.033
  [epoch 2] step 320/636 loss=0.015
  [epoch 2] step 330/636 loss=0.024
  [epoch 2] step 340/636 loss=0.028
  [epoch 2] step 350/636 loss=0.010
  [epoch 2] step 360/636 loss=0.024
  [epoch 2] step 370/636 loss=0.045
  [epoch 2] step 380/636 loss=0.016
  [epoch 2] step 390/636 loss=0.067
  [epoch 2] step 400/636 loss=0.001
  [epoch 2] step 410/636 loss=0.009
  [epoch 2] step 420/636 loss=0.023
  [epoch 2] step 430/636 loss=0.060
  [epoch 2] step 440/636 loss=0.025
  [epoch 2] step 450/636 loss=0.037
  [epoch 2] step 460/636 loss=0.006
  [epoch 2] step 470/636 loss=0.054
  [epoch 2] step 480/636 loss=0.013
  [epoch 2] step 490/636 loss=0.020
  [epoch 2] step 500/636 loss=0.097
  [epoch 2] step 510/636 loss=0.037
  [epoch 2] step 520/636 loss=0.013
  [epoch 2] step 530/636 loss=0.024
  [epoch 2] step 540/636 loss=0.048
  [epoch 2] step 550/636 loss=0.087
  [epoch 2] step 560/636 loss=0.068
  [epoch 2] step 570/636 loss=0.038
  [epoch 2] step 580/636 loss=0.025
  [epoch 2] step 590/636 loss=0.006
  [epoch 2] step 600/636 loss=0.042
  [epoch 2] step 610/636 loss=0.013
  [epoch 2] step 620/636 loss=0.008
  [epoch 2] step 630/636 loss=0.094
  [epoch 3] step 10/636 loss=0.064
  [epoch 3] step 20/636 loss=0.045
  [epoch 3] step 30/636 loss=0.017
  [epoch 3] step 40/636 loss=0.020
  [epoch 3] step 50/636 loss=0.027
  [epoch 3] step 60/636 loss=0.083
  [epoch 3] step 70/636 loss=0.027
  [epoch 3] step 80/636 loss=0.014
  [epoch 3] step 90/636 loss=0.068
  [epoch 3] step 100/636 loss=0.018
  [epoch 3] step 110/636 loss=0.047
  [epoch 3] step 120/636 loss=0.009
  [epoch 3] step 130/636 loss=0.049
  [epoch 3] step 140/636 loss=0.015
  [epoch 3] step 150/636 loss=0.018
  [epoch 3] step 160/636 loss=0.029
  [epoch 3] step 170/636 loss=0.008
  [epoch 3] step 180/636 loss=0.031
  [epoch 3] step 190/636 loss=0.032
  [epoch 3] step 200/636 loss=0.044
  [epoch 3] step 210/636 loss=0.052
  [epoch 3] step 220/636 loss=0.058
  [epoch 3] step 230/636 loss=0.015
  [epoch 3] step 240/636 loss=0.013
  [epoch 3] step 250/636 loss=0.104
  [epoch 3] step 260/636 loss=0.011
  [epoch 3] step 270/636 loss=0.025
  [epoch 3] step 280/636 loss=0.027
  [epoch 3] step 290/636 loss=0.033
  [epoch 3] step 300/636 loss=0.059
  [epoch 3] step 310/636 loss=0.102
  [epoch 3] step 320/636 loss=0.005
  [epoch 3] step 330/636 loss=0.008
  [epoch 3] step 340/636 loss=0.063
  [epoch 3] step 350/636 loss=0.046
  [epoch 3] step 360/636 loss=0.052
  [epoch 3] step 370/636 loss=0.015
  [epoch 3] step 380/636 loss=0.036
  [epoch 3] step 390/636 loss=0.015
  [epoch 3] step 400/636 loss=0.036
  [epoch 3] step 410/636 loss=0.041
  [epoch 3] step 420/636 loss=0.042
  [epoch 3] step 430/636 loss=0.019
  [epoch 3] step 440/636 loss=0.033
  [epoch 3] step 450/636 loss=0.017
  [epoch 3] step 460/636 loss=0.016
  [epoch 3] step 470/636 loss=0.111
  [epoch 3] step 480/636 loss=0.002
  [epoch 3] step 490/636 loss=0.007
  [epoch 3] step 500/636 loss=0.004
  [epoch 3] step 510/636 loss=0.042
  [epoch 3] step 520/636 loss=0.013
  [epoch 3] step 530/636 loss=0.037
  [epoch 3] step 540/636 loss=0.012
  [epoch 3] step 550/636 loss=0.038
  [epoch 3] step 560/636 loss=0.040
  [epoch 3] step 570/636 loss=0.019
  [epoch 3] step 580/636 loss=0.036
  [epoch 3] step 590/636 loss=0.020
  [epoch 3] step 600/636 loss=0.057
  [epoch 3] step 610/636 loss=0.011
  [epoch 3] step 620/636 loss=0.014
  [epoch 3] step 630/636 loss=0.055
  run 5/5 完成
本轮新增伪标签 901 个，累积 901 个
===== 轮次 1 | B.2 验证/微调 =====
  [epoch 1] step 10/1134 loss=0.004
  [epoch 1] step 20/1134 loss=0.029
  [epoch 1] step 30/1134 loss=0.016
  [epoch 1] step 40/1134 loss=0.021
  [epoch 1] step 50/1134 loss=0.126
  [epoch 1] step 60/1134 loss=0.027
  [epoch 1] step 70/1134 loss=0.042
  [epoch 1] step 80/1134 loss=0.014
  [epoch 1] step 90/1134 loss=0.034
  [epoch 1] step 100/1134 loss=0.033
  [epoch 1] step 110/1134 loss=0.029
  [epoch 1] step 120/1134 loss=0.040
  [epoch 1] step 130/1134 loss=0.017
  [epoch 1] step 140/1134 loss=0.007
  [epoch 1] step 150/1134 loss=0.010
  [epoch 1] step 160/1134 loss=0.012
  [epoch 1] step 170/1134 loss=0.010
  [epoch 1] step 180/1134 loss=0.027
  [epoch 1] step 190/1134 loss=0.113
  [epoch 1] step 200/1134 loss=0.007
  [epoch 1] step 210/1134 loss=0.006
  [epoch 1] step 220/1134 loss=0.095
  [epoch 1] step 230/1134 loss=0.025
  [epoch 1] step 240/1134 loss=0.023
  [epoch 1] step 250/1134 loss=0.011
  [epoch 1] step 260/1134 loss=0.013
  [epoch 1] step 270/1134 loss=0.050
  [epoch 1] step 280/1134 loss=0.132
  [epoch 1] step 290/1134 loss=0.031
  [epoch 1] step 300/1134 loss=0.007
  [epoch 1] step 310/1134 loss=0.041
  [epoch 1] step 320/1134 loss=0.045
  [epoch 1] step 330/1134 loss=0.012
  [epoch 1] step 340/1134 loss=0.034
  [epoch 1] step 350/1134 loss=0.034
  [epoch 1] step 360/1134 loss=0.083
  [epoch 1] step 370/1134 loss=0.023
  [epoch 1] step 380/1134 loss=0.018
  [epoch 1] step 390/1134 loss=0.038
  [epoch 1] step 400/1134 loss=0.034
  [epoch 1] step 410/1134 loss=0.147
  [epoch 1] step 420/1134 loss=0.008
  [epoch 1] step 430/1134 loss=0.020
  [epoch 1] step 440/1134 loss=0.031
  [epoch 1] step 450/1134 loss=0.007
  [epoch 1] step 460/1134 loss=0.034
  [epoch 1] step 470/1134 loss=0.006
  [epoch 1] step 480/1134 loss=0.036
  [epoch 1] step 490/1134 loss=0.001
  [epoch 1] step 500/1134 loss=0.027
  [epoch 1] step 510/1134 loss=0.025
  [epoch 1] step 520/1134 loss=0.018
  [epoch 1] step 530/1134 loss=0.025
  [epoch 1] step 540/1134 loss=0.077
  [epoch 1] step 550/1134 loss=0.009
  [epoch 1] step 560/1134 loss=0.017
  [epoch 1] step 570/1134 loss=0.027
  [epoch 1] step 580/1134 loss=0.021
  [epoch 1] step 590/1134 loss=0.070
  [epoch 1] step 600/1134 loss=0.013
  [epoch 1] step 610/1134 loss=0.077
  [epoch 1] step 620/1134 loss=0.021
  [epoch 1] step 630/1134 loss=0.040
  [epoch 1] step 640/1134 loss=0.009
  [epoch 1] step 650/1134 loss=0.028
  [epoch 1] step 660/1134 loss=0.017
  [epoch 1] step 670/1134 loss=0.049
  [epoch 1] step 680/1134 loss=0.008
  [epoch 1] step 690/1134 loss=0.026
  [epoch 1] step 700/1134 loss=0.026
  [epoch 1] step 710/1134 loss=0.016
  [epoch 1] step 720/1134 loss=0.050
  [epoch 1] step 730/1134 loss=0.021
  [epoch 1] step 740/1134 loss=0.039
  [epoch 1] step 750/1134 loss=0.002
  [epoch 1] step 760/1134 loss=0.019
  [epoch 1] step 770/1134 loss=0.018
  [epoch 1] step 780/1134 loss=0.014
  [epoch 1] step 790/1134 loss=0.012
  [epoch 1] step 800/1134 loss=0.039
  [epoch 1] step 810/1134 loss=0.034
  [epoch 1] step 820/1134 loss=0.018
  [epoch 1] step 830/1134 loss=0.007
  [epoch 1] step 840/1134 loss=0.004
  [epoch 1] step 850/1134 loss=0.017
  [epoch 1] step 860/1134 loss=0.011
  [epoch 1] step 870/1134 loss=0.030
  [epoch 1] step 880/1134 loss=0.012
  [epoch 1] step 890/1134 loss=0.012
  [epoch 1] step 900/1134 loss=0.089
  [epoch 1] step 910/1134 loss=0.065
  [epoch 1] step 920/1134 loss=0.046
  [epoch 1] step 930/1134 loss=0.014
  [epoch 1] step 940/1134 loss=0.016
  [epoch 1] step 950/1134 loss=0.007
  [epoch 1] step 960/1134 loss=0.023
  [epoch 1] step 970/1134 loss=0.023
  [epoch 1] step 980/1134 loss=0.006
  [epoch 1] step 990/1134 loss=0.121
  [epoch 1] step 1000/1134 loss=0.021
  [epoch 1] step 1010/1134 loss=0.075
  [epoch 1] step 1020/1134 loss=0.027
  [epoch 1] step 1030/1134 loss=0.036
  [epoch 1] step 1040/1134 loss=0.015
  [epoch 1] step 1050/1134 loss=0.043
  [epoch 1] step 1060/1134 loss=0.010
  [epoch 1] step 1070/1134 loss=0.007
  [epoch 1] step 1080/1134 loss=0.061
  [epoch 1] step 1090/1134 loss=0.015
  [epoch 1] step 1100/1134 loss=0.002
  [epoch 1] step 1110/1134 loss=0.043
  [epoch 1] step 1120/1134 loss=0.026
  [epoch 1] step 1130/1134 loss=0.071
  [epoch 2] step 10/1134 loss=0.023
  [epoch 2] step 20/1134 loss=0.039
  [epoch 2] step 30/1134 loss=0.101
  [epoch 2] step 40/1134 loss=0.011
  [epoch 2] step 50/1134 loss=0.028
  [epoch 2] step 60/1134 loss=0.013
  [epoch 2] step 70/1134 loss=0.020
  [epoch 2] step 80/1134 loss=0.025
  [epoch 2] step 90/1134 loss=0.014
  [epoch 2] step 100/1134 loss=0.004
  [epoch 2] step 110/1134 loss=0.013
  [epoch 2] step 120/1134 loss=0.024
  [epoch 2] step 130/1134 loss=0.044
  [epoch 2] step 140/1134 loss=0.007
  [epoch 2] step 150/1134 loss=0.028
  [epoch 2] step 160/1134 loss=0.013
  [epoch 2] step 170/1134 loss=0.062
  [epoch 2] step 180/1134 loss=0.094
  [epoch 2] step 190/1134 loss=0.010
  [epoch 2] step 200/1134 loss=0.031
  [epoch 2] step 210/1134 loss=0.021
  [epoch 2] step 220/1134 loss=0.040
  [epoch 2] step 230/1134 loss=0.030
  [epoch 2] step 240/1134 loss=0.006
  [epoch 2] step 250/1134 loss=0.045
  [epoch 2] step 260/1134 loss=0.058
  [epoch 2] step 270/1134 loss=0.190
  [epoch 2] step 280/1134 loss=0.017
  [epoch 2] step 290/1134 loss=0.009
  [epoch 2] step 300/1134 loss=0.044
  [epoch 2] step 310/1134 loss=0.051
  [epoch 2] step 320/1134 loss=0.040
  [epoch 2] step 330/1134 loss=0.070
  [epoch 2] step 340/1134 loss=0.018
  [epoch 2] step 350/1134 loss=0.026
  [epoch 2] step 360/1134 loss=0.021
  [epoch 2] step 370/1134 loss=0.017
  [epoch 2] step 380/1134 loss=0.025
  [epoch 2] step 390/1134 loss=0.032
  [epoch 2] step 400/1134 loss=0.025
  [epoch 2] step 410/1134 loss=0.030
  [epoch 2] step 420/1134 loss=0.079
  [epoch 2] step 430/1134 loss=0.014
  [epoch 2] step 440/1134 loss=0.007
  [epoch 2] step 450/1134 loss=0.040
  [epoch 2] step 460/1134 loss=0.085
  [epoch 2] step 470/1134 loss=0.078
  [epoch 2] step 480/1134 loss=0.056
  [epoch 2] step 490/1134 loss=0.065
  [epoch 2] step 500/1134 loss=0.042
  [epoch 2] step 510/1134 loss=0.089
  [epoch 2] step 520/1134 loss=0.008
  [epoch 2] step 530/1134 loss=0.019
  [epoch 2] step 540/1134 loss=0.038
  [epoch 2] step 550/1134 loss=0.050
  [epoch 2] step 560/1134 loss=0.011
  [epoch 2] step 570/1134 loss=0.020
  [epoch 2] step 580/1134 loss=0.007
  [epoch 2] step 590/1134 loss=0.049
  [epoch 2] step 600/1134 loss=0.040
  [epoch 2] step 610/1134 loss=0.044
  [epoch 2] step 620/1134 loss=0.060
  [epoch 2] step 630/1134 loss=0.010
  [epoch 2] step 640/1134 loss=0.042
  [epoch 2] step 650/1134 loss=0.025
  [epoch 2] step 660/1134 loss=0.020
  [epoch 2] step 670/1134 loss=0.033
  [epoch 2] step 680/1134 loss=0.012
  [epoch 2] step 690/1134 loss=0.060
  [epoch 2] step 700/1134 loss=0.046
  [epoch 2] step 710/1134 loss=0.006
  [epoch 2] step 720/1134 loss=0.063
  [epoch 2] step 730/1134 loss=0.007
  [epoch 2] step 740/1134 loss=0.009
  [epoch 2] step 750/1134 loss=0.025
  [epoch 2] step 760/1134 loss=0.019
  [epoch 2] step 770/1134 loss=0.002
  [epoch 2] step 780/1134 loss=0.022
  [epoch 2] step 790/1134 loss=0.012
  [epoch 2] step 800/1134 loss=0.016
  [epoch 2] step 810/1134 loss=0.016
  [epoch 2] step 820/1134 loss=0.059
  [epoch 2] step 830/1134 loss=0.090
  [epoch 2] step 840/1134 loss=0.045
  [epoch 2] step 850/1134 loss=0.251
  [epoch 2] step 860/1134 loss=0.010
  [epoch 2] step 870/1134 loss=0.066
  [epoch 2] step 880/1134 loss=0.020
  [epoch 2] step 890/1134 loss=0.013
  [epoch 2] step 900/1134 loss=0.014
  [epoch 2] step 910/1134 loss=0.031
  [epoch 2] step 920/1134 loss=0.030
  [epoch 2] step 930/1134 loss=0.078
  [epoch 2] step 940/1134 loss=0.012
  [epoch 2] step 950/1134 loss=0.004
  [epoch 2] step 960/1134 loss=0.039
  [epoch 2] step 970/1134 loss=0.017
  [epoch 2] step 980/1134 loss=0.004
  [epoch 2] step 990/1134 loss=0.029
  [epoch 2] step 1000/1134 loss=0.033
  [epoch 2] step 1010/1134 loss=0.007
  [epoch 2] step 1020/1134 loss=0.027
  [epoch 2] step 1030/1134 loss=0.007
  [epoch 2] step 1040/1134 loss=0.016
  [epoch 2] step 1050/1134 loss=0.038
  [epoch 2] step 1060/1134 loss=0.020
  [epoch 2] step 1070/1134 loss=0.015
  [epoch 2] step 1080/1134 loss=0.051
  [epoch 2] step 1090/1134 loss=0.064
  [epoch 2] step 1100/1134 loss=0.009
  [epoch 2] step 1110/1134 loss=0.035
  [epoch 2] step 1120/1134 loss=0.075
  [epoch 2] step 1130/1134 loss=0.075
  [epoch 3] step 10/1134 loss=0.045
  [epoch 3] step 20/1134 loss=0.010
  [epoch 3] step 30/1134 loss=0.035
  [epoch 3] step 40/1134 loss=0.028
  [epoch 3] step 50/1134 loss=0.016
  [epoch 3] step 60/1134 loss=0.040
  [epoch 3] step 70/1134 loss=0.033
  [epoch 3] step 80/1134 loss=0.052
  [epoch 3] step 90/1134 loss=0.020
  [epoch 3] step 100/1134 loss=0.113
  [epoch 3] step 110/1134 loss=0.055
  [epoch 3] step 120/1134 loss=0.028
  [epoch 3] step 130/1134 loss=0.016
  [epoch 3] step 140/1134 loss=0.038
  [epoch 3] step 150/1134 loss=0.015
  [epoch 3] step 160/1134 loss=0.007
  [epoch 3] step 170/1134 loss=0.014
  [epoch 3] step 180/1134 loss=0.012
  [epoch 3] step 190/1134 loss=0.070
  [epoch 3] step 200/1134 loss=0.007
  [epoch 3] step 210/1134 loss=0.022
  [epoch 3] step 220/1134 loss=0.078
  [epoch 3] step 230/1134 loss=0.014
  [epoch 3] step 240/1134 loss=0.007
  [epoch 3] step 250/1134 loss=0.009
  [epoch 3] step 260/1134 loss=0.017
  [epoch 3] step 270/1134 loss=0.042
  [epoch 3] step 280/1134 loss=0.092
  [epoch 3] step 290/1134 loss=0.085
  [epoch 3] step 300/1134 loss=0.020
  [epoch 3] step 310/1134 loss=0.020
  [epoch 3] step 320/1134 loss=0.003
  [epoch 3] step 330/1134 loss=0.047
  [epoch 3] step 340/1134 loss=0.055
  [epoch 3] step 350/1134 loss=0.004
  [epoch 3] step 360/1134 loss=0.027
  [epoch 3] step 370/1134 loss=0.041
  [epoch 3] step 380/1134 loss=0.031
  [epoch 3] step 390/1134 loss=0.007
  [epoch 3] step 400/1134 loss=0.033
  [epoch 3] step 410/1134 loss=0.043
  [epoch 3] step 420/1134 loss=0.106
  [epoch 3] step 430/1134 loss=0.006
  [epoch 3] step 440/1134 loss=0.007
  [epoch 3] step 450/1134 loss=0.035
  [epoch 3] step 460/1134 loss=0.015
  [epoch 3] step 470/1134 loss=0.003
  [epoch 3] step 480/1134 loss=0.029
  [epoch 3] step 490/1134 loss=0.013
  [epoch 3] step 500/1134 loss=0.021
  [epoch 3] step 510/1134 loss=0.004
  [epoch 3] step 520/1134 loss=0.037
  [epoch 3] step 530/1134 loss=0.050
  [epoch 3] step 540/1134 loss=0.080
  [epoch 3] step 550/1134 loss=0.001
  [epoch 3] step 560/1134 loss=0.059
  [epoch 3] step 570/1134 loss=0.023
  [epoch 3] step 580/1134 loss=0.009
  [epoch 3] step 590/1134 loss=0.050
  [epoch 3] step 600/1134 loss=0.102
  [epoch 3] step 610/1134 loss=0.019
  [epoch 3] step 620/1134 loss=0.004
  [epoch 3] step 630/1134 loss=0.014
  [epoch 3] step 640/1134 loss=0.039
  [epoch 3] step 650/1134 loss=0.022
  [epoch 3] step 660/1134 loss=0.049
  [epoch 3] step 670/1134 loss=0.014
  [epoch 3] step 680/1134 loss=0.026
  [epoch 3] step 690/1134 loss=0.003
  [epoch 3] step 700/1134 loss=0.021
  [epoch 3] step 710/1134 loss=0.014
  [epoch 3] step 720/1134 loss=0.070
  [epoch 3] step 730/1134 loss=0.017
  [epoch 3] step 740/1134 loss=0.024
  [epoch 3] step 750/1134 loss=0.014
  [epoch 3] step 760/1134 loss=0.090
  [epoch 3] step 770/1134 loss=0.041
  [epoch 3] step 780/1134 loss=0.037
  [epoch 3] step 790/1134 loss=0.011
  [epoch 3] step 800/1134 loss=0.022
  [epoch 3] step 810/1134 loss=0.005
  [epoch 3] step 820/1134 loss=0.014
  [epoch 3] step 830/1134 loss=0.046
  [epoch 3] step 840/1134 loss=0.027
  [epoch 3] step 850/1134 loss=0.037
  [epoch 3] step 860/1134 loss=0.006
  [epoch 3] step 870/1134 loss=0.043
  [epoch 3] step 880/1134 loss=0.009
  [epoch 3] step 890/1134 loss=0.032
  [epoch 3] step 900/1134 loss=0.018
  [epoch 3] step 910/1134 loss=0.016
  [epoch 3] step 920/1134 loss=0.032
  [epoch 3] step 930/1134 loss=0.008
  [epoch 3] step 940/1134 loss=0.007
  [epoch 3] step 950/1134 loss=0.022
  [epoch 3] step 960/1134 loss=0.006
  [epoch 3] step 970/1134 loss=0.007
  [epoch 3] step 980/1134 loss=0.041
  [epoch 3] step 990/1134 loss=0.031
  [epoch 3] step 1000/1134 loss=0.031
  [epoch 3] step 1010/1134 loss=0.046
  [epoch 3] step 1020/1134 loss=0.012
  [epoch 3] step 1030/1134 loss=0.023
  [epoch 3] step 1040/1134 loss=0.044
  [epoch 3] step 1050/1134 loss=0.004
  [epoch 3] step 1060/1134 loss=0.019
  [epoch 3] step 1070/1134 loss=0.010
  [epoch 3] step 1080/1134 loss=0.020
  [epoch 3] step 1090/1134 loss=0.038
  [epoch 3] step 1100/1134 loss=0.041
  [epoch 3] step 1110/1134 loss=0.023
  [epoch 3] step 1120/1134 loss=0.016
  [epoch 3] step 1130/1134 loss=0.054
  [epoch 4] step 10/1134 loss=0.021
  [epoch 4] step 20/1134 loss=0.045
  [epoch 4] step 30/1134 loss=0.039
  [epoch 4] step 40/1134 loss=0.039
  [epoch 4] step 50/1134 loss=0.032
  [epoch 4] step 60/1134 loss=0.046
  [epoch 4] step 70/1134 loss=0.017
  [epoch 4] step 80/1134 loss=0.013
  [epoch 4] step 90/1134 loss=0.021
  [epoch 4] step 100/1134 loss=0.019
  [epoch 4] step 110/1134 loss=0.042
  [epoch 4] step 120/1134 loss=0.009
  [epoch 4] step 130/1134 loss=0.007
  [epoch 4] step 140/1134 loss=0.154
  [epoch 4] step 150/1134 loss=0.020
  [epoch 4] step 160/1134 loss=0.061
  [epoch 4] step 170/1134 loss=0.003
  [epoch 4] step 180/1134 loss=0.026
  [epoch 4] step 190/1134 loss=0.039
  [epoch 4] step 200/1134 loss=0.023
  [epoch 4] step 210/1134 loss=0.025
  [epoch 4] step 220/1134 loss=0.029
  [epoch 4] step 230/1134 loss=0.008
  [epoch 4] step 240/1134 loss=0.012
  [epoch 4] step 250/1134 loss=0.018
  [epoch 4] step 260/1134 loss=0.032
  [epoch 4] step 270/1134 loss=0.079
  [epoch 4] step 280/1134 loss=0.134
  [epoch 4] step 290/1134 loss=0.004
  [epoch 4] step 300/1134 loss=0.009
  [epoch 4] step 310/1134 loss=0.009
  [epoch 4] step 320/1134 loss=0.001
  [epoch 4] step 330/1134 loss=0.003
  [epoch 4] step 340/1134 loss=0.019
  [epoch 4] step 350/1134 loss=0.017
  [epoch 4] step 360/1134 loss=0.034
  [epoch 4] step 370/1134 loss=0.068
  [epoch 4] step 380/1134 loss=0.011
  [epoch 4] step 390/1134 loss=0.006
  [epoch 4] step 400/1134 loss=0.005
  [epoch 4] step 410/1134 loss=0.034
  [epoch 4] step 420/1134 loss=0.019
  [epoch 4] step 430/1134 loss=0.010
  [epoch 4] step 440/1134 loss=0.009
  [epoch 4] step 450/1134 loss=0.027
  [epoch 4] step 460/1134 loss=0.005
  [epoch 4] step 470/1134 loss=0.018
  [epoch 4] step 480/1134 loss=0.014
  [epoch 4] step 490/1134 loss=0.006
  [epoch 4] step 500/1134 loss=0.011
  [epoch 4] step 510/1134 loss=0.006
  [epoch 4] step 520/1134 loss=0.114
  [epoch 4] step 530/1134 loss=0.025
  [epoch 4] step 540/1134 loss=0.023
  [epoch 4] step 550/1134 loss=0.047
  [epoch 4] step 560/1134 loss=0.041
  [epoch 4] step 570/1134 loss=0.033
  [epoch 4] step 580/1134 loss=0.029
  [epoch 4] step 590/1134 loss=0.007
  [epoch 4] step 600/1134 loss=0.059
  [epoch 4] step 610/1134 loss=0.038
  [epoch 4] step 620/1134 loss=0.009
  [epoch 4] step 630/1134 loss=0.025
  [epoch 4] step 640/1134 loss=0.036
  [epoch 4] step 650/1134 loss=0.005
  [epoch 4] step 660/1134 loss=0.014
  [epoch 4] step 670/1134 loss=0.053
  [epoch 4] step 680/1134 loss=0.005
  [epoch 4] step 690/1134 loss=0.018
  [epoch 4] step 700/1134 loss=0.037
  [epoch 4] step 710/1134 loss=0.023
  [epoch 4] step 720/1134 loss=0.012
  [epoch 4] step 730/1134 loss=0.033
  [epoch 4] step 740/1134 loss=0.019
  [epoch 4] step 750/1134 loss=0.030
  [epoch 4] step 760/1134 loss=0.041
  [epoch 4] step 770/1134 loss=0.007
  [epoch 4] step 780/1134 loss=0.010
  [epoch 4] step 790/1134 loss=0.022
  [epoch 4] step 800/1134 loss=0.028
  [epoch 4] step 810/1134 loss=0.041
  [epoch 4] step 820/1134 loss=0.043
  [epoch 4] step 830/1134 loss=0.099
  [epoch 4] step 840/1134 loss=0.023
  [epoch 4] step 850/1134 loss=0.022
  [epoch 4] step 860/1134 loss=0.036
  [epoch 4] step 870/1134 loss=0.006
  [epoch 4] step 880/1134 loss=0.016
  [epoch 4] step 890/1134 loss=0.019
  [epoch 4] step 900/1134 loss=0.032
  [epoch 4] step 910/1134 loss=0.029
  [epoch 4] step 920/1134 loss=0.038
  [epoch 4] step 930/1134 loss=0.004
  [epoch 4] step 940/1134 loss=0.070
  [epoch 4] step 950/1134 loss=0.035
  [epoch 4] step 960/1134 loss=0.005
  [epoch 4] step 970/1134 loss=0.024
  [epoch 4] step 980/1134 loss=0.021
  [epoch 4] step 990/1134 loss=0.020
  [epoch 4] step 1000/1134 loss=0.048
  [epoch 4] step 1010/1134 loss=0.012
  [epoch 4] step 1020/1134 loss=0.020
  [epoch 4] step 1030/1134 loss=0.049
  [epoch 4] step 1040/1134 loss=0.043
  [epoch 4] step 1050/1134 loss=0.087
  [epoch 4] step 1060/1134 loss=0.010
  [epoch 4] step 1070/1134 loss=0.019
  [epoch 4] step 1080/1134 loss=0.039
  [epoch 4] step 1090/1134 loss=0.085
  [epoch 4] step 1100/1134 loss=0.018
  [epoch 4] step 1110/1134 loss=0.038
  [epoch 4] step 1120/1134 loss=0.009
  [epoch 4] step 1130/1134 loss=0.064
  [epoch 5] step 10/1134 loss=0.005
  [epoch 5] step 20/1134 loss=0.011
  [epoch 5] step 30/1134 loss=0.031
  [epoch 5] step 40/1134 loss=0.006
  [epoch 5] step 50/1134 loss=0.048
  [epoch 5] step 60/1134 loss=0.058
  [epoch 5] step 70/1134 loss=0.029
  [epoch 5] step 80/1134 loss=0.034
  [epoch 5] step 90/1134 loss=0.029
  [epoch 5] step 100/1134 loss=0.027
  [epoch 5] step 110/1134 loss=0.007
  [epoch 5] step 120/1134 loss=0.006
  [epoch 5] step 130/1134 loss=0.051
  [epoch 5] step 140/1134 loss=0.027
  [epoch 5] step 150/1134 loss=0.033
  [epoch 5] step 160/1134 loss=0.003
  [epoch 5] step 170/1134 loss=0.007
  [epoch 5] step 180/1134 loss=0.003
  [epoch 5] step 190/1134 loss=0.027
  [epoch 5] step 200/1134 loss=0.010
  [epoch 5] step 210/1134 loss=0.026
  [epoch 5] step 220/1134 loss=0.033
  [epoch 5] step 230/1134 loss=0.040
  [epoch 5] step 240/1134 loss=0.012
  [epoch 5] step 250/1134 loss=0.028
  [epoch 5] step 260/1134 loss=0.004
  [epoch 5] step 270/1134 loss=0.020
  [epoch 5] step 280/1134 loss=0.003
  [epoch 5] step 290/1134 loss=0.047
  [epoch 5] step 300/1134 loss=0.012
  [epoch 5] step 310/1134 loss=0.068
  [epoch 5] step 320/1134 loss=0.030
  [epoch 5] step 330/1134 loss=0.006
  [epoch 5] step 340/1134 loss=0.002
  [epoch 5] step 350/1134 loss=0.077
  [epoch 5] step 360/1134 loss=0.033
  [epoch 5] step 370/1134 loss=0.042
  [epoch 5] step 380/1134 loss=0.014
  [epoch 5] step 390/1134 loss=0.053
  [epoch 5] step 400/1134 loss=0.039
  [epoch 5] step 410/1134 loss=0.006
  [epoch 5] step 420/1134 loss=0.010
  [epoch 5] step 430/1134 loss=0.013
  [epoch 5] step 440/1134 loss=0.031
  [epoch 5] step 450/1134 loss=0.005
  [epoch 5] step 460/1134 loss=0.015
  [epoch 5] step 470/1134 loss=0.018
  [epoch 5] step 480/1134 loss=0.016
  [epoch 5] step 490/1134 loss=0.011
  [epoch 5] step 500/1134 loss=0.042
  [epoch 5] step 510/1134 loss=0.035
  [epoch 5] step 520/1134 loss=0.048
  [epoch 5] step 530/1134 loss=0.014
  [epoch 5] step 540/1134 loss=0.007
  [epoch 5] step 550/1134 loss=0.015
  [epoch 5] step 560/1134 loss=0.042
  [epoch 5] step 570/1134 loss=0.021
  [epoch 5] step 580/1134 loss=0.016
  [epoch 5] step 590/1134 loss=0.012
  [epoch 5] step 600/1134 loss=0.040
  [epoch 5] step 610/1134 loss=0.015
  [epoch 5] step 620/1134 loss=0.010
  [epoch 5] step 630/1134 loss=0.026
  [epoch 5] step 640/1134 loss=0.017
  [epoch 5] step 650/1134 loss=0.022
  [epoch 5] step 660/1134 loss=0.007
  [epoch 5] step 670/1134 loss=0.054
  [epoch 5] step 680/1134 loss=0.024
  [epoch 5] step 690/1134 loss=0.015
  [epoch 5] step 700/1134 loss=0.026
  [epoch 5] step 710/1134 loss=0.031
  [epoch 5] step 720/1134 loss=0.028
  [epoch 5] step 730/1134 loss=0.040
  [epoch 5] step 740/1134 loss=0.025
  [epoch 5] step 750/1134 loss=0.004
  [epoch 5] step 760/1134 loss=0.027
  [epoch 5] step 770/1134 loss=0.026
  [epoch 5] step 780/1134 loss=0.121
  [epoch 5] step 790/1134 loss=0.039
  [epoch 5] step 800/1134 loss=0.052
  [epoch 5] step 810/1134 loss=0.022
  [epoch 5] step 820/1134 loss=0.015
  [epoch 5] step 830/1134 loss=0.016
  [epoch 5] step 840/1134 loss=0.003
  [epoch 5] step 850/1134 loss=0.004
  [epoch 5] step 860/1134 loss=0.023
  [epoch 5] step 870/1134 loss=0.026
  [epoch 5] step 880/1134 loss=0.029
  [epoch 5] step 890/1134 loss=0.024
  [epoch 5] step 900/1134 loss=0.020
  [epoch 5] step 910/1134 loss=0.001
  [epoch 5] step 920/1134 loss=0.006
  [epoch 5] step 930/1134 loss=0.007
  [epoch 5] step 940/1134 loss=0.025
  [epoch 5] step 950/1134 loss=0.032
  [epoch 5] step 960/1134 loss=0.039
  [epoch 5] step 970/1134 loss=0.017
  [epoch 5] step 980/1134 loss=0.022
  [epoch 5] step 990/1134 loss=0.049
  [epoch 5] step 1000/1134 loss=0.009
  [epoch 5] step 1010/1134 loss=0.017
  [epoch 5] step 1020/1134 loss=0.056
  [epoch 5] step 1030/1134 loss=0.010
  [epoch 5] step 1040/1134 loss=0.048
  [epoch 5] step 1050/1134 loss=0.004
  [epoch 5] step 1060/1134 loss=0.014
  [epoch 5] step 1070/1134 loss=0.013
  [epoch 5] step 1080/1134 loss=0.022
  [epoch 5] step 1090/1134 loss=0.025
  [epoch 5] step 1100/1134 loss=0.045
  [epoch 5] step 1110/1134 loss=0.005
  [epoch 5] step 1120/1134 loss=0.010
  [epoch 5] step 1130/1134 loss=0.011
  [epoch 6] step 10/1134 loss=0.046
  [epoch 6] step 20/1134 loss=0.052
  [epoch 6] step 30/1134 loss=0.007
  [epoch 6] step 40/1134 loss=0.003
  [epoch 6] step 50/1134 loss=0.032
  [epoch 6] step 60/1134 loss=0.023
  [epoch 6] step 70/1134 loss=0.032
  [epoch 6] step 80/1134 loss=0.008
  [epoch 6] step 90/1134 loss=0.048
  [epoch 6] step 100/1134 loss=0.001
  [epoch 6] step 110/1134 loss=0.049
  [epoch 6] step 120/1134 loss=0.025
  [epoch 6] step 130/1134 loss=0.018
  [epoch 6] step 140/1134 loss=0.007
  [epoch 6] step 150/1134 loss=0.017
  [epoch 6] step 160/1134 loss=0.023
  [epoch 6] step 170/1134 loss=0.093
  [epoch 6] step 180/1134 loss=0.029
  [epoch 6] step 190/1134 loss=0.043
  [epoch 6] step 200/1134 loss=0.069
  [epoch 6] step 210/1134 loss=0.006
  [epoch 6] step 220/1134 loss=0.038
  [epoch 6] step 230/1134 loss=0.014
  [epoch 6] step 240/1134 loss=0.010
  [epoch 6] step 250/1134 loss=0.019
  [epoch 6] step 260/1134 loss=0.011
  [epoch 6] step 270/1134 loss=0.006
  [epoch 6] step 280/1134 loss=0.029
  [epoch 6] step 290/1134 loss=0.004
  [epoch 6] step 300/1134 loss=0.013
  [epoch 6] step 310/1134 loss=0.084
  [epoch 6] step 320/1134 loss=0.026
  [epoch 6] step 330/1134 loss=0.027
  [epoch 6] step 340/1134 loss=0.015
  [epoch 6] step 350/1134 loss=0.002
  [epoch 6] step 360/1134 loss=0.011
  [epoch 6] step 370/1134 loss=0.032
  [epoch 6] step 380/1134 loss=0.026
  [epoch 6] step 390/1134 loss=0.034
  [epoch 6] step 400/1134 loss=0.032
  [epoch 6] step 410/1134 loss=0.098
  [epoch 6] step 420/1134 loss=0.010
  [epoch 6] step 430/1134 loss=0.070
  [epoch 6] step 440/1134 loss=0.018
  [epoch 6] step 450/1134 loss=0.019
  [epoch 6] step 460/1134 loss=0.012
  [epoch 6] step 470/1134 loss=0.023
  [epoch 6] step 480/1134 loss=0.050
  [epoch 6] step 490/1134 loss=0.013
  [epoch 6] step 500/1134 loss=0.088
  [epoch 6] step 510/1134 loss=0.028
  [epoch 6] step 520/1134 loss=0.006
  [epoch 6] step 530/1134 loss=0.043
  [epoch 6] step 540/1134 loss=0.046
  [epoch 6] step 550/1134 loss=0.026
  [epoch 6] step 560/1134 loss=0.030
  [epoch 6] step 570/1134 loss=0.020
  [epoch 6] step 580/1134 loss=0.013
  [epoch 6] step 590/1134 loss=0.035
  [epoch 6] step 600/1134 loss=0.024
  [epoch 6] step 610/1134 loss=0.004
  [epoch 6] step 620/1134 loss=0.010
  [epoch 6] step 630/1134 loss=0.020
  [epoch 6] step 640/1134 loss=0.041
  [epoch 6] step 650/1134 loss=0.037
  [epoch 6] step 660/1134 loss=0.043
  [epoch 6] step 670/1134 loss=0.024
  [epoch 6] step 680/1134 loss=0.045
  [epoch 6] step 690/1134 loss=0.015
  [epoch 6] step 700/1134 loss=0.008
  [epoch 6] step 710/1134 loss=0.003
  [epoch 6] step 720/1134 loss=0.022
  [epoch 6] step 730/1134 loss=0.012
  [epoch 6] step 740/1134 loss=0.007
  [epoch 6] step 750/1134 loss=0.009
  [epoch 6] step 760/1134 loss=0.015
  [epoch 6] step 770/1134 loss=0.037
  [epoch 6] step 780/1134 loss=0.007
  [epoch 6] step 790/1134 loss=0.009
  [epoch 6] step 800/1134 loss=0.021
  [epoch 6] step 810/1134 loss=0.038
  [epoch 6] step 820/1134 loss=0.019
  [epoch 6] step 830/1134 loss=0.024
  [epoch 6] step 840/1134 loss=0.007
  [epoch 6] step 850/1134 loss=0.028
  [epoch 6] step 860/1134 loss=0.021
  [epoch 6] step 870/1134 loss=0.008
  [epoch 6] step 880/1134 loss=0.018
  [epoch 6] step 890/1134 loss=0.029
  [epoch 6] step 900/1134 loss=0.054
  [epoch 6] step 910/1134 loss=0.007
  [epoch 6] step 920/1134 loss=0.039
  [epoch 6] step 930/1134 loss=0.005
  [epoch 6] step 940/1134 loss=0.027
  [epoch 6] step 950/1134 loss=0.004
  [epoch 6] step 960/1134 loss=0.005
  [epoch 6] step 970/1134 loss=0.002
  [epoch 6] step 980/1134 loss=0.019
  [epoch 6] step 990/1134 loss=0.005
  [epoch 6] step 1000/1134 loss=0.042
  [epoch 6] step 1010/1134 loss=0.003
  [epoch 6] step 1020/1134 loss=0.010
  [epoch 6] step 1030/1134 loss=0.009
  [epoch 6] step 1040/1134 loss=0.025
  [epoch 6] step 1050/1134 loss=0.014
  [epoch 6] step 1060/1134 loss=0.032
  [epoch 6] step 1070/1134 loss=0.032
  [epoch 6] step 1080/1134 loss=0.038
  [epoch 6] step 1090/1134 loss=0.034
  [epoch 6] step 1100/1134 loss=0.003
  [epoch 6] step 1110/1134 loss=0.018
  [epoch 6] step 1120/1134 loss=0.019
  [epoch 6] step 1130/1134 loss=0.016
  [epoch 7] step 10/1134 loss=0.031
  [epoch 7] step 20/1134 loss=0.013
  [epoch 7] step 30/1134 loss=0.059
  [epoch 7] step 40/1134 loss=0.009
  [epoch 7] step 50/1134 loss=0.044
  [epoch 7] step 60/1134 loss=0.098
  [epoch 7] step 70/1134 loss=0.018
  [epoch 7] step 80/1134 loss=0.063
  [epoch 7] step 90/1134 loss=0.015
  [epoch 7] step 100/1134 loss=0.012
  [epoch 7] step 110/1134 loss=0.021
  [epoch 7] step 120/1134 loss=0.069
  [epoch 7] step 130/1134 loss=0.023
  [epoch 7] step 140/1134 loss=0.001
  [epoch 7] step 150/1134 loss=0.015
  [epoch 7] step 160/1134 loss=0.023
  [epoch 7] step 170/1134 loss=0.055
  [epoch 7] step 180/1134 loss=0.077
  [epoch 7] step 190/1134 loss=0.041
  [epoch 7] step 200/1134 loss=0.012
  [epoch 7] step 210/1134 loss=0.022
  [epoch 7] step 220/1134 loss=0.012
  [epoch 7] step 230/1134 loss=0.021
  [epoch 7] step 240/1134 loss=0.004
  [epoch 7] step 250/1134 loss=0.026
  [epoch 7] step 260/1134 loss=0.022
  [epoch 7] step 270/1134 loss=0.013
  [epoch 7] step 280/1134 loss=0.010
  [epoch 7] step 290/1134 loss=0.030
  [epoch 7] step 300/1134 loss=0.046
  [epoch 7] step 310/1134 loss=0.017
  [epoch 7] step 320/1134 loss=0.014
  [epoch 7] step 330/1134 loss=0.007
  [epoch 7] step 340/1134 loss=0.022
  [epoch 7] step 350/1134 loss=0.016
  [epoch 7] step 360/1134 loss=0.049
  [epoch 7] step 370/1134 loss=0.012
  [epoch 7] step 380/1134 loss=0.076
  [epoch 7] step 390/1134 loss=0.025
  [epoch 7] step 400/1134 loss=0.062
  [epoch 7] step 410/1134 loss=0.012
  [epoch 7] step 420/1134 loss=0.011
  [epoch 7] step 430/1134 loss=0.014
  [epoch 7] step 440/1134 loss=0.124
  [epoch 7] step 450/1134 loss=0.042
  [epoch 7] step 460/1134 loss=0.006
  [epoch 7] step 470/1134 loss=0.015
  [epoch 7] step 480/1134 loss=0.021
  [epoch 7] step 490/1134 loss=0.008
  [epoch 7] step 500/1134 loss=0.039
  [epoch 7] step 510/1134 loss=0.012
  [epoch 7] step 520/1134 loss=0.001
  [epoch 7] step 530/1134 loss=0.019
  [epoch 7] step 540/1134 loss=0.032
  [epoch 7] step 550/1134 loss=0.008
  [epoch 7] step 560/1134 loss=0.013
  [epoch 7] step 570/1134 loss=0.021
  [epoch 7] step 580/1134 loss=0.048
  [epoch 7] step 590/1134 loss=0.011
  [epoch 7] step 600/1134 loss=0.055
  [epoch 7] step 610/1134 loss=0.036
  [epoch 7] step 620/1134 loss=0.039
  [epoch 7] step 630/1134 loss=0.073
  [epoch 7] step 640/1134 loss=0.014
  [epoch 7] step 650/1134 loss=0.010
  [epoch 7] step 660/1134 loss=0.003
  [epoch 7] step 670/1134 loss=0.021
  [epoch 7] step 680/1134 loss=0.032
  [epoch 7] step 690/1134 loss=0.009
  [epoch 7] step 700/1134 loss=0.013
  [epoch 7] step 710/1134 loss=0.027
  [epoch 7] step 720/1134 loss=0.010
  [epoch 7] step 730/1134 loss=0.011
  [epoch 7] step 740/1134 loss=0.013
  [epoch 7] step 750/1134 loss=0.014
  [epoch 7] step 760/1134 loss=0.024
  [epoch 7] step 770/1134 loss=0.007
  [epoch 7] step 780/1134 loss=0.034
  [epoch 7] step 790/1134 loss=0.029
  [epoch 7] step 800/1134 loss=0.008
  [epoch 7] step 810/1134 loss=0.005
  [epoch 7] step 820/1134 loss=0.012
  [epoch 7] step 830/1134 loss=0.027
  [epoch 7] step 840/1134 loss=0.008
  [epoch 7] step 850/1134 loss=0.028
  [epoch 7] step 860/1134 loss=0.070
  [epoch 7] step 870/1134 loss=0.049
  [epoch 7] step 880/1134 loss=0.023
  [epoch 7] step 890/1134 loss=0.178
  [epoch 7] step 900/1134 loss=0.009
  [epoch 7] step 910/1134 loss=0.004
  [epoch 7] step 920/1134 loss=0.094
  [epoch 7] step 930/1134 loss=0.015
  [epoch 7] step 940/1134 loss=0.025
  [epoch 7] step 950/1134 loss=0.024
  [epoch 7] step 960/1134 loss=0.013
  [epoch 7] step 970/1134 loss=0.018
  [epoch 7] step 980/1134 loss=0.008
  [epoch 7] step 990/1134 loss=0.026
  [epoch 7] step 1000/1134 loss=0.004
  [epoch 7] step 1010/1134 loss=0.001
  [epoch 7] step 1020/1134 loss=0.033
  [epoch 7] step 1030/1134 loss=0.052
  [epoch 7] step 1040/1134 loss=0.050
  [epoch 7] step 1050/1134 loss=0.071
  [epoch 7] step 1060/1134 loss=0.027
  [epoch 7] step 1070/1134 loss=0.026
  [epoch 7] step 1080/1134 loss=0.007
  [epoch 7] step 1090/1134 loss=0.010
  [epoch 7] step 1100/1134 loss=0.003
  [epoch 7] step 1110/1134 loss=0.034
  [epoch 7] step 1120/1134 loss=0.022
  [epoch 7] step 1130/1134 loss=0.017
  [epoch 8] step 10/1134 loss=0.041
  [epoch 8] step 20/1134 loss=0.014
  [epoch 8] step 30/1134 loss=0.003
  [epoch 8] step 40/1134 loss=0.018
  [epoch 8] step 50/1134 loss=0.016
  [epoch 8] step 60/1134 loss=0.031
  [epoch 8] step 70/1134 loss=0.006
  [epoch 8] step 80/1134 loss=0.019
  [epoch 8] step 90/1134 loss=0.013
  [epoch 8] step 100/1134 loss=0.054
  [epoch 8] step 110/1134 loss=0.041
  [epoch 8] step 120/1134 loss=0.073
  [epoch 8] step 130/1134 loss=0.011
  [epoch 8] step 140/1134 loss=0.048
  [epoch 8] step 150/1134 loss=0.008
  [epoch 8] step 160/1134 loss=0.001
  [epoch 8] step 170/1134 loss=0.001
  [epoch 8] step 180/1134 loss=0.006
  [epoch 8] step 190/1134 loss=0.012
  [epoch 8] step 200/1134 loss=0.012
  [epoch 8] step 210/1134 loss=0.072
  [epoch 8] step 220/1134 loss=0.030
  [epoch 8] step 230/1134 loss=0.068
  [epoch 8] step 240/1134 loss=0.004
  [epoch 8] step 250/1134 loss=0.026
  [epoch 8] step 260/1134 loss=0.009
  [epoch 8] step 270/1134 loss=0.058
  [epoch 8] step 280/1134 loss=0.011
  [epoch 8] step 290/1134 loss=0.027
  [epoch 8] step 300/1134 loss=0.030
  [epoch 8] step 310/1134 loss=0.023
  [epoch 8] step 320/1134 loss=0.008
  [epoch 8] step 330/1134 loss=0.012
  [epoch 8] step 340/1134 loss=0.006
  [epoch 8] step 350/1134 loss=0.026
  [epoch 8] step 360/1134 loss=0.032
  [epoch 8] step 370/1134 loss=0.011
  [epoch 8] step 380/1134 loss=0.013
  [epoch 8] step 390/1134 loss=0.004
  [epoch 8] step 400/1134 loss=0.065
  [epoch 8] step 410/1134 loss=0.030
  [epoch 8] step 420/1134 loss=0.027
  [epoch 8] step 430/1134 loss=0.032
  [epoch 8] step 440/1134 loss=0.021
  [epoch 8] step 450/1134 loss=0.005
  [epoch 8] step 460/1134 loss=0.011
  [epoch 8] step 470/1134 loss=0.039
  [epoch 8] step 480/1134 loss=0.047
  [epoch 8] step 490/1134 loss=0.039
  [epoch 8] step 500/1134 loss=0.005
  [epoch 8] step 510/1134 loss=0.036
  [epoch 8] step 520/1134 loss=0.012
  [epoch 8] step 530/1134 loss=0.024
  [epoch 8] step 540/1134 loss=0.003
  [epoch 8] step 550/1134 loss=0.010
  [epoch 8] step 560/1134 loss=0.020
  [epoch 8] step 570/1134 loss=0.032
  [epoch 8] step 580/1134 loss=0.020
  [epoch 8] step 590/1134 loss=0.026
  [epoch 8] step 600/1134 loss=0.012
  [epoch 8] step 610/1134 loss=0.003
  [epoch 8] step 620/1134 loss=0.008
  [epoch 8] step 630/1134 loss=0.003
  [epoch 8] step 640/1134 loss=0.008
  [epoch 8] step 650/1134 loss=0.015
  [epoch 8] step 660/1134 loss=0.019
  [epoch 8] step 670/1134 loss=0.025
  [epoch 8] step 680/1134 loss=0.003
  [epoch 8] step 690/1134 loss=0.002
  [epoch 8] step 700/1134 loss=0.028
  [epoch 8] step 710/1134 loss=0.038
  [epoch 8] step 720/1134 loss=0.005
  [epoch 8] step 730/1134 loss=0.018
  [epoch 8] step 740/1134 loss=0.006
  [epoch 8] step 750/1134 loss=0.030
  [epoch 8] step 760/1134 loss=0.011
  [epoch 8] step 770/1134 loss=0.011
  [epoch 8] step 780/1134 loss=0.009
  [epoch 8] step 790/1134 loss=0.018
  [epoch 8] step 800/1134 loss=0.010
  [epoch 8] step 810/1134 loss=0.008
  [epoch 8] step 820/1134 loss=0.007
  [epoch 8] step 830/1134 loss=0.017
  [epoch 8] step 840/1134 loss=0.016
  [epoch 8] step 850/1134 loss=0.002
  [epoch 8] step 860/1134 loss=0.033
  [epoch 8] step 870/1134 loss=0.013
  [epoch 8] step 880/1134 loss=0.018
  [epoch 8] step 890/1134 loss=0.024
  [epoch 8] step 900/1134 loss=0.009
  [epoch 8] step 910/1134 loss=0.012
  [epoch 8] step 920/1134 loss=0.013
  [epoch 8] step 930/1134 loss=0.024
  [epoch 8] step 940/1134 loss=0.036
  [epoch 8] step 950/1134 loss=0.032
  [epoch 8] step 960/1134 loss=0.010
  [epoch 8] step 970/1134 loss=0.020
  [epoch 8] step 980/1134 loss=0.005
  [epoch 8] step 990/1134 loss=0.025
  [epoch 8] step 1000/1134 loss=0.002
  [epoch 8] step 1010/1134 loss=0.012
  [epoch 8] step 1020/1134 loss=0.015
  [epoch 8] step 1030/1134 loss=0.023
  [epoch 8] step 1040/1134 loss=0.025
  [epoch 8] step 1050/1134 loss=0.015
  [epoch 8] step 1060/1134 loss=0.006
  [epoch 8] step 1070/1134 loss=0.022
  [epoch 8] step 1080/1134 loss=0.067
  [epoch 8] step 1090/1134 loss=0.009
  [epoch 8] step 1100/1134 loss=0.009
  [epoch 8] step 1110/1134 loss=0.027
  [epoch 8] step 1120/1134 loss=0.066
  [epoch 8] step 1130/1134 loss=0.011
  [epoch 9] step 10/1134 loss=0.028
  [epoch 9] step 20/1134 loss=0.014
  [epoch 9] step 30/1134 loss=0.014
  [epoch 9] step 40/1134 loss=0.004
  [epoch 9] step 50/1134 loss=0.042
  [epoch 9] step 60/1134 loss=0.013
  [epoch 9] step 70/1134 loss=0.032
  [epoch 9] step 80/1134 loss=0.008
  [epoch 9] step 90/1134 loss=0.024
  [epoch 9] step 100/1134 loss=0.001
  [epoch 9] step 110/1134 loss=0.030
  [epoch 9] step 120/1134 loss=0.007
  [epoch 9] step 130/1134 loss=0.005
  [epoch 9] step 140/1134 loss=0.017
  [epoch 9] step 150/1134 loss=0.006
  [epoch 9] step 160/1134 loss=0.011
  [epoch 9] step 170/1134 loss=0.024
  [epoch 9] step 180/1134 loss=0.004
  [epoch 9] step 190/1134 loss=0.009
  [epoch 9] step 200/1134 loss=0.012
  [epoch 9] step 210/1134 loss=0.035
  [epoch 9] step 220/1134 loss=0.020
  [epoch 9] step 230/1134 loss=0.004
  [epoch 9] step 240/1134 loss=0.008
  [epoch 9] step 250/1134 loss=0.008
  [epoch 9] step 260/1134 loss=0.016
  [epoch 9] step 270/1134 loss=0.019
  [epoch 9] step 280/1134 loss=0.047
  [epoch 9] step 290/1134 loss=0.035
  [epoch 9] step 300/1134 loss=0.039
  [epoch 9] step 310/1134 loss=0.010
  [epoch 9] step 320/1134 loss=0.050
  [epoch 9] step 330/1134 loss=0.020
  [epoch 9] step 340/1134 loss=0.018
  [epoch 9] step 350/1134 loss=0.011
  [epoch 9] step 360/1134 loss=0.016
  [epoch 9] step 370/1134 loss=0.005
  [epoch 9] step 380/1134 loss=0.061
  [epoch 9] step 390/1134 loss=0.018
  [epoch 9] step 400/1134 loss=0.011
  [epoch 9] step 410/1134 loss=0.021
  [epoch 9] step 420/1134 loss=0.016
  [epoch 9] step 430/1134 loss=0.005
  [epoch 9] step 440/1134 loss=0.028
  [epoch 9] step 450/1134 loss=0.005
  [epoch 9] step 460/1134 loss=0.026
  [epoch 9] step 470/1134 loss=0.012
  [epoch 9] step 480/1134 loss=0.022
  [epoch 9] step 490/1134 loss=0.039
  [epoch 9] step 500/1134 loss=0.004
  [epoch 9] step 510/1134 loss=0.031
  [epoch 9] step 520/1134 loss=0.066
  [epoch 9] step 530/1134 loss=0.006
  [epoch 9] step 540/1134 loss=0.012
  [epoch 9] step 550/1134 loss=0.014
  [epoch 9] step 560/1134 loss=0.007
  [epoch 9] step 570/1134 loss=0.017
  [epoch 9] step 580/1134 loss=0.038
  [epoch 9] step 590/1134 loss=0.026
  [epoch 9] step 600/1134 loss=0.004
  [epoch 9] step 610/1134 loss=0.021
  [epoch 9] step 620/1134 loss=0.019
  [epoch 9] step 630/1134 loss=0.018
  [epoch 9] step 640/1134 loss=0.034
  [epoch 9] step 650/1134 loss=0.025
  [epoch 9] step 660/1134 loss=0.050
  [epoch 9] step 670/1134 loss=0.011
  [epoch 9] step 680/1134 loss=0.011
  [epoch 9] step 690/1134 loss=0.019
  [epoch 9] step 700/1134 loss=0.032
  [epoch 9] step 710/1134 loss=0.004
  [epoch 9] step 720/1134 loss=0.011
  [epoch 9] step 730/1134 loss=0.016
  [epoch 9] step 740/1134 loss=0.014
  [epoch 9] step 750/1134 loss=0.005
  [epoch 9] step 760/1134 loss=0.010
  [epoch 9] step 770/1134 loss=0.011
  [epoch 9] step 780/1134 loss=0.032
  [epoch 9] step 790/1134 loss=0.019
  [epoch 9] step 800/1134 loss=0.108
  [epoch 9] step 810/1134 loss=0.006
  [epoch 9] step 820/1134 loss=0.003
  [epoch 9] step 830/1134 loss=0.069
  [epoch 9] step 840/1134 loss=0.007
  [epoch 9] step 850/1134 loss=0.019
  [epoch 9] step 860/1134 loss=0.018
  [epoch 9] step 870/1134 loss=0.011
  [epoch 9] step 880/1134 loss=0.012
  [epoch 9] step 890/1134 loss=0.007
  [epoch 9] step 900/1134 loss=0.016
  [epoch 9] step 910/1134 loss=0.009
  [epoch 9] step 920/1134 loss=0.022
  [epoch 9] step 930/1134 loss=0.002
  [epoch 9] step 940/1134 loss=0.025
  [epoch 9] step 950/1134 loss=0.013
  [epoch 9] step 960/1134 loss=0.030
  [epoch 9] step 970/1134 loss=0.016
  [epoch 9] step 980/1134 loss=0.040
  [epoch 9] step 990/1134 loss=0.018
  [epoch 9] step 1000/1134 loss=0.019
  [epoch 9] step 1010/1134 loss=0.018
  [epoch 9] step 1020/1134 loss=0.075
  [epoch 9] step 1030/1134 loss=0.031
  [epoch 9] step 1040/1134 loss=0.026
  [epoch 9] step 1050/1134 loss=0.033
  [epoch 9] step 1060/1134 loss=0.009
  [epoch 9] step 1070/1134 loss=0.007
  [epoch 9] step 1080/1134 loss=0.026
  [epoch 9] step 1090/1134 loss=0.023
  [epoch 9] step 1100/1134 loss=0.033
  [epoch 9] step 1110/1134 loss=0.004
  [epoch 9] step 1120/1134 loss=0.012
  [epoch 9] step 1130/1134 loss=0.004
  [epoch 10] step 10/1134 loss=0.067
  [epoch 10] step 20/1134 loss=0.010
  [epoch 10] step 30/1134 loss=0.066
  [epoch 10] step 40/1134 loss=0.012
  [epoch 10] step 50/1134 loss=0.002
  [epoch 10] step 60/1134 loss=0.017
  [epoch 10] step 70/1134 loss=0.020
  [epoch 10] step 80/1134 loss=0.035
  [epoch 10] step 90/1134 loss=0.023
  [epoch 10] step 100/1134 loss=0.048
  [epoch 10] step 110/1134 loss=0.009
  [epoch 10] step 120/1134 loss=0.028
  [epoch 10] step 130/1134 loss=0.009
  [epoch 10] step 140/1134 loss=0.048
  [epoch 10] step 150/1134 loss=0.011
  [epoch 10] step 160/1134 loss=0.018
  [epoch 10] step 170/1134 loss=0.009
  [epoch 10] step 180/1134 loss=0.011
  [epoch 10] step 190/1134 loss=0.035
  [epoch 10] step 200/1134 loss=0.024
  [epoch 10] step 210/1134 loss=0.019
  [epoch 10] step 220/1134 loss=0.022
  [epoch 10] step 230/1134 loss=0.005
  [epoch 10] step 240/1134 loss=0.105
  [epoch 10] step 250/1134 loss=0.018
  [epoch 10] step 260/1134 loss=0.003
  [epoch 10] step 270/1134 loss=0.057
  [epoch 10] step 280/1134 loss=0.009
  [epoch 10] step 290/1134 loss=0.003
  [epoch 10] step 300/1134 loss=0.019
  [epoch 10] step 310/1134 loss=0.049
  [epoch 10] step 320/1134 loss=0.004
  [epoch 10] step 330/1134 loss=0.006
  [epoch 10] step 340/1134 loss=0.003
  [epoch 10] step 350/1134 loss=0.023
  [epoch 10] step 360/1134 loss=0.013
  [epoch 10] step 370/1134 loss=0.022
  [epoch 10] step 380/1134 loss=0.030
  [epoch 10] step 390/1134 loss=0.006
  [epoch 10] step 400/1134 loss=0.026
  [epoch 10] step 410/1134 loss=0.034
  [epoch 10] step 420/1134 loss=0.010
  [epoch 10] step 430/1134 loss=0.052
  [epoch 10] step 440/1134 loss=0.006
  [epoch 10] step 450/1134 loss=0.011
  [epoch 10] step 460/1134 loss=0.012
  [epoch 10] step 470/1134 loss=0.014
  [epoch 10] step 480/1134 loss=0.010
  [epoch 10] step 490/1134 loss=0.098
  [epoch 10] step 500/1134 loss=0.012
  [epoch 10] step 510/1134 loss=0.021
  [epoch 10] step 520/1134 loss=0.006
  [epoch 10] step 530/1134 loss=0.015
  [epoch 10] step 540/1134 loss=0.030
  [epoch 10] step 550/1134 loss=0.012
  [epoch 10] step 560/1134 loss=0.005
  [epoch 10] step 570/1134 loss=0.020
  [epoch 10] step 580/1134 loss=0.040
  [epoch 10] step 590/1134 loss=0.011
  [epoch 10] step 600/1134 loss=0.142
  [epoch 10] step 610/1134 loss=0.013
  [epoch 10] step 620/1134 loss=0.041
  [epoch 10] step 630/1134 loss=0.035
  [epoch 10] step 640/1134 loss=0.005
  [epoch 10] step 650/1134 loss=0.002
  [epoch 10] step 660/1134 loss=0.010
  [epoch 10] step 670/1134 loss=0.048
  [epoch 10] step 680/1134 loss=0.018
  [epoch 10] step 690/1134 loss=0.008
  [epoch 10] step 700/1134 loss=0.026
  [epoch 10] step 710/1134 loss=0.011
  [epoch 10] step 720/1134 loss=0.010
  [epoch 10] step 730/1134 loss=0.007
  [epoch 10] step 740/1134 loss=0.005
  [epoch 10] step 750/1134 loss=0.004
  [epoch 10] step 760/1134 loss=0.010
  [epoch 10] step 770/1134 loss=0.009
  [epoch 10] step 780/1134 loss=0.043
  [epoch 10] step 790/1134 loss=0.014
  [epoch 10] step 800/1134 loss=0.018
  [epoch 10] step 810/1134 loss=0.003
  [epoch 10] step 820/1134 loss=0.041
  [epoch 10] step 830/1134 loss=0.011
  [epoch 10] step 840/1134 loss=0.052
  [epoch 10] step 850/1134 loss=0.012
  [epoch 10] step 860/1134 loss=0.010
  [epoch 10] step 870/1134 loss=0.002
  [epoch 10] step 880/1134 loss=0.019
  [epoch 10] step 890/1134 loss=0.020
  [epoch 10] step 900/1134 loss=0.012
  [epoch 10] step 910/1134 loss=0.005
  [epoch 10] step 920/1134 loss=0.021
  [epoch 10] step 930/1134 loss=0.010
  [epoch 10] step 940/1134 loss=0.006
  [epoch 10] step 950/1134 loss=0.011
  [epoch 10] step 960/1134 loss=0.015
  [epoch 10] step 970/1134 loss=0.009
  [epoch 10] step 980/1134 loss=0.011
  [epoch 10] step 990/1134 loss=0.001
  [epoch 10] step 1000/1134 loss=0.014
  [epoch 10] step 1010/1134 loss=0.131
  [epoch 10] step 1020/1134 loss=0.001
  [epoch 10] step 1030/1134 loss=0.005
  [epoch 10] step 1040/1134 loss=0.013
  [epoch 10] step 1050/1134 loss=0.028
  [epoch 10] step 1060/1134 loss=0.015
  [epoch 10] step 1070/1134 loss=0.004
  [epoch 10] step 1080/1134 loss=0.027
  [epoch 10] step 1090/1134 loss=0.019
  [epoch 10] step 1100/1134 loss=0.008
  [epoch 10] step 1110/1134 loss=0.002
  [epoch 10] step 1120/1134 loss=0.018
  [epoch 10] step 1130/1134 loss=0.036
SROCC=0.6716 PLCC=0.6271 OBJ=1.2987
  -> 新 best (OBJ=1.2987)，权重已保存

===== 轮次 2/5 | B.1 伪标签生成 =====
  [epoch 1] step 10/794 loss=0.025
  [epoch 1] step 20/794 loss=0.042
  [epoch 1] step 30/794 loss=0.059
  [epoch 1] step 40/794 loss=0.015
  [epoch 1] step 50/794 loss=0.075
  [epoch 1] step 60/794 loss=0.018
  [epoch 1] step 70/794 loss=0.017
  [epoch 1] step 80/794 loss=0.022
  [epoch 1] step 90/794 loss=0.010
  [epoch 1] step 100/794 loss=0.002
  [epoch 1] step 110/794 loss=0.002
  [epoch 1] step 120/794 loss=0.006
  [epoch 1] step 130/794 loss=0.039
  [epoch 1] step 140/794 loss=0.006
  [epoch 1] step 150/794 loss=0.061
  [epoch 1] step 160/794 loss=0.011
  [epoch 1] step 170/794 loss=0.035
  [epoch 1] step 180/794 loss=0.005
  [epoch 1] step 190/794 loss=0.052
  [epoch 1] step 200/794 loss=0.025
  [epoch 1] step 210/794 loss=0.006
  [epoch 1] step 220/794 loss=0.001
  [epoch 1] step 230/794 loss=0.025
  [epoch 1] step 240/794 loss=0.034
  [epoch 1] step 250/794 loss=0.050
  [epoch 1] step 260/794 loss=0.025
  [epoch 1] step 270/794 loss=0.065
  [epoch 1] step 280/794 loss=0.081
  [epoch 1] step 290/794 loss=0.010
  [epoch 1] step 300/794 loss=0.022
  [epoch 1] step 310/794 loss=0.047
  [epoch 1] step 320/794 loss=0.010
  [epoch 1] step 330/794 loss=0.021
  [epoch 1] step 340/794 loss=0.010
  [epoch 1] step 350/794 loss=0.056
  [epoch 1] step 360/794 loss=0.002
  [epoch 1] step 370/794 loss=0.004
  [epoch 1] step 380/794 loss=0.043
  [epoch 1] step 390/794 loss=0.066
  [epoch 1] step 400/794 loss=0.103
  [epoch 1] step 410/794 loss=0.017
  [epoch 1] step 420/794 loss=0.043
  [epoch 1] step 430/794 loss=0.150
  [epoch 1] step 440/794 loss=0.065
  [epoch 1] step 450/794 loss=0.006
  [epoch 1] step 460/794 loss=0.030
  [epoch 1] step 470/794 loss=0.021
  [epoch 1] step 480/794 loss=0.105
  [epoch 1] step 490/794 loss=0.012
  [epoch 1] step 500/794 loss=0.116
  [epoch 1] step 510/794 loss=0.057
  [epoch 1] step 520/794 loss=0.055
  [epoch 1] step 530/794 loss=0.030
  [epoch 1] step 540/794 loss=0.004
  [epoch 1] step 550/794 loss=0.054
  [epoch 1] step 560/794 loss=0.048
  [epoch 1] step 570/794 loss=0.030
  [epoch 1] step 580/794 loss=0.104
  [epoch 1] step 590/794 loss=0.024
  [epoch 1] step 600/794 loss=0.013
  [epoch 1] step 610/794 loss=0.016
  [epoch 1] step 620/794 loss=0.017
  [epoch 1] step 630/794 loss=0.079
  [epoch 1] step 640/794 loss=0.007
  [epoch 1] step 650/794 loss=0.049
  [epoch 1] step 660/794 loss=0.032
  [epoch 1] step 670/794 loss=0.017
  [epoch 1] step 680/794 loss=0.033
  [epoch 1] step 690/794 loss=0.017
  [epoch 1] step 700/794 loss=0.011
  [epoch 1] step 710/794 loss=0.006
  [epoch 1] step 720/794 loss=0.095
  [epoch 1] step 730/794 loss=0.017
  [epoch 1] step 740/794 loss=0.058
  [epoch 1] step 750/794 loss=0.016
  [epoch 1] step 760/794 loss=0.021
  [epoch 1] step 770/794 loss=0.066
  [epoch 1] step 780/794 loss=0.036
  [epoch 1] step 790/794 loss=0.013
  [epoch 2] step 10/794 loss=0.008
  [epoch 2] step 20/794 loss=0.030
  [epoch 2] step 30/794 loss=0.043
  [epoch 2] step 40/794 loss=0.024
  [epoch 2] step 50/794 loss=0.013
  [epoch 2] step 60/794 loss=0.023
  [epoch 2] step 70/794 loss=0.012
  [epoch 2] step 80/794 loss=0.044
  [epoch 2] step 90/794 loss=0.082
  [epoch 2] step 100/794 loss=0.030
  [epoch 2] step 110/794 loss=0.054
  [epoch 2] step 120/794 loss=0.060
  [epoch 2] step 130/794 loss=0.039
  [epoch 2] step 140/794 loss=0.001
  [epoch 2] step 150/794 loss=0.024
  [epoch 2] step 160/794 loss=0.050
  [epoch 2] step 170/794 loss=0.034
  [epoch 2] step 180/794 loss=0.209
  [epoch 2] step 190/794 loss=0.026
  [epoch 2] step 200/794 loss=0.110
  [epoch 2] step 210/794 loss=0.034
  [epoch 2] step 220/794 loss=0.009
  [epoch 2] step 230/794 loss=0.078
  [epoch 2] step 240/794 loss=0.133
  [epoch 2] step 250/794 loss=0.006
  [epoch 2] step 260/794 loss=0.027
  [epoch 2] step 270/794 loss=0.024
  [epoch 2] step 280/794 loss=0.013
  [epoch 2] step 290/794 loss=0.021
  [epoch 2] step 300/794 loss=0.046
  [epoch 2] step 310/794 loss=0.009
  [epoch 2] step 320/794 loss=0.193
  [epoch 2] step 330/794 loss=0.013
  [epoch 2] step 340/794 loss=0.012
  [epoch 2] step 350/794 loss=0.038
  [epoch 2] step 360/794 loss=0.006
  [epoch 2] step 370/794 loss=0.003
  [epoch 2] step 380/794 loss=0.058
  [epoch 2] step 390/794 loss=0.010
  [epoch 2] step 400/794 loss=0.067
  [epoch 2] step 410/794 loss=0.046
  [epoch 2] step 420/794 loss=0.021
  [epoch 2] step 430/794 loss=0.015
  [epoch 2] step 440/794 loss=0.005
  [epoch 2] step 450/794 loss=0.013
  [epoch 2] step 460/794 loss=0.024
  [epoch 2] step 470/794 loss=0.065
  [epoch 2] step 480/794 loss=0.019
  [epoch 2] step 490/794 loss=0.036
  [epoch 2] step 500/794 loss=0.014
  [epoch 2] step 510/794 loss=0.023
  [epoch 2] step 520/794 loss=0.055
  [epoch 2] step 530/794 loss=0.022
  [epoch 2] step 540/794 loss=0.037
  [epoch 2] step 550/794 loss=0.017
  [epoch 2] step 560/794 loss=0.030
  [epoch 2] step 570/794 loss=0.011
  [epoch 2] step 580/794 loss=0.032
  [epoch 2] step 590/794 loss=0.011
  [epoch 2] step 600/794 loss=0.035
  [epoch 2] step 610/794 loss=0.089
  [epoch 2] step 620/794 loss=0.040
  [epoch 2] step 630/794 loss=0.028
  [epoch 2] step 640/794 loss=0.008
  [epoch 2] step 650/794 loss=0.013
  [epoch 2] step 660/794 loss=0.037
  [epoch 2] step 670/794 loss=0.017
  [epoch 2] step 680/794 loss=0.022
  [epoch 2] step 690/794 loss=0.008
  [epoch 2] step 700/794 loss=0.013
  [epoch 2] step 710/794 loss=0.007
  [epoch 2] step 720/794 loss=0.050
  [epoch 2] step 730/794 loss=0.025
  [epoch 2] step 740/794 loss=0.011
  [epoch 2] step 750/794 loss=0.017
  [epoch 2] step 760/794 loss=0.015
  [epoch 2] step 770/794 loss=0.050
  [epoch 2] step 780/794 loss=0.016
  [epoch 2] step 790/794 loss=0.008
  [epoch 3] step 10/794 loss=0.024
  [epoch 3] step 20/794 loss=0.008
  [epoch 3] step 30/794 loss=0.012
  [epoch 3] step 40/794 loss=0.008
  [epoch 3] step 50/794 loss=0.023
  [epoch 3] step 60/794 loss=0.130
  [epoch 3] step 70/794 loss=0.010
  [epoch 3] step 80/794 loss=0.026
  [epoch 3] step 90/794 loss=0.017
  [epoch 3] step 100/794 loss=0.009
  [epoch 3] step 110/794 loss=0.020
  [epoch 3] step 120/794 loss=0.015
  [epoch 3] step 130/794 loss=0.022
  [epoch 3] step 140/794 loss=0.027
  [epoch 3] step 150/794 loss=0.015
  [epoch 3] step 160/794 loss=0.008
  [epoch 3] step 170/794 loss=0.028
  [epoch 3] step 180/794 loss=0.004
  [epoch 3] step 190/794 loss=0.024
  [epoch 3] step 200/794 loss=0.070
  [epoch 3] step 210/794 loss=0.008
  [epoch 3] step 220/794 loss=0.004
  [epoch 3] step 230/794 loss=0.015
  [epoch 3] step 240/794 loss=0.022
  [epoch 3] step 250/794 loss=0.012
  [epoch 3] step 260/794 loss=0.030
  [epoch 3] step 270/794 loss=0.071
  [epoch 3] step 280/794 loss=0.023
  [epoch 3] step 290/794 loss=0.022
  [epoch 3] step 300/794 loss=0.017
  [epoch 3] step 310/794 loss=0.004
  [epoch 3] step 320/794 loss=0.021
  [epoch 3] step 330/794 loss=0.006
  [epoch 3] step 340/794 loss=0.017
  [epoch 3] step 350/794 loss=0.005
  [epoch 3] step 360/794 loss=0.020
  [epoch 3] step 370/794 loss=0.014
  [epoch 3] step 380/794 loss=0.214
  [epoch 3] step 390/794 loss=0.051
  [epoch 3] step 400/794 loss=0.067
  [epoch 3] step 410/794 loss=0.025
  [epoch 3] step 420/794 loss=0.013
  [epoch 3] step 430/794 loss=0.012
  [epoch 3] step 440/794 loss=0.041
  [epoch 3] step 450/794 loss=0.010
  [epoch 3] step 460/794 loss=0.065
  [epoch 3] step 470/794 loss=0.030
  [epoch 3] step 480/794 loss=0.014
  [epoch 3] step 490/794 loss=0.115
  [epoch 3] step 500/794 loss=0.021
  [epoch 3] step 510/794 loss=0.028
  [epoch 3] step 520/794 loss=0.013
  [epoch 3] step 530/794 loss=0.002
  [epoch 3] step 540/794 loss=0.012
  [epoch 3] step 550/794 loss=0.002
  [epoch 3] step 560/794 loss=0.007
  [epoch 3] step 570/794 loss=0.022
  [epoch 3] step 580/794 loss=0.027
  [epoch 3] step 590/794 loss=0.025
  [epoch 3] step 600/794 loss=0.022
  [epoch 3] step 610/794 loss=0.008
  [epoch 3] step 620/794 loss=0.003
  [epoch 3] step 630/794 loss=0.012
  [epoch 3] step 640/794 loss=0.027
  [epoch 3] step 650/794 loss=0.046
  [epoch 3] step 660/794 loss=0.038
  [epoch 3] step 670/794 loss=0.047
  [epoch 3] step 680/794 loss=0.027
  [epoch 3] step 690/794 loss=0.251
  [epoch 3] step 700/794 loss=0.016
  [epoch 3] step 710/794 loss=0.004
  [epoch 3] step 720/794 loss=0.029
  [epoch 3] step 730/794 loss=0.015
  [epoch 3] step 740/794 loss=0.002
  [epoch 3] step 750/794 loss=0.022
  [epoch 3] step 760/794 loss=0.038
  [epoch 3] step 770/794 loss=0.019
  [epoch 3] step 780/794 loss=0.011
  [epoch 3] step 790/794 loss=0.005
  run 1/5 完成
  [epoch 1] step 10/794 loss=0.015
  [epoch 1] step 20/794 loss=0.011
  [epoch 1] step 30/794 loss=0.049
  [epoch 1] step 40/794 loss=0.064
  [epoch 1] step 50/794 loss=0.008
  [epoch 1] step 60/794 loss=0.016
  [epoch 1] step 70/794 loss=0.003
  [epoch 1] step 80/794 loss=0.022
  [epoch 1] step 90/794 loss=0.080
  [epoch 1] step 100/794 loss=0.063
  [epoch 1] step 110/794 loss=0.033
  [epoch 1] step 120/794 loss=0.040
  [epoch 1] step 130/794 loss=0.003
  [epoch 1] step 140/794 loss=0.015
  [epoch 1] step 150/794 loss=0.037
  [epoch 1] step 160/794 loss=0.011
  [epoch 1] step 170/794 loss=0.041
  [epoch 1] step 180/794 loss=0.010
  [epoch 1] step 190/794 loss=0.004
  [epoch 1] step 200/794 loss=0.021
  [epoch 1] step 210/794 loss=0.019
  [epoch 1] step 220/794 loss=0.011
  [epoch 1] step 230/794 loss=0.027
  [epoch 1] step 240/794 loss=0.007
  [epoch 1] step 250/794 loss=0.013
  [epoch 1] step 260/794 loss=0.021
  [epoch 1] step 270/794 loss=0.007
  [epoch 1] step 280/794 loss=0.036
  [epoch 1] step 290/794 loss=0.027
  [epoch 1] step 300/794 loss=0.002
  [epoch 1] step 310/794 loss=0.028
  [epoch 1] step 320/794 loss=0.025
  [epoch 1] step 330/794 loss=0.013
  [epoch 1] step 340/794 loss=0.013
  [epoch 1] step 350/794 loss=0.005
  [epoch 1] step 360/794 loss=0.013
  [epoch 1] step 370/794 loss=0.025
  [epoch 1] step 380/794 loss=0.103
  [epoch 1] step 390/794 loss=0.039
  [epoch 1] step 400/794 loss=0.008
  [epoch 1] step 410/794 loss=0.165
  [epoch 1] step 420/794 loss=0.049
  [epoch 1] step 430/794 loss=0.012
  [epoch 1] step 440/794 loss=0.038
  [epoch 1] step 450/794 loss=0.030
  [epoch 1] step 460/794 loss=0.017
  [epoch 1] step 470/794 loss=0.098
  [epoch 1] step 480/794 loss=0.020
  [epoch 1] step 490/794 loss=0.017
  [epoch 1] step 500/794 loss=0.003
  [epoch 1] step 510/794 loss=0.056
  [epoch 1] step 520/794 loss=0.005
  [epoch 1] step 530/794 loss=0.033
  [epoch 1] step 540/794 loss=0.013
  [epoch 1] step 550/794 loss=0.170
  [epoch 1] step 560/794 loss=0.021
  [epoch 1] step 570/794 loss=0.076
  [epoch 1] step 580/794 loss=0.008
  [epoch 1] step 590/794 loss=0.072
  [epoch 1] step 600/794 loss=0.025
  [epoch 1] step 610/794 loss=0.054
  [epoch 1] step 620/794 loss=0.085
  [epoch 1] step 630/794 loss=0.024
  [epoch 1] step 640/794 loss=0.095
  [epoch 1] step 650/794 loss=0.019
  [epoch 1] step 660/794 loss=0.061
  [epoch 1] step 670/794 loss=0.081
  [epoch 1] step 680/794 loss=0.025
  [epoch 1] step 690/794 loss=0.006
  [epoch 1] step 700/794 loss=0.004
  [epoch 1] step 710/794 loss=0.019
  [epoch 1] step 720/794 loss=0.079
  [epoch 1] step 730/794 loss=0.301
  [epoch 1] step 740/794 loss=0.003
  [epoch 1] step 750/794 loss=0.012
  [epoch 1] step 760/794 loss=0.036
  [epoch 1] step 770/794 loss=0.035
  [epoch 1] step 780/794 loss=0.015
  [epoch 1] step 790/794 loss=0.018
  [epoch 2] step 10/794 loss=0.007
  [epoch 2] step 20/794 loss=0.135
  [epoch 2] step 30/794 loss=0.007
  [epoch 2] step 40/794 loss=0.001
  [epoch 2] step 50/794 loss=0.006
  [epoch 2] step 60/794 loss=0.037
  [epoch 2] step 70/794 loss=0.101
  [epoch 2] step 80/794 loss=0.032
  [epoch 2] step 90/794 loss=0.040
  [epoch 2] step 100/794 loss=0.015
  [epoch 2] step 110/794 loss=0.072
  [epoch 2] step 120/794 loss=0.015
  [epoch 2] step 130/794 loss=0.040
  [epoch 2] step 140/794 loss=0.012
  [epoch 2] step 150/794 loss=0.247
  [epoch 2] step 160/794 loss=0.014
  [epoch 2] step 170/794 loss=0.009
  [epoch 2] step 180/794 loss=0.012
  [epoch 2] step 190/794 loss=0.013
  [epoch 2] step 200/794 loss=0.029
  [epoch 2] step 210/794 loss=0.008
  [epoch 2] step 220/794 loss=0.050
  [epoch 2] step 230/794 loss=0.021
  [epoch 2] step 240/794 loss=0.033
  [epoch 2] step 250/794 loss=0.100
  [epoch 2] step 260/794 loss=0.040
  [epoch 2] step 270/794 loss=0.019
  [epoch 2] step 280/794 loss=0.008
  [epoch 2] step 290/794 loss=0.009
  [epoch 2] step 300/794 loss=0.008
  [epoch 2] step 310/794 loss=0.028
  [epoch 2] step 320/794 loss=0.025
  [epoch 2] step 330/794 loss=0.026
  [epoch 2] step 340/794 loss=0.106
  [epoch 2] step 350/794 loss=0.016
  [epoch 2] step 360/794 loss=0.039
  [epoch 2] step 370/794 loss=0.020
  [epoch 2] step 380/794 loss=0.050
  [epoch 2] step 390/794 loss=0.037
  [epoch 2] step 400/794 loss=0.049
  [epoch 2] step 410/794 loss=0.016
  [epoch 2] step 420/794 loss=0.053
  [epoch 2] step 430/794 loss=0.128
  [epoch 2] step 440/794 loss=0.043
  [epoch 2] step 450/794 loss=0.023
  [epoch 2] step 460/794 loss=0.022
  [epoch 2] step 470/794 loss=0.008
  [epoch 2] step 480/794 loss=0.014
  [epoch 2] step 490/794 loss=0.045
  [epoch 2] step 500/794 loss=0.044
  [epoch 2] step 510/794 loss=0.083
  [epoch 2] step 520/794 loss=0.006
  [epoch 2] step 530/794 loss=0.034
  [epoch 2] step 540/794 loss=0.018
  [epoch 2] step 550/794 loss=0.013
  [epoch 2] step 560/794 loss=0.065
  [epoch 2] step 570/794 loss=0.101
  [epoch 2] step 580/794 loss=0.016
  [epoch 2] step 590/794 loss=0.009
  [epoch 2] step 600/794 loss=0.009
  [epoch 2] step 610/794 loss=0.049
  [epoch 2] step 620/794 loss=0.030
  [epoch 2] step 630/794 loss=0.003
  [epoch 2] step 640/794 loss=0.166
  [epoch 2] step 650/794 loss=0.007
  [epoch 2] step 660/794 loss=0.018
  [epoch 2] step 670/794 loss=0.088
  [epoch 2] step 680/794 loss=0.052
  [epoch 2] step 690/794 loss=0.012
  [epoch 2] step 700/794 loss=0.011
  [epoch 2] step 710/794 loss=0.036
  [epoch 2] step 720/794 loss=0.025
  [epoch 2] step 730/794 loss=0.014
  [epoch 2] step 740/794 loss=0.027
  [epoch 2] step 750/794 loss=0.018
  [epoch 2] step 760/794 loss=0.002
  [epoch 2] step 770/794 loss=0.028
  [epoch 2] step 780/794 loss=0.104
  [epoch 2] step 790/794 loss=0.003
  [epoch 3] step 10/794 loss=0.022
  [epoch 3] step 20/794 loss=0.004
  [epoch 3] step 30/794 loss=0.016
  [epoch 3] step 40/794 loss=0.038
  [epoch 3] step 50/794 loss=0.091
  [epoch 3] step 60/794 loss=0.020
  [epoch 3] step 70/794 loss=0.022
  [epoch 3] step 80/794 loss=0.023
  [epoch 3] step 90/794 loss=0.040
  [epoch 3] step 100/794 loss=0.057
  [epoch 3] step 110/794 loss=0.005
  [epoch 3] step 120/794 loss=0.008
  [epoch 3] step 130/794 loss=0.009
  [epoch 3] step 140/794 loss=0.028
  [epoch 3] step 150/794 loss=0.015
  [epoch 3] step 160/794 loss=0.006
  [epoch 3] step 170/794 loss=0.019
  [epoch 3] step 180/794 loss=0.024
  [epoch 3] step 190/794 loss=0.040
  [epoch 3] step 200/794 loss=0.026
  [epoch 3] step 210/794 loss=0.020
  [epoch 3] step 220/794 loss=0.021
  [epoch 3] step 230/794 loss=0.011
  [epoch 3] step 240/794 loss=0.071
  [epoch 3] step 250/794 loss=0.031
  [epoch 3] step 260/794 loss=0.032
  [epoch 3] step 270/794 loss=0.031
  [epoch 3] step 280/794 loss=0.033
  [epoch 3] step 290/794 loss=0.072
  [epoch 3] step 300/794 loss=0.035
  [epoch 3] step 310/794 loss=0.089
  [epoch 3] step 320/794 loss=0.005
  [epoch 3] step 330/794 loss=0.014
  [epoch 3] step 340/794 loss=0.006
  [epoch 3] step 350/794 loss=0.005
  [epoch 3] step 360/794 loss=0.059
  [epoch 3] step 370/794 loss=0.031
  [epoch 3] step 380/794 loss=0.004
  [epoch 3] step 390/794 loss=0.097
  [epoch 3] step 400/794 loss=0.032
  [epoch 3] step 410/794 loss=0.016
  [epoch 3] step 420/794 loss=0.086
  [epoch 3] step 430/794 loss=0.052
  [epoch 3] step 440/794 loss=0.005
  [epoch 3] step 450/794 loss=0.007
  [epoch 3] step 460/794 loss=0.011
  [epoch 3] step 470/794 loss=0.023
  [epoch 3] step 480/794 loss=0.012
  [epoch 3] step 490/794 loss=0.020
  [epoch 3] step 500/794 loss=0.084
  [epoch 3] step 510/794 loss=0.119
  [epoch 3] step 520/794 loss=0.011
  [epoch 3] step 530/794 loss=0.021
  [epoch 3] step 540/794 loss=0.023
  [epoch 3] step 550/794 loss=0.028
  [epoch 3] step 560/794 loss=0.015
  [epoch 3] step 570/794 loss=0.027
  [epoch 3] step 580/794 loss=0.001
  [epoch 3] step 590/794 loss=0.021
  [epoch 3] step 600/794 loss=0.007
  [epoch 3] step 610/794 loss=0.059
  [epoch 3] step 620/794 loss=0.024
  [epoch 3] step 630/794 loss=0.031
  [epoch 3] step 640/794 loss=0.033
  [epoch 3] step 650/794 loss=0.013
  [epoch 3] step 660/794 loss=0.008
  [epoch 3] step 670/794 loss=0.019
  [epoch 3] step 680/794 loss=0.015
  [epoch 3] step 690/794 loss=0.013
  [epoch 3] step 700/794 loss=0.021
  [epoch 3] step 710/794 loss=0.067
  [epoch 3] step 720/794 loss=0.063
  [epoch 3] step 730/794 loss=0.005
  [epoch 3] step 740/794 loss=0.018
  [epoch 3] step 750/794 loss=0.034
  [epoch 3] step 760/794 loss=0.022
  [epoch 3] step 770/794 loss=0.009
  [epoch 3] step 780/794 loss=0.018
  [epoch 3] step 790/794 loss=0.002
  run 2/5 完成
  [epoch 1] step 10/794 loss=0.013
  [epoch 1] step 20/794 loss=0.029
  [epoch 1] step 30/794 loss=0.025
  [epoch 1] step 40/794 loss=0.054
  [epoch 1] step 50/794 loss=0.052
  [epoch 1] step 60/794 loss=0.026
  [epoch 1] step 70/794 loss=0.052
  [epoch 1] step 80/794 loss=0.033
  [epoch 1] step 90/794 loss=0.037
  [epoch 1] step 100/794 loss=0.008
  [epoch 1] step 110/794 loss=0.009
  [epoch 1] step 120/794 loss=0.222
  [epoch 1] step 130/794 loss=0.003
  [epoch 1] step 140/794 loss=0.009
  [epoch 1] step 150/794 loss=0.013
  [epoch 1] step 160/794 loss=0.067
  [epoch 1] step 170/794 loss=0.137
  [epoch 1] step 180/794 loss=0.026
  [epoch 1] step 190/794 loss=0.030
  [epoch 1] step 200/794 loss=0.002
  [epoch 1] step 210/794 loss=0.019
  [epoch 1] step 220/794 loss=0.156
  [epoch 1] step 230/794 loss=0.042
  [epoch 1] step 240/794 loss=0.056
  [epoch 1] step 250/794 loss=0.030
  [epoch 1] step 260/794 loss=0.030
  [epoch 1] step 270/794 loss=0.008
  [epoch 1] step 280/794 loss=0.033
  [epoch 1] step 290/794 loss=0.050
  [epoch 1] step 300/794 loss=0.045
  [epoch 1] step 310/794 loss=0.031
  [epoch 1] step 320/794 loss=0.074
  [epoch 1] step 330/794 loss=0.018
  [epoch 1] step 340/794 loss=0.025
  [epoch 1] step 350/794 loss=0.024
  [epoch 1] step 360/794 loss=0.060
  [epoch 1] step 370/794 loss=0.007
  [epoch 1] step 380/794 loss=0.005
  [epoch 1] step 390/794 loss=0.036
  [epoch 1] step 400/794 loss=0.016
  [epoch 1] step 410/794 loss=0.022
  [epoch 1] step 420/794 loss=0.017
  [epoch 1] step 430/794 loss=0.015
  [epoch 1] step 440/794 loss=0.082
  [epoch 1] step 450/794 loss=0.002
  [epoch 1] step 460/794 loss=0.094
  [epoch 1] step 470/794 loss=0.036
  [epoch 1] step 480/794 loss=0.020
  [epoch 1] step 490/794 loss=0.056
  [epoch 1] step 500/794 loss=0.013
  [epoch 1] step 510/794 loss=0.024
  [epoch 1] step 520/794 loss=0.007
  [epoch 1] step 530/794 loss=0.056
  [epoch 1] step 540/794 loss=0.041
  [epoch 1] step 550/794 loss=0.018
  [epoch 1] step 560/794 loss=0.077
  [epoch 1] step 570/794 loss=0.018
  [epoch 1] step 580/794 loss=0.026
  [epoch 1] step 590/794 loss=0.062
  [epoch 1] step 600/794 loss=0.057
  [epoch 1] step 610/794 loss=0.033
  [epoch 1] step 620/794 loss=0.010
  [epoch 1] step 630/794 loss=0.018
  [epoch 1] step 640/794 loss=0.007
  [epoch 1] step 650/794 loss=0.019
  [epoch 1] step 660/794 loss=0.012
  [epoch 1] step 670/794 loss=0.149
  [epoch 1] step 680/794 loss=0.008
  [epoch 1] step 690/794 loss=0.032
  [epoch 1] step 700/794 loss=0.009
  [epoch 1] step 710/794 loss=0.005
  [epoch 1] step 720/794 loss=0.067
  [epoch 1] step 730/794 loss=0.030
  [epoch 1] step 740/794 loss=0.013
  [epoch 1] step 750/794 loss=0.024
  [epoch 1] step 760/794 loss=0.021
  [epoch 1] step 770/794 loss=0.073
  [epoch 1] step 780/794 loss=0.003
  [epoch 1] step 790/794 loss=0.015
  [epoch 2] step 10/794 loss=0.021
  [epoch 2] step 20/794 loss=0.104
  [epoch 2] step 30/794 loss=0.110
  [epoch 2] step 40/794 loss=0.008
  [epoch 2] step 50/794 loss=0.038
  [epoch 2] step 60/794 loss=0.016
  [epoch 2] step 70/794 loss=0.010
  [epoch 2] step 80/794 loss=0.058
  [epoch 2] step 90/794 loss=0.058
  [epoch 2] step 100/794 loss=0.014
  [epoch 2] step 110/794 loss=0.025
  [epoch 2] step 120/794 loss=0.014
  [epoch 2] step 130/794 loss=0.017
  [epoch 2] step 140/794 loss=0.006
  [epoch 2] step 150/794 loss=0.023
  [epoch 2] step 160/794 loss=0.031
  [epoch 2] step 170/794 loss=0.008
  [epoch 2] step 180/794 loss=0.013
  [epoch 2] step 190/794 loss=0.037
  [epoch 2] step 200/794 loss=0.027
  [epoch 2] step 210/794 loss=0.041
  [epoch 2] step 220/794 loss=0.030
  [epoch 2] step 230/794 loss=0.032
  [epoch 2] step 240/794 loss=0.050
  [epoch 2] step 250/794 loss=0.006
  [epoch 2] step 260/794 loss=0.047
  [epoch 2] step 270/794 loss=0.065
  [epoch 2] step 280/794 loss=0.022
  [epoch 2] step 290/794 loss=0.007
  [epoch 2] step 300/794 loss=0.096
  [epoch 2] step 310/794 loss=0.119
  [epoch 2] step 320/794 loss=0.051
  [epoch 2] step 330/794 loss=0.030
  [epoch 2] step 340/794 loss=0.011
  [epoch 2] step 350/794 loss=0.013
  [epoch 2] step 360/794 loss=0.020
  [epoch 2] step 370/794 loss=0.025
  [epoch 2] step 380/794 loss=0.170
  [epoch 2] step 390/794 loss=0.165
  [epoch 2] step 400/794 loss=0.035
  [epoch 2] step 410/794 loss=0.020
  [epoch 2] step 420/794 loss=0.046
  [epoch 2] step 430/794 loss=0.008
  [epoch 2] step 440/794 loss=0.013
  [epoch 2] step 450/794 loss=0.027
  [epoch 2] step 460/794 loss=0.032
  [epoch 2] step 470/794 loss=0.025
  [epoch 2] step 480/794 loss=0.074
  [epoch 2] step 490/794 loss=0.024
  [epoch 2] step 500/794 loss=0.093
  [epoch 2] step 510/794 loss=0.039
  [epoch 2] step 520/794 loss=0.036
  [epoch 2] step 530/794 loss=0.006
  [epoch 2] step 540/794 loss=0.072
  [epoch 2] step 550/794 loss=0.106
  [epoch 2] step 560/794 loss=0.006
  [epoch 2] step 570/794 loss=0.022
  [epoch 2] step 580/794 loss=0.131
  [epoch 2] step 590/794 loss=0.078
  [epoch 2] step 600/794 loss=0.032
  [epoch 2] step 610/794 loss=0.109
  [epoch 2] step 620/794 loss=0.027
  [epoch 2] step 630/794 loss=0.031
  [epoch 2] step 640/794 loss=0.061
  [epoch 2] step 650/794 loss=0.009
  [epoch 2] step 660/794 loss=0.030
  [epoch 2] step 670/794 loss=0.059
  [epoch 2] step 680/794 loss=0.065
  [epoch 2] step 690/794 loss=0.025
  [epoch 2] step 700/794 loss=0.015
  [epoch 2] step 710/794 loss=0.007
  [epoch 2] step 720/794 loss=0.015
  [epoch 2] step 730/794 loss=0.016
  [epoch 2] step 740/794 loss=0.007
  [epoch 2] step 750/794 loss=0.023
  [epoch 2] step 760/794 loss=0.003
  [epoch 2] step 770/794 loss=0.027
  [epoch 2] step 780/794 loss=0.006
  [epoch 2] step 790/794 loss=0.016
  [epoch 3] step 10/794 loss=0.049
  [epoch 3] step 20/794 loss=0.031
  [epoch 3] step 30/794 loss=0.006
  [epoch 3] step 40/794 loss=0.002
  [epoch 3] step 50/794 loss=0.010
  [epoch 3] step 60/794 loss=0.012
  [epoch 3] step 70/794 loss=0.017
  [epoch 3] step 80/794 loss=0.043
  [epoch 3] step 90/794 loss=0.014
  [epoch 3] step 100/794 loss=0.008
  [epoch 3] step 110/794 loss=0.008
  [epoch 3] step 120/794 loss=0.022
  [epoch 3] step 130/794 loss=0.012
  [epoch 3] step 140/794 loss=0.015
  [epoch 3] step 150/794 loss=0.076
  [epoch 3] step 160/794 loss=0.024
  [epoch 3] step 170/794 loss=0.030
  [epoch 3] step 180/794 loss=0.011
  [epoch 3] step 190/794 loss=0.002
  [epoch 3] step 200/794 loss=0.007
  [epoch 3] step 210/794 loss=0.028
  [epoch 3] step 220/794 loss=0.020
  [epoch 3] step 230/794 loss=0.086
  [epoch 3] step 240/794 loss=0.325
  [epoch 3] step 250/794 loss=0.008
  [epoch 3] step 260/794 loss=0.012
  [epoch 3] step 270/794 loss=0.014
  [epoch 3] step 280/794 loss=0.037
  [epoch 3] step 290/794 loss=0.004
  [epoch 3] step 300/794 loss=0.034
  [epoch 3] step 310/794 loss=0.005
  [epoch 3] step 320/794 loss=0.017
  [epoch 3] step 330/794 loss=0.023
  [epoch 3] step 340/794 loss=0.059
  [epoch 3] step 350/794 loss=0.035
  [epoch 3] step 360/794 loss=0.010
  [epoch 3] step 370/794 loss=0.010
  [epoch 3] step 380/794 loss=0.011
  [epoch 3] step 390/794 loss=0.138
  [epoch 3] step 400/794 loss=0.037
  [epoch 3] step 410/794 loss=0.010
  [epoch 3] step 420/794 loss=0.017
  [epoch 3] step 430/794 loss=0.006
  [epoch 3] step 440/794 loss=0.003
  [epoch 3] step 450/794 loss=0.013
  [epoch 3] step 460/794 loss=0.052
  [epoch 3] step 470/794 loss=0.022
  [epoch 3] step 480/794 loss=0.020
  [epoch 3] step 490/794 loss=0.017
  [epoch 3] step 500/794 loss=0.003
  [epoch 3] step 510/794 loss=0.052
  [epoch 3] step 520/794 loss=0.003
  [epoch 3] step 530/794 loss=0.010
  [epoch 3] step 540/794 loss=0.035
  [epoch 3] step 550/794 loss=0.011
  [epoch 3] step 560/794 loss=0.020
  [epoch 3] step 570/794 loss=0.048
  [epoch 3] step 580/794 loss=0.027
  [epoch 3] step 590/794 loss=0.028
  [epoch 3] step 600/794 loss=0.028
  [epoch 3] step 610/794 loss=0.015
  [epoch 3] step 620/794 loss=0.014
  [epoch 3] step 630/794 loss=0.021
  [epoch 3] step 640/794 loss=0.005
  [epoch 3] step 650/794 loss=0.034
  [epoch 3] step 660/794 loss=0.038
  [epoch 3] step 670/794 loss=0.025
  [epoch 3] step 680/794 loss=0.018
  [epoch 3] step 690/794 loss=0.008
  [epoch 3] step 700/794 loss=0.025
  [epoch 3] step 710/794 loss=0.026
  [epoch 3] step 720/794 loss=0.023
  [epoch 3] step 730/794 loss=0.012
  [epoch 3] step 740/794 loss=0.012
  [epoch 3] step 750/794 loss=0.025
  [epoch 3] step 760/794 loss=0.034
  [epoch 3] step 770/794 loss=0.017
  [epoch 3] step 780/794 loss=0.017
  [epoch 3] step 790/794 loss=0.062
  run 3/5 完成
  [epoch 1] step 10/794 loss=0.027
  [epoch 1] step 20/794 loss=0.034
  [epoch 1] step 30/794 loss=0.021
  [epoch 1] step 40/794 loss=0.006
  [epoch 1] step 50/794 loss=0.031
  [epoch 1] step 60/794 loss=0.016
  [epoch 1] step 70/794 loss=0.074
  [epoch 1] step 80/794 loss=0.057
  [epoch 1] step 90/794 loss=0.009
  [epoch 1] step 100/794 loss=0.032
  [epoch 1] step 110/794 loss=0.028
  [epoch 1] step 120/794 loss=0.012
  [epoch 1] step 130/794 loss=0.024
  [epoch 1] step 140/794 loss=0.087
  [epoch 1] step 150/794 loss=0.067
  [epoch 1] step 160/794 loss=0.020
  [epoch 1] step 170/794 loss=0.049
  [epoch 1] step 180/794 loss=0.028
  [epoch 1] step 190/794 loss=0.075
  [epoch 1] step 200/794 loss=0.036
  [epoch 1] step 210/794 loss=0.026
  [epoch 1] step 220/794 loss=0.002
  [epoch 1] step 230/794 loss=0.011
  [epoch 1] step 240/794 loss=0.011
  [epoch 1] step 250/794 loss=0.022
  [epoch 1] step 260/794 loss=0.010
  [epoch 1] step 270/794 loss=0.011
  [epoch 1] step 280/794 loss=0.010
  [epoch 1] step 290/794 loss=0.039
  [epoch 1] step 300/794 loss=0.043
  [epoch 1] step 310/794 loss=0.052
  [epoch 1] step 320/794 loss=0.011
  [epoch 1] step 330/794 loss=0.006
  [epoch 1] step 340/794 loss=0.005
  [epoch 1] step 350/794 loss=0.088
  [epoch 1] step 360/794 loss=0.003
  [epoch 1] step 370/794 loss=0.022
  [epoch 1] step 380/794 loss=0.027
  [epoch 1] step 390/794 loss=0.018
  [epoch 1] step 400/794 loss=0.010
  [epoch 1] step 410/794 loss=0.021
  [epoch 1] step 420/794 loss=0.012
  [epoch 1] step 430/794 loss=0.001
  [epoch 1] step 440/794 loss=0.108
  [epoch 1] step 450/794 loss=0.008
  [epoch 1] step 460/794 loss=0.055
  [epoch 1] step 470/794 loss=0.017
  [epoch 1] step 480/794 loss=0.018
  [epoch 1] step 490/794 loss=0.016
  [epoch 1] step 500/794 loss=0.048
  [epoch 1] step 510/794 loss=0.109
  [epoch 1] step 520/794 loss=0.056
  [epoch 1] step 530/794 loss=0.077
  [epoch 1] step 540/794 loss=0.011
  [epoch 1] step 550/794 loss=0.003
  [epoch 1] step 560/794 loss=0.020
  [epoch 1] step 570/794 loss=0.052
  [epoch 1] step 580/794 loss=0.079
  [epoch 1] step 590/794 loss=0.029
  [epoch 1] step 600/794 loss=0.022
  [epoch 1] step 610/794 loss=0.008
  [epoch 1] step 620/794 loss=0.020
  [epoch 1] step 630/794 loss=0.025
  [epoch 1] step 640/794 loss=0.080
  [epoch 1] step 650/794 loss=0.008
  [epoch 1] step 660/794 loss=0.033
  [epoch 1] step 670/794 loss=0.031
  [epoch 1] step 680/794 loss=0.064
  [epoch 1] step 690/794 loss=0.017
  [epoch 1] step 700/794 loss=0.015
  [epoch 1] step 710/794 loss=0.033
  [epoch 1] step 720/794 loss=0.026
  [epoch 1] step 730/794 loss=0.036
  [epoch 1] step 740/794 loss=0.140
  [epoch 1] step 750/794 loss=0.112
  [epoch 1] step 760/794 loss=0.038
  [epoch 1] step 770/794 loss=0.028
  [epoch 1] step 780/794 loss=0.033
  [epoch 1] step 790/794 loss=0.005
  [epoch 2] step 10/794 loss=0.054
  [epoch 2] step 20/794 loss=0.060
  [epoch 2] step 30/794 loss=0.015
  [epoch 2] step 40/794 loss=0.057
  [epoch 2] step 50/794 loss=0.013
  [epoch 2] step 60/794 loss=0.045
  [epoch 2] step 70/794 loss=0.014
  [epoch 2] step 80/794 loss=0.001
  [epoch 2] step 90/794 loss=0.014
  [epoch 2] step 100/794 loss=0.006
  [epoch 2] step 110/794 loss=0.054
  [epoch 2] step 120/794 loss=0.022
  [epoch 2] step 130/794 loss=0.022
  [epoch 2] step 140/794 loss=0.024
  [epoch 2] step 150/794 loss=0.079
  [epoch 2] step 160/794 loss=0.023
  [epoch 2] step 170/794 loss=0.061
  [epoch 2] step 180/794 loss=0.136
  [epoch 2] step 190/794 loss=0.031
  [epoch 2] step 200/794 loss=0.057
  [epoch 2] step 210/794 loss=0.023
  [epoch 2] step 220/794 loss=0.103
  [epoch 2] step 230/794 loss=0.005
  [epoch 2] step 240/794 loss=0.023
  [epoch 2] step 250/794 loss=0.017
  [epoch 2] step 260/794 loss=0.007
  [epoch 2] step 270/794 loss=0.023
  [epoch 2] step 280/794 loss=0.157
  [epoch 2] step 290/794 loss=0.015
  [epoch 2] step 300/794 loss=0.026
  [epoch 2] step 310/794 loss=0.018
  [epoch 2] step 320/794 loss=0.010
  [epoch 2] step 330/794 loss=0.002
  [epoch 2] step 340/794 loss=0.012
  [epoch 2] step 350/794 loss=0.003
  [epoch 2] step 360/794 loss=0.038
  [epoch 2] step 370/794 loss=0.115
  [epoch 2] step 380/794 loss=0.068
  [epoch 2] step 390/794 loss=0.015
  [epoch 2] step 400/794 loss=0.023
  [epoch 2] step 410/794 loss=0.045
  [epoch 2] step 420/794 loss=0.017
  [epoch 2] step 430/794 loss=0.019
  [epoch 2] step 440/794 loss=0.034
  [epoch 2] step 450/794 loss=0.032
  [epoch 2] step 460/794 loss=0.001
  [epoch 2] step 470/794 loss=0.023
  [epoch 2] step 480/794 loss=0.030
  [epoch 2] step 490/794 loss=0.067
  [epoch 2] step 500/794 loss=0.012
  [epoch 2] step 510/794 loss=0.056
  [epoch 2] step 520/794 loss=0.007
  [epoch 2] step 530/794 loss=0.024
  [epoch 2] step 540/794 loss=0.050
  [epoch 2] step 550/794 loss=0.034
  [epoch 2] step 560/794 loss=0.009
  [epoch 2] step 570/794 loss=0.021
  [epoch 2] step 580/794 loss=0.040
  [epoch 2] step 590/794 loss=0.025
  [epoch 2] step 600/794 loss=0.016
  [epoch 2] step 610/794 loss=0.147
  [epoch 2] step 620/794 loss=0.007
  [epoch 2] step 630/794 loss=0.056
  [epoch 2] step 640/794 loss=0.024
  [epoch 2] step 650/794 loss=0.065
  [epoch 2] step 660/794 loss=0.015
  [epoch 2] step 670/794 loss=0.056
  [epoch 2] step 680/794 loss=0.108
  [epoch 2] step 690/794 loss=0.033
  [epoch 2] step 700/794 loss=0.003
  [epoch 2] step 710/794 loss=0.018
  [epoch 2] step 720/794 loss=0.048
  [epoch 2] step 730/794 loss=0.050
  [epoch 2] step 740/794 loss=0.108
  [epoch 2] step 750/794 loss=0.009
  [epoch 2] step 760/794 loss=0.009
  [epoch 2] step 770/794 loss=0.006
  [epoch 2] step 780/794 loss=0.411
  [epoch 2] step 790/794 loss=0.012
  [epoch 3] step 10/794 loss=0.049
  [epoch 3] step 20/794 loss=0.019
  [epoch 3] step 30/794 loss=0.016
  [epoch 3] step 40/794 loss=0.018
  [epoch 3] step 50/794 loss=0.035
  [epoch 3] step 60/794 loss=0.020
  [epoch 3] step 70/794 loss=0.009
  [epoch 3] step 80/794 loss=0.014
  [epoch 3] step 90/794 loss=0.011
  [epoch 3] step 100/794 loss=0.027
  [epoch 3] step 110/794 loss=0.024
  [epoch 3] step 120/794 loss=0.004
  [epoch 3] step 130/794 loss=0.009
  [epoch 3] step 140/794 loss=0.028
  [epoch 3] step 150/794 loss=0.009
  [epoch 3] step 160/794 loss=0.009
  [epoch 3] step 170/794 loss=0.004
  [epoch 3] step 180/794 loss=0.021
  [epoch 3] step 190/794 loss=0.027
  [epoch 3] step 200/794 loss=0.049
  [epoch 3] step 210/794 loss=0.001
  [epoch 3] step 220/794 loss=0.034
  [epoch 3] step 230/794 loss=0.135
  [epoch 3] step 240/794 loss=0.025
  [epoch 3] step 250/794 loss=0.037
  [epoch 3] step 260/794 loss=0.018
  [epoch 3] step 270/794 loss=0.032
  [epoch 3] step 280/794 loss=0.019
  [epoch 3] step 290/794 loss=0.049
  [epoch 3] step 300/794 loss=0.021
  [epoch 3] step 310/794 loss=0.024
  [epoch 3] step 320/794 loss=0.005
  [epoch 3] step 330/794 loss=0.015
  [epoch 3] step 340/794 loss=0.045
  [epoch 3] step 350/794 loss=0.009
  [epoch 3] step 360/794 loss=0.028
  [epoch 3] step 370/794 loss=0.032
  [epoch 3] step 380/794 loss=0.014
  [epoch 3] step 390/794 loss=0.040
  [epoch 3] step 400/794 loss=0.014
  [epoch 3] step 410/794 loss=0.030
  [epoch 3] step 420/794 loss=0.052
  [epoch 3] step 430/794 loss=0.006
  [epoch 3] step 440/794 loss=0.005
  [epoch 3] step 450/794 loss=0.008
  [epoch 3] step 460/794 loss=0.011
  [epoch 3] step 470/794 loss=0.045
  [epoch 3] step 480/794 loss=0.031
  [epoch 3] step 490/794 loss=0.064
  [epoch 3] step 500/794 loss=0.028
  [epoch 3] step 510/794 loss=0.015
  [epoch 3] step 520/794 loss=0.036
  [epoch 3] step 530/794 loss=0.044
  [epoch 3] step 540/794 loss=0.092
  [epoch 3] step 550/794 loss=0.019
  [epoch 3] step 560/794 loss=0.020
  [epoch 3] step 570/794 loss=0.009
  [epoch 3] step 580/794 loss=0.064
  [epoch 3] step 590/794 loss=0.040
  [epoch 3] step 600/794 loss=0.029
  [epoch 3] step 610/794 loss=0.020
  [epoch 3] step 620/794 loss=0.017
  [epoch 3] step 630/794 loss=0.053
  [epoch 3] step 640/794 loss=0.061
  [epoch 3] step 650/794 loss=0.010
  [epoch 3] step 660/794 loss=0.021
  [epoch 3] step 670/794 loss=0.023
  [epoch 3] step 680/794 loss=0.004
  [epoch 3] step 690/794 loss=0.066
  [epoch 3] step 700/794 loss=0.024
  [epoch 3] step 710/794 loss=0.081
  [epoch 3] step 720/794 loss=0.008
  [epoch 3] step 730/794 loss=0.203
  [epoch 3] step 740/794 loss=0.020
  [epoch 3] step 750/794 loss=0.025
  [epoch 3] step 760/794 loss=0.026
  [epoch 3] step 770/794 loss=0.022
  [epoch 3] step 780/794 loss=0.040
  [epoch 3] step 790/794 loss=0.006
  run 4/5 完成
  [epoch 1] step 10/794 loss=0.096
  [epoch 1] step 20/794 loss=0.037
  [epoch 1] step 30/794 loss=0.014
  [epoch 1] step 40/794 loss=0.027
  [epoch 1] step 50/794 loss=0.026
  [epoch 1] step 60/794 loss=0.046
  [epoch 1] step 70/794 loss=0.023
  [epoch 1] step 80/794 loss=0.098
  [epoch 1] step 90/794 loss=0.028
  [epoch 1] step 100/794 loss=0.030
  [epoch 1] step 110/794 loss=0.028
  [epoch 1] step 120/794 loss=0.025
  [epoch 1] step 130/794 loss=0.015
  [epoch 1] step 140/794 loss=0.021
  [epoch 1] step 150/794 loss=0.029
  [epoch 1] step 160/794 loss=0.092
  [epoch 1] step 170/794 loss=0.025
  [epoch 1] step 180/794 loss=0.079
  [epoch 1] step 190/794 loss=0.028
  [epoch 1] step 200/794 loss=0.025
  [epoch 1] step 210/794 loss=0.080
  [epoch 1] step 220/794 loss=0.086
  [epoch 1] step 230/794 loss=0.006
  [epoch 1] step 240/794 loss=0.021
  [epoch 1] step 250/794 loss=0.016
  [epoch 1] step 260/794 loss=0.011
  [epoch 1] step 270/794 loss=0.055
  [epoch 1] step 280/794 loss=0.017
  [epoch 1] step 290/794 loss=0.042
  [epoch 1] step 300/794 loss=0.032
  [epoch 1] step 310/794 loss=0.008
  [epoch 1] step 320/794 loss=0.050
  [epoch 1] step 330/794 loss=0.014
  [epoch 1] step 340/794 loss=0.032
  [epoch 1] step 350/794 loss=0.053
  [epoch 1] step 360/794 loss=0.002
  [epoch 1] step 370/794 loss=0.038
  [epoch 1] step 380/794 loss=0.055
  [epoch 1] step 390/794 loss=0.027
  [epoch 1] step 400/794 loss=0.012
  [epoch 1] step 410/794 loss=0.019
  [epoch 1] step 420/794 loss=0.030
  [epoch 1] step 430/794 loss=0.028
  [epoch 1] step 440/794 loss=0.024
  [epoch 1] step 450/794 loss=0.004
  [epoch 1] step 460/794 loss=0.023
  [epoch 1] step 470/794 loss=0.019
  [epoch 1] step 480/794 loss=0.036
  [epoch 1] step 490/794 loss=0.027
  [epoch 1] step 500/794 loss=0.012
  [epoch 1] step 510/794 loss=0.003
  [epoch 1] step 520/794 loss=0.018
  [epoch 1] step 530/794 loss=0.045
  [epoch 1] step 540/794 loss=0.008
  [epoch 1] step 550/794 loss=0.023
  [epoch 1] step 560/794 loss=0.051
  [epoch 1] step 570/794 loss=0.053
  [epoch 1] step 580/794 loss=0.018
  [epoch 1] step 590/794 loss=0.024
  [epoch 1] step 600/794 loss=0.012
  [epoch 1] step 610/794 loss=0.013
  [epoch 1] step 620/794 loss=0.060
  [epoch 1] step 630/794 loss=0.020
  [epoch 1] step 640/794 loss=0.016
  [epoch 1] step 650/794 loss=0.037
  [epoch 1] step 660/794 loss=0.017
  [epoch 1] step 670/794 loss=0.033
  [epoch 1] step 680/794 loss=0.059
  [epoch 1] step 690/794 loss=0.011
  [epoch 1] step 700/794 loss=0.017
  [epoch 1] step 710/794 loss=0.052
  [epoch 1] step 720/794 loss=0.056
  [epoch 1] step 730/794 loss=0.004
  [epoch 1] step 740/794 loss=0.031
  [epoch 1] step 750/794 loss=0.053
  [epoch 1] step 760/794 loss=0.027
  [epoch 1] step 770/794 loss=0.067
  [epoch 1] step 780/794 loss=0.127
  [epoch 1] step 790/794 loss=0.046
  [epoch 2] step 10/794 loss=0.010
  [epoch 2] step 20/794 loss=0.065
  [epoch 2] step 30/794 loss=0.144
  [epoch 2] step 40/794 loss=0.014
  [epoch 2] step 50/794 loss=0.119
  [epoch 2] step 60/794 loss=0.010
  [epoch 2] step 70/794 loss=0.063
  [epoch 2] step 80/794 loss=0.038
  [epoch 2] step 90/794 loss=0.011
  [epoch 2] step 100/794 loss=0.040
  [epoch 2] step 110/794 loss=0.015
  [epoch 2] step 120/794 loss=0.031
  [epoch 2] step 130/794 loss=0.037
  [epoch 2] step 140/794 loss=0.012
  [epoch 2] step 150/794 loss=0.038
  [epoch 2] step 160/794 loss=0.204
  [epoch 2] step 170/794 loss=0.035
  [epoch 2] step 180/794 loss=0.010
  [epoch 2] step 190/794 loss=0.014
  [epoch 2] step 200/794 loss=0.011
  [epoch 2] step 210/794 loss=0.004
  [epoch 2] step 220/794 loss=0.002
  [epoch 2] step 230/794 loss=0.044
  [epoch 2] step 240/794 loss=0.046
  [epoch 2] step 250/794 loss=0.038
  [epoch 2] step 260/794 loss=0.072
  [epoch 2] step 270/794 loss=0.041
  [epoch 2] step 280/794 loss=0.006
  [epoch 2] step 290/794 loss=0.061
  [epoch 2] step 300/794 loss=0.040
  [epoch 2] step 310/794 loss=0.021
  [epoch 2] step 320/794 loss=0.053
  [epoch 2] step 330/794 loss=0.022
  [epoch 2] step 340/794 loss=0.056
  [epoch 2] step 350/794 loss=0.031
  [epoch 2] step 360/794 loss=0.007
  [epoch 2] step 370/794 loss=0.021
  [epoch 2] step 380/794 loss=0.028
  [epoch 2] step 390/794 loss=0.003
  [epoch 2] step 400/794 loss=0.052
  [epoch 2] step 410/794 loss=0.032
  [epoch 2] step 420/794 loss=0.037
  [epoch 2] step 430/794 loss=0.047
  [epoch 2] step 440/794 loss=0.099
  [epoch 2] step 450/794 loss=0.056
  [epoch 2] step 460/794 loss=0.132
  [epoch 2] step 470/794 loss=0.023
  [epoch 2] step 480/794 loss=0.003
  [epoch 2] step 490/794 loss=0.034
  [epoch 2] step 500/794 loss=0.062
  [epoch 2] step 510/794 loss=0.015
  [epoch 2] step 520/794 loss=0.016
  [epoch 2] step 530/794 loss=0.005
  [epoch 2] step 540/794 loss=0.007
  [epoch 2] step 550/794 loss=0.006
  [epoch 2] step 560/794 loss=0.027
  [epoch 2] step 570/794 loss=0.007
  [epoch 2] step 580/794 loss=0.038
  [epoch 2] step 590/794 loss=0.008
  [epoch 2] step 600/794 loss=0.035
  [epoch 2] step 610/794 loss=0.006
  [epoch 2] step 620/794 loss=0.017
  [epoch 2] step 630/794 loss=0.029
  [epoch 2] step 640/794 loss=0.009
  [epoch 2] step 650/794 loss=0.014
  [epoch 2] step 660/794 loss=0.072
  [epoch 2] step 670/794 loss=0.019
  [epoch 2] step 680/794 loss=0.010
  [epoch 2] step 690/794 loss=0.030
  [epoch 2] step 700/794 loss=0.020
  [epoch 2] step 710/794 loss=0.050
  [epoch 2] step 720/794 loss=0.006
  [epoch 2] step 730/794 loss=0.014
  [epoch 2] step 740/794 loss=0.005
  [epoch 2] step 750/794 loss=0.064
  [epoch 2] step 760/794 loss=0.105
  [epoch 2] step 770/794 loss=0.027
  [epoch 2] step 780/794 loss=0.073
  [epoch 2] step 790/794 loss=0.033
  [epoch 3] step 10/794 loss=0.010
  [epoch 3] step 20/794 loss=0.007
  [epoch 3] step 30/794 loss=0.035
  [epoch 3] step 40/794 loss=0.014
  [epoch 3] step 50/794 loss=0.016
  [epoch 3] step 60/794 loss=0.009
  [epoch 3] step 70/794 loss=0.029
  [epoch 3] step 80/794 loss=0.010
  [epoch 3] step 90/794 loss=0.046
  [epoch 3] step 100/794 loss=0.026
  [epoch 3] step 110/794 loss=0.053
  [epoch 3] step 120/794 loss=0.034
  [epoch 3] step 130/794 loss=0.009
  [epoch 3] step 140/794 loss=0.073
  [epoch 3] step 150/794 loss=0.001
  [epoch 3] step 160/794 loss=0.008
  [epoch 3] step 170/794 loss=0.005
  [epoch 3] step 180/794 loss=0.005
  [epoch 3] step 190/794 loss=0.058
  [epoch 3] step 200/794 loss=0.032
  [epoch 3] step 210/794 loss=0.121
  [epoch 3] step 220/794 loss=0.017
  [epoch 3] step 230/794 loss=0.025
  [epoch 3] step 240/794 loss=0.011
  [epoch 3] step 250/794 loss=0.017
  [epoch 3] step 260/794 loss=0.016
  [epoch 3] step 270/794 loss=0.012
  [epoch 3] step 280/794 loss=0.019
  [epoch 3] step 290/794 loss=0.010
  [epoch 3] step 300/794 loss=0.016
  [epoch 3] step 310/794 loss=0.055
  [epoch 3] step 320/794 loss=0.039
  [epoch 3] step 330/794 loss=0.011
  [epoch 3] step 340/794 loss=0.008
  [epoch 3] step 350/794 loss=0.096
  [epoch 3] step 360/794 loss=0.038
  [epoch 3] step 370/794 loss=0.013
  [epoch 3] step 380/794 loss=0.021
  [epoch 3] step 390/794 loss=0.097
  [epoch 3] step 400/794 loss=0.021
  [epoch 3] step 410/794 loss=0.013
  [epoch 3] step 420/794 loss=0.017
  [epoch 3] step 430/794 loss=0.033
  [epoch 3] step 440/794 loss=0.013
  [epoch 3] step 450/794 loss=0.031
  [epoch 3] step 460/794 loss=0.110
  [epoch 3] step 470/794 loss=0.005
  [epoch 3] step 480/794 loss=0.005
  [epoch 3] step 490/794 loss=0.020
  [epoch 3] step 500/794 loss=0.058
  [epoch 3] step 510/794 loss=0.018
  [epoch 3] step 520/794 loss=0.011
  [epoch 3] step 530/794 loss=0.015
  [epoch 3] step 540/794 loss=0.011
  [epoch 3] step 550/794 loss=0.026
  [epoch 3] step 560/794 loss=0.002
  [epoch 3] step 570/794 loss=0.010
  [epoch 3] step 580/794 loss=0.022
  [epoch 3] step 590/794 loss=0.040
  [epoch 3] step 600/794 loss=0.014
  [epoch 3] step 610/794 loss=0.033
  [epoch 3] step 620/794 loss=0.033
  [epoch 3] step 630/794 loss=0.032
  [epoch 3] step 640/794 loss=0.013
  [epoch 3] step 650/794 loss=0.295
  [epoch 3] step 660/794 loss=0.002
  [epoch 3] step 670/794 loss=0.012
  [epoch 3] step 680/794 loss=0.019
  [epoch 3] step 690/794 loss=0.034
  [epoch 3] step 700/794 loss=0.059
  [epoch 3] step 710/794 loss=0.028
  [epoch 3] step 720/794 loss=0.005
  [epoch 3] step 730/794 loss=0.088
  [epoch 3] step 740/794 loss=0.041
  [epoch 3] step 750/794 loss=0.012
  [epoch 3] step 760/794 loss=0.009
  [epoch 3] step 770/794 loss=0.024
  [epoch 3] step 780/794 loss=0.031
  [epoch 3] step 790/794 loss=0.036
  run 5/5 完成
本轮新增伪标签 3 个，累积 904 个
===== 轮次 2 | B.2 验证/微调 =====
  [epoch 1] step 10/1135 loss=0.028
  [epoch 1] step 20/1135 loss=0.062
  [epoch 1] step 30/1135 loss=0.018
  [epoch 1] step 40/1135 loss=0.064
  [epoch 1] step 50/1135 loss=0.005
  [epoch 1] step 60/1135 loss=0.004
  [epoch 1] step 70/1135 loss=0.016
  [epoch 1] step 80/1135 loss=0.037
  [epoch 1] step 90/1135 loss=0.014
  [epoch 1] step 100/1135 loss=0.044
  [epoch 1] step 110/1135 loss=0.018
  [epoch 1] step 120/1135 loss=0.094
  [epoch 1] step 130/1135 loss=0.018
  [epoch 1] step 140/1135 loss=0.058
  [epoch 1] step 150/1135 loss=0.022
  [epoch 1] step 160/1135 loss=0.007
  [epoch 1] step 170/1135 loss=0.009
  [epoch 1] step 180/1135 loss=0.039
  [epoch 1] step 190/1135 loss=0.018
  [epoch 1] step 200/1135 loss=0.029
  [epoch 1] step 210/1135 loss=0.025
  [epoch 1] step 220/1135 loss=0.006
  [epoch 1] step 230/1135 loss=0.009
  [epoch 1] step 240/1135 loss=0.040
  [epoch 1] step 250/1135 loss=0.022
  [epoch 1] step 260/1135 loss=0.073
  [epoch 1] step 270/1135 loss=0.020
  [epoch 1] step 280/1135 loss=0.089
  [epoch 1] step 290/1135 loss=0.020
  [epoch 1] step 300/1135 loss=0.046
  [epoch 1] step 310/1135 loss=0.011
  [epoch 1] step 320/1135 loss=0.033
  [epoch 1] step 330/1135 loss=0.037
  [epoch 1] step 340/1135 loss=0.003
  [epoch 1] step 350/1135 loss=0.003
  [epoch 1] step 360/1135 loss=0.031
  [epoch 1] step 370/1135 loss=0.004
  [epoch 1] step 380/1135 loss=0.014
  [epoch 1] step 390/1135 loss=0.003
  [epoch 1] step 400/1135 loss=0.028
  [epoch 1] step 410/1135 loss=0.017
  [epoch 1] step 420/1135 loss=0.005
  [epoch 1] step 430/1135 loss=0.037
  [epoch 1] step 440/1135 loss=0.016
  [epoch 1] step 450/1135 loss=0.034
  [epoch 1] step 460/1135 loss=0.010
  [epoch 1] step 470/1135 loss=0.008
  [epoch 1] step 480/1135 loss=0.048
  [epoch 1] step 490/1135 loss=0.084
  [epoch 1] step 500/1135 loss=0.014
  [epoch 1] step 510/1135 loss=0.023
  [epoch 1] step 520/1135 loss=0.048
  [epoch 1] step 530/1135 loss=0.062
  [epoch 1] step 540/1135 loss=0.042
  [epoch 1] step 550/1135 loss=0.080
  [epoch 1] step 560/1135 loss=0.024
  [epoch 1] step 570/1135 loss=0.072
  [epoch 1] step 580/1135 loss=0.050
  [epoch 1] step 590/1135 loss=0.023
  [epoch 1] step 600/1135 loss=0.024
  [epoch 1] step 610/1135 loss=0.014
  [epoch 1] step 620/1135 loss=0.082
  [epoch 1] step 630/1135 loss=0.101
  [epoch 1] step 640/1135 loss=0.030
  [epoch 1] step 650/1135 loss=0.034
  [epoch 1] step 660/1135 loss=0.038
  [epoch 1] step 670/1135 loss=0.020
  [epoch 1] step 680/1135 loss=0.085
  [epoch 1] step 690/1135 loss=0.007
  [epoch 1] step 700/1135 loss=0.017
  [epoch 1] step 710/1135 loss=0.080
  [epoch 1] step 720/1135 loss=0.050
  [epoch 1] step 730/1135 loss=0.009
  [epoch 1] step 740/1135 loss=0.010
  [epoch 1] step 750/1135 loss=0.025
  [epoch 1] step 760/1135 loss=0.010
  [epoch 1] step 770/1135 loss=0.020
  [epoch 1] step 780/1135 loss=0.040
  [epoch 1] step 790/1135 loss=0.039
  [epoch 1] step 800/1135 loss=0.013
  [epoch 1] step 810/1135 loss=0.072
  [epoch 1] step 820/1135 loss=0.029
  [epoch 1] step 830/1135 loss=0.044
  [epoch 1] step 840/1135 loss=0.050
  [epoch 1] step 850/1135 loss=0.007
  [epoch 1] step 860/1135 loss=0.039
  [epoch 1] step 870/1135 loss=0.085
  [epoch 1] step 880/1135 loss=0.024
  [epoch 1] step 890/1135 loss=0.064
  [epoch 1] step 900/1135 loss=0.073
  [epoch 1] step 910/1135 loss=0.061
  [epoch 1] step 920/1135 loss=0.052
  [epoch 1] step 930/1135 loss=0.110
  [epoch 1] step 940/1135 loss=0.057
  [epoch 1] step 950/1135 loss=0.053
  [epoch 1] step 960/1135 loss=0.056
  [epoch 1] step 970/1135 loss=0.015
  [epoch 1] step 980/1135 loss=0.022
  [epoch 1] step 990/1135 loss=0.020
  [epoch 1] step 1000/1135 loss=0.034
  [epoch 1] step 1010/1135 loss=0.051
  [epoch 1] step 1020/1135 loss=0.024
  [epoch 1] step 1030/1135 loss=0.138
  [epoch 1] step 1040/1135 loss=0.057
  [epoch 1] step 1050/1135 loss=0.043
  [epoch 1] step 1060/1135 loss=0.022
  [epoch 1] step 1070/1135 loss=0.099
  [epoch 1] step 1080/1135 loss=0.078
  [epoch 1] step 1090/1135 loss=0.016
  [epoch 1] step 1100/1135 loss=0.064
  [epoch 1] step 1110/1135 loss=0.047
  [epoch 1] step 1120/1135 loss=0.015
  [epoch 1] step 1130/1135 loss=0.034
  [epoch 2] step 10/1135 loss=0.083
  [epoch 2] step 20/1135 loss=0.151
  [epoch 2] step 30/1135 loss=0.019
  [epoch 2] step 40/1135 loss=0.040
  [epoch 2] step 50/1135 loss=0.072
  [epoch 2] step 60/1135 loss=0.048
  [epoch 2] step 70/1135 loss=0.044
  [epoch 2] step 80/1135 loss=0.071
  [epoch 2] step 90/1135 loss=0.071
  [epoch 2] step 100/1135 loss=0.122
  [epoch 2] step 110/1135 loss=0.055
  [epoch 2] step 120/1135 loss=0.017
  [epoch 2] step 130/1135 loss=0.071
  [epoch 2] step 140/1135 loss=0.024
  [epoch 2] step 150/1135 loss=0.031
  [epoch 2] step 160/1135 loss=0.057
  [epoch 2] step 170/1135 loss=0.057
  [epoch 2] step 180/1135 loss=0.008
  [epoch 2] step 190/1135 loss=0.047
  [epoch 2] step 200/1135 loss=0.049
  [epoch 2] step 210/1135 loss=0.009
  [epoch 2] step 220/1135 loss=0.100
  [epoch 2] step 230/1135 loss=0.003
  [epoch 2] step 240/1135 loss=0.017
  [epoch 2] step 250/1135 loss=0.012
  [epoch 2] step 260/1135 loss=0.003
  [epoch 2] step 270/1135 loss=0.015
  [epoch 2] step 280/1135 loss=0.026
  [epoch 2] step 290/1135 loss=0.020
  [epoch 2] step 300/1135 loss=0.105
  [epoch 2] step 310/1135 loss=0.008
  [epoch 2] step 320/1135 loss=0.023
  [epoch 2] step 330/1135 loss=0.078
  [epoch 2] step 340/1135 loss=0.058
  [epoch 2] step 350/1135 loss=0.055
  [epoch 2] step 360/1135 loss=0.075
  [epoch 2] step 370/1135 loss=0.015
  [epoch 2] step 380/1135 loss=0.022
  [epoch 2] step 390/1135 loss=0.032
  [epoch 2] step 400/1135 loss=0.006
  [epoch 2] step 410/1135 loss=0.071
  [epoch 2] step 420/1135 loss=0.034
  [epoch 2] step 430/1135 loss=0.021
  [epoch 2] step 440/1135 loss=0.004
  [epoch 2] step 450/1135 loss=0.014
  [epoch 2] step 460/1135 loss=0.031
  [epoch 2] step 470/1135 loss=0.033
  [epoch 2] step 480/1135 loss=0.028
  [epoch 2] step 490/1135 loss=0.025
  [epoch 2] step 500/1135 loss=0.040
  [epoch 2] step 510/1135 loss=0.043
  [epoch 2] step 520/1135 loss=0.043
  [epoch 2] step 530/1135 loss=0.004
  [epoch 2] step 540/1135 loss=0.003
  [epoch 2] step 550/1135 loss=0.057
  [epoch 2] step 560/1135 loss=0.099
  [epoch 2] step 570/1135 loss=0.028
  [epoch 2] step 580/1135 loss=0.055
  [epoch 2] step 590/1135 loss=0.022
  [epoch 2] step 600/1135 loss=0.016
  [epoch 2] step 610/1135 loss=0.047
  [epoch 2] step 620/1135 loss=0.050
  [epoch 2] step 630/1135 loss=0.069
  [epoch 2] step 640/1135 loss=0.022
  [epoch 2] step 650/1135 loss=0.010
  [epoch 2] step 660/1135 loss=0.016
  [epoch 2] step 670/1135 loss=0.047
  [epoch 2] step 680/1135 loss=0.042
  [epoch 2] step 690/1135 loss=0.010
  [epoch 2] step 700/1135 loss=0.004
  [epoch 2] step 710/1135 loss=0.016
  [epoch 2] step 720/1135 loss=0.009
  [epoch 2] step 730/1135 loss=0.033
  [epoch 2] step 740/1135 loss=0.088
  [epoch 2] step 750/1135 loss=0.010
  [epoch 2] step 760/1135 loss=0.027
  [epoch 2] step 770/1135 loss=0.008
  [epoch 2] step 780/1135 loss=0.027
  [epoch 2] step 790/1135 loss=0.025
  [epoch 2] step 800/1135 loss=0.033
  [epoch 2] step 810/1135 loss=0.010
  [epoch 2] step 820/1135 loss=0.011
  [epoch 2] step 830/1135 loss=0.042
  [epoch 2] step 840/1135 loss=0.054
  [epoch 2] step 850/1135 loss=0.063
  [epoch 2] step 860/1135 loss=0.017
  [epoch 2] step 870/1135 loss=0.033
  [epoch 2] step 880/1135 loss=0.045
  [epoch 2] step 890/1135 loss=0.068
  [epoch 2] step 900/1135 loss=0.051
  [epoch 2] step 910/1135 loss=0.011
  [epoch 2] step 920/1135 loss=0.036
  [epoch 2] step 930/1135 loss=0.025
  [epoch 2] step 940/1135 loss=0.054
  [epoch 2] step 950/1135 loss=0.026
  [epoch 2] step 960/1135 loss=0.010
  [epoch 2] step 970/1135 loss=0.010
  [epoch 2] step 980/1135 loss=0.028
  [epoch 2] step 990/1135 loss=0.080
  [epoch 2] step 1000/1135 loss=0.029
  [epoch 2] step 1010/1135 loss=0.050
  [epoch 2] step 1020/1135 loss=0.014
  [epoch 2] step 1030/1135 loss=0.012
  [epoch 2] step 1040/1135 loss=0.023
  [epoch 2] step 1050/1135 loss=0.009
  [epoch 2] step 1060/1135 loss=0.077
  [epoch 2] step 1070/1135 loss=0.026
  [epoch 2] step 1080/1135 loss=0.019
  [epoch 2] step 1090/1135 loss=0.018
  [epoch 2] step 1100/1135 loss=0.030
  [epoch 2] step 1110/1135 loss=0.020
  [epoch 2] step 1120/1135 loss=0.025
  [epoch 2] step 1130/1135 loss=0.036
  [epoch 3] step 10/1135 loss=0.052
  [epoch 3] step 20/1135 loss=0.015
  [epoch 3] step 30/1135 loss=0.015
  [epoch 3] step 40/1135 loss=0.027
  [epoch 3] step 50/1135 loss=0.006
  [epoch 3] step 60/1135 loss=0.235
  [epoch 3] step 70/1135 loss=0.063
  [epoch 3] step 80/1135 loss=0.020
  [epoch 3] step 90/1135 loss=0.020
  [epoch 3] step 100/1135 loss=0.110
  [epoch 3] step 110/1135 loss=0.108
  [epoch 3] step 120/1135 loss=0.025
  [epoch 3] step 130/1135 loss=0.032
  [epoch 3] step 140/1135 loss=0.005
  [epoch 3] step 150/1135 loss=0.061
  [epoch 3] step 160/1135 loss=0.009
  [epoch 3] step 170/1135 loss=0.208
  [epoch 3] step 180/1135 loss=0.007
  [epoch 3] step 190/1135 loss=0.028
  [epoch 3] step 200/1135 loss=0.006
  [epoch 3] step 210/1135 loss=0.017
  [epoch 3] step 220/1135 loss=0.043
  [epoch 3] step 230/1135 loss=0.009
  [epoch 3] step 240/1135 loss=0.009
  [epoch 3] step 250/1135 loss=0.020
  [epoch 3] step 260/1135 loss=0.033
  [epoch 3] step 270/1135 loss=0.039
  [epoch 3] step 280/1135 loss=0.033
  [epoch 3] step 290/1135 loss=0.028
  [epoch 3] step 300/1135 loss=0.045
  [epoch 3] step 310/1135 loss=0.013
  [epoch 3] step 320/1135 loss=0.027
  [epoch 3] step 330/1135 loss=0.058
  [epoch 3] step 340/1135 loss=0.039
  [epoch 3] step 350/1135 loss=0.007
  [epoch 3] step 360/1135 loss=0.013
  [epoch 3] step 370/1135 loss=0.020
  [epoch 3] step 380/1135 loss=0.263
  [epoch 3] step 390/1135 loss=0.013
  [epoch 3] step 400/1135 loss=0.072
  [epoch 3] step 410/1135 loss=0.034
  [epoch 3] step 420/1135 loss=0.043
  [epoch 3] step 430/1135 loss=0.077
  [epoch 3] step 440/1135 loss=0.009
  [epoch 3] step 450/1135 loss=0.035
  [epoch 3] step 460/1135 loss=0.005
  [epoch 3] step 470/1135 loss=0.010
  [epoch 3] step 480/1135 loss=0.005
  [epoch 3] step 490/1135 loss=0.024
  [epoch 3] step 500/1135 loss=0.004
  [epoch 3] step 510/1135 loss=0.050
  [epoch 3] step 520/1135 loss=0.022
  [epoch 3] step 530/1135 loss=0.013
  [epoch 3] step 540/1135 loss=0.071
  [epoch 3] step 550/1135 loss=0.004
  [epoch 3] step 560/1135 loss=0.120
  [epoch 3] step 570/1135 loss=0.043
  [epoch 3] step 580/1135 loss=0.012
  [epoch 3] step 590/1135 loss=0.025
  [epoch 3] step 600/1135 loss=0.018
  [epoch 3] step 610/1135 loss=0.002
  [epoch 3] step 620/1135 loss=0.042
  [epoch 3] step 630/1135 loss=0.011
  [epoch 3] step 640/1135 loss=0.022
  [epoch 3] step 650/1135 loss=0.028
  [epoch 3] step 660/1135 loss=0.035
  [epoch 3] step 670/1135 loss=0.014
  [epoch 3] step 680/1135 loss=0.065
  [epoch 3] step 690/1135 loss=0.104
  [epoch 3] step 700/1135 loss=0.025
  [epoch 3] step 710/1135 loss=0.018
  [epoch 3] step 720/1135 loss=0.009
  [epoch 3] step 730/1135 loss=0.020
  [epoch 3] step 740/1135 loss=0.007
  [epoch 3] step 750/1135 loss=0.013
  [epoch 3] step 760/1135 loss=0.036
  [epoch 3] step 770/1135 loss=0.008
  [epoch 3] step 780/1135 loss=0.038
  [epoch 3] step 790/1135 loss=0.009
  [epoch 3] step 800/1135 loss=0.026
  [epoch 3] step 810/1135 loss=0.032
  [epoch 3] step 820/1135 loss=0.003
  [epoch 3] step 830/1135 loss=0.023
  [epoch 3] step 840/1135 loss=0.002
  [epoch 3] step 850/1135 loss=0.006
  [epoch 3] step 860/1135 loss=0.046
  [epoch 3] step 870/1135 loss=0.029
  [epoch 3] step 880/1135 loss=0.011
  [epoch 3] step 890/1135 loss=0.015
  [epoch 3] step 900/1135 loss=0.035
  [epoch 3] step 910/1135 loss=0.003
  [epoch 3] step 920/1135 loss=0.008
  [epoch 3] step 930/1135 loss=0.022
  [epoch 3] step 940/1135 loss=0.036
  [epoch 3] step 950/1135 loss=0.041
  [epoch 3] step 960/1135 loss=0.028
  [epoch 3] step 970/1135 loss=0.008
  [epoch 3] step 980/1135 loss=0.040
  [epoch 3] step 990/1135 loss=0.006
  [epoch 3] step 1000/1135 loss=0.029
  [epoch 3] step 1010/1135 loss=0.023
  [epoch 3] step 1020/1135 loss=0.035
  [epoch 3] step 1030/1135 loss=0.010
  [epoch 3] step 1040/1135 loss=0.017
  [epoch 3] step 1050/1135 loss=0.023
  [epoch 3] step 1060/1135 loss=0.022
  [epoch 3] step 1070/1135 loss=0.005
  [epoch 3] step 1080/1135 loss=0.026
  [epoch 3] step 1090/1135 loss=0.005
  [epoch 3] step 1100/1135 loss=0.009
  [epoch 3] step 1110/1135 loss=0.035
  [epoch 3] step 1120/1135 loss=0.068
  [epoch 3] step 1130/1135 loss=0.054
  [epoch 4] step 10/1135 loss=0.012
  [epoch 4] step 20/1135 loss=0.020
  [epoch 4] step 30/1135 loss=0.016
  [epoch 4] step 40/1135 loss=0.024
  [epoch 4] step 50/1135 loss=0.002
  [epoch 4] step 60/1135 loss=0.019
  [epoch 4] step 70/1135 loss=0.013
  [epoch 4] step 80/1135 loss=0.006
  [epoch 4] step 90/1135 loss=0.003
  [epoch 4] step 100/1135 loss=0.031
  [epoch 4] step 110/1135 loss=0.015
  [epoch 4] step 120/1135 loss=0.055
  [epoch 4] step 130/1135 loss=0.023
  [epoch 4] step 140/1135 loss=0.008
  [epoch 4] step 150/1135 loss=0.017
  [epoch 4] step 160/1135 loss=0.032
  [epoch 4] step 170/1135 loss=0.030
  [epoch 4] step 180/1135 loss=0.033
  [epoch 4] step 190/1135 loss=0.011
  [epoch 4] step 200/1135 loss=0.024
  [epoch 4] step 210/1135 loss=0.014
  [epoch 4] step 220/1135 loss=0.006
  [epoch 4] step 230/1135 loss=0.013
  [epoch 4] step 240/1135 loss=0.019
  [epoch 4] step 250/1135 loss=0.016
  [epoch 4] step 260/1135 loss=0.001
  [epoch 4] step 270/1135 loss=0.030
  [epoch 4] step 280/1135 loss=0.045
  [epoch 4] step 290/1135 loss=0.020
  [epoch 4] step 300/1135 loss=0.008
  [epoch 4] step 310/1135 loss=0.007
  [epoch 4] step 320/1135 loss=0.033
  [epoch 4] step 330/1135 loss=0.009
  [epoch 4] step 340/1135 loss=0.011
  [epoch 4] step 350/1135 loss=0.010
  [epoch 4] step 360/1135 loss=0.012
  [epoch 4] step 370/1135 loss=0.018
  [epoch 4] step 380/1135 loss=0.008
  [epoch 4] step 390/1135 loss=0.011
  [epoch 4] step 400/1135 loss=0.017
  [epoch 4] step 410/1135 loss=0.016
  [epoch 4] step 420/1135 loss=0.011
  [epoch 4] step 430/1135 loss=0.019
  [epoch 4] step 440/1135 loss=0.007
  [epoch 4] step 450/1135 loss=0.024
  [epoch 4] step 460/1135 loss=0.056
  [epoch 4] step 470/1135 loss=0.017
  [epoch 4] step 480/1135 loss=0.016
  [epoch 4] step 490/1135 loss=0.057
  [epoch 4] step 500/1135 loss=0.014
  [epoch 4] step 510/1135 loss=0.002
  [epoch 4] step 520/1135 loss=0.045
  [epoch 4] step 530/1135 loss=0.009
  [epoch 4] step 540/1135 loss=0.087
  [epoch 4] step 550/1135 loss=0.005
  [epoch 4] step 560/1135 loss=0.057
  [epoch 4] step 570/1135 loss=0.042
  [epoch 4] step 580/1135 loss=0.015
  [epoch 4] step 590/1135 loss=0.033
  [epoch 4] step 600/1135 loss=0.023
  [epoch 4] step 610/1135 loss=0.015
  [epoch 4] step 620/1135 loss=0.040
  [epoch 4] step 630/1135 loss=0.017
  [epoch 4] step 640/1135 loss=0.009
  [epoch 4] step 650/1135 loss=0.017
  [epoch 4] step 660/1135 loss=0.042
  [epoch 4] step 670/1135 loss=0.025
  [epoch 4] step 680/1135 loss=0.058
  [epoch 4] step 690/1135 loss=0.019
  [epoch 4] step 700/1135 loss=0.030
  [epoch 4] step 710/1135 loss=0.048
  [epoch 4] step 720/1135 loss=0.029
  [epoch 4] step 730/1135 loss=0.016
  [epoch 4] step 740/1135 loss=0.052
  [epoch 4] step 750/1135 loss=0.033
  [epoch 4] step 760/1135 loss=0.020
  [epoch 4] step 770/1135 loss=0.031
  [epoch 4] step 780/1135 loss=0.002
  [epoch 4] step 790/1135 loss=0.020
  [epoch 4] step 800/1135 loss=0.062
  [epoch 4] step 810/1135 loss=0.017
  [epoch 4] step 820/1135 loss=0.044
  [epoch 4] step 830/1135 loss=0.017
  [epoch 4] step 840/1135 loss=0.064
  [epoch 4] step 850/1135 loss=0.004
  [epoch 4] step 860/1135 loss=0.044
  [epoch 4] step 870/1135 loss=0.016
  [epoch 4] step 880/1135 loss=0.007
  [epoch 4] step 890/1135 loss=0.010
  [epoch 4] step 900/1135 loss=0.045
  [epoch 4] step 910/1135 loss=0.048
  [epoch 4] step 920/1135 loss=0.008
  [epoch 4] step 930/1135 loss=0.012
  [epoch 4] step 940/1135 loss=0.026
  [epoch 4] step 950/1135 loss=0.019
  [epoch 4] step 960/1135 loss=0.016
  [epoch 4] step 970/1135 loss=0.030
  [epoch 4] step 980/1135 loss=0.034
  [epoch 4] step 990/1135 loss=0.033
  [epoch 4] step 1000/1135 loss=0.046
  [epoch 4] step 1010/1135 loss=0.016
  [epoch 4] step 1020/1135 loss=0.039
  [epoch 4] step 1030/1135 loss=0.010
  [epoch 4] step 1040/1135 loss=0.059
  [epoch 4] step 1050/1135 loss=0.031
  [epoch 4] step 1060/1135 loss=0.005
  [epoch 4] step 1070/1135 loss=0.002
  [epoch 4] step 1080/1135 loss=0.029
  [epoch 4] step 1090/1135 loss=0.013
  [epoch 4] step 1100/1135 loss=0.008
  [epoch 4] step 1110/1135 loss=0.047
  [epoch 4] step 1120/1135 loss=0.049
  [epoch 4] step 1130/1135 loss=0.047
  [epoch 5] step 10/1135 loss=0.022
  [epoch 5] step 20/1135 loss=0.008
  [epoch 5] step 30/1135 loss=0.028
  [epoch 5] step 40/1135 loss=0.034
  [epoch 5] step 50/1135 loss=0.047
  [epoch 5] step 60/1135 loss=0.012
  [epoch 5] step 70/1135 loss=0.014
  [epoch 5] step 80/1135 loss=0.025
  [epoch 5] step 90/1135 loss=0.010
  [epoch 5] step 100/1135 loss=0.023
  [epoch 5] step 110/1135 loss=0.012
  [epoch 5] step 120/1135 loss=0.032
  [epoch 5] step 130/1135 loss=0.036
  [epoch 5] step 140/1135 loss=0.009
  [epoch 5] step 150/1135 loss=0.025
  [epoch 5] step 160/1135 loss=0.035
  [epoch 5] step 170/1135 loss=0.113
  [epoch 5] step 180/1135 loss=0.008
  [epoch 5] step 190/1135 loss=0.044
  [epoch 5] step 200/1135 loss=0.016
  [epoch 5] step 210/1135 loss=0.031
  [epoch 5] step 220/1135 loss=0.050
  [epoch 5] step 230/1135 loss=0.016
  [epoch 5] step 240/1135 loss=0.074
  [epoch 5] step 250/1135 loss=0.034
  [epoch 5] step 260/1135 loss=0.019
  [epoch 5] step 270/1135 loss=0.037
  [epoch 5] step 280/1135 loss=0.025
  [epoch 5] step 290/1135 loss=0.027
  [epoch 5] step 300/1135 loss=0.002
  [epoch 5] step 310/1135 loss=0.014
  [epoch 5] step 320/1135 loss=0.008
  [epoch 5] step 330/1135 loss=0.049
  [epoch 5] step 340/1135 loss=0.011
  [epoch 5] step 350/1135 loss=0.008
  [epoch 5] step 360/1135 loss=0.088
  [epoch 5] step 370/1135 loss=0.039
  [epoch 5] step 380/1135 loss=0.020
  [epoch 5] step 390/1135 loss=0.031
  [epoch 5] step 400/1135 loss=0.049
  [epoch 5] step 410/1135 loss=0.018
  [epoch 5] step 420/1135 loss=0.014
  [epoch 5] step 430/1135 loss=0.022
  [epoch 5] step 440/1135 loss=0.010
  [epoch 5] step 450/1135 loss=0.002
  [epoch 5] step 460/1135 loss=0.054
  [epoch 5] step 470/1135 loss=0.044
  [epoch 5] step 480/1135 loss=0.043
  [epoch 5] step 490/1135 loss=0.009
  [epoch 5] step 500/1135 loss=0.002
  [epoch 5] step 510/1135 loss=0.027
  [epoch 5] step 520/1135 loss=0.006
  [epoch 5] step 530/1135 loss=0.016
  [epoch 5] step 540/1135 loss=0.015
  [epoch 5] step 550/1135 loss=0.006
  [epoch 5] step 560/1135 loss=0.012
  [epoch 5] step 570/1135 loss=0.030
  [epoch 5] step 580/1135 loss=0.062
  [epoch 5] step 590/1135 loss=0.023
  [epoch 5] step 600/1135 loss=0.011
  [epoch 5] step 610/1135 loss=0.010
  [epoch 5] step 620/1135 loss=0.017
  [epoch 5] step 630/1135 loss=0.024
  [epoch 5] step 640/1135 loss=0.030
  [epoch 5] step 650/1135 loss=0.008
  [epoch 5] step 660/1135 loss=0.026
  [epoch 5] step 670/1135 loss=0.056
  [epoch 5] step 680/1135 loss=0.005
  [epoch 5] step 690/1135 loss=0.009
  [epoch 5] step 700/1135 loss=0.035
  [epoch 5] step 710/1135 loss=0.020
  [epoch 5] step 720/1135 loss=0.009
  [epoch 5] step 730/1135 loss=0.042
  [epoch 5] step 740/1135 loss=0.011
  [epoch 5] step 750/1135 loss=0.037
  [epoch 5] step 760/1135 loss=0.044
  [epoch 5] step 770/1135 loss=0.055
  [epoch 5] step 780/1135 loss=0.012
  [epoch 5] step 790/1135 loss=0.071
  [epoch 5] step 800/1135 loss=0.009
  [epoch 5] step 810/1135 loss=0.015
  [epoch 5] step 820/1135 loss=0.034
  [epoch 5] step 830/1135 loss=0.007
  [epoch 5] step 840/1135 loss=0.035
  [epoch 5] step 850/1135 loss=0.011
  [epoch 5] step 860/1135 loss=0.068
  [epoch 5] step 870/1135 loss=0.016
  [epoch 5] step 880/1135 loss=0.011
  [epoch 5] step 890/1135 loss=0.030
  [epoch 5] step 900/1135 loss=0.009
  [epoch 5] step 910/1135 loss=0.006
  [epoch 5] step 920/1135 loss=0.031
  [epoch 5] step 930/1135 loss=0.060
  [epoch 5] step 940/1135 loss=0.032
  [epoch 5] step 950/1135 loss=0.018
  [epoch 5] step 960/1135 loss=0.073
  [epoch 5] step 970/1135 loss=0.040
  [epoch 5] step 980/1135 loss=0.034
  [epoch 5] step 990/1135 loss=0.003
  [epoch 5] step 1000/1135 loss=0.010
  [epoch 5] step 1010/1135 loss=0.032
  [epoch 5] step 1020/1135 loss=0.014
  [epoch 5] step 1030/1135 loss=0.035
  [epoch 5] step 1040/1135 loss=0.039
  [epoch 5] step 1050/1135 loss=0.023
  [epoch 5] step 1060/1135 loss=0.008
  [epoch 5] step 1070/1135 loss=0.035
  [epoch 5] step 1080/1135 loss=0.029
  [epoch 5] step 1090/1135 loss=0.002
  [epoch 5] step 1100/1135 loss=0.042
  [epoch 5] step 1110/1135 loss=0.028
  [epoch 5] step 1120/1135 loss=0.025
  [epoch 5] step 1130/1135 loss=0.053
  [epoch 6] step 10/1135 loss=0.098
  [epoch 6] step 20/1135 loss=0.032
  [epoch 6] step 30/1135 loss=0.035
  [epoch 6] step 40/1135 loss=0.027
  [epoch 6] step 50/1135 loss=0.119
  [epoch 6] step 60/1135 loss=0.013
  [epoch 6] step 70/1135 loss=0.002
  [epoch 6] step 80/1135 loss=0.016
  [epoch 6] step 90/1135 loss=0.007
  [epoch 6] step 100/1135 loss=0.104
  [epoch 6] step 110/1135 loss=0.030
  [epoch 6] step 120/1135 loss=0.039
  [epoch 6] step 130/1135 loss=0.010
  [epoch 6] step 140/1135 loss=0.033
  [epoch 6] step 150/1135 loss=0.013
  [epoch 6] step 160/1135 loss=0.036
  [epoch 6] step 170/1135 loss=0.033
  [epoch 6] step 180/1135 loss=0.018
  [epoch 6] step 190/1135 loss=0.023
  [epoch 6] step 200/1135 loss=0.011
  [epoch 6] step 210/1135 loss=0.010
  [epoch 6] step 220/1135 loss=0.015
  [epoch 6] step 230/1135 loss=0.069
  [epoch 6] step 240/1135 loss=0.031
  [epoch 6] step 250/1135 loss=0.005
  [epoch 6] step 260/1135 loss=0.004
  [epoch 6] step 270/1135 loss=0.008
  [epoch 6] step 280/1135 loss=0.070
  [epoch 6] step 290/1135 loss=0.006
  [epoch 6] step 300/1135 loss=0.003
  [epoch 6] step 310/1135 loss=0.010
  [epoch 6] step 320/1135 loss=0.016
  [epoch 6] step 330/1135 loss=0.053
  [epoch 6] step 340/1135 loss=0.005
  [epoch 6] step 350/1135 loss=0.096
  [epoch 6] step 360/1135 loss=0.007
  [epoch 6] step 370/1135 loss=0.004
  [epoch 6] step 380/1135 loss=0.021
  [epoch 6] step 390/1135 loss=0.009
  [epoch 6] step 400/1135 loss=0.027
  [epoch 6] step 410/1135 loss=0.007
  [epoch 6] step 420/1135 loss=0.007
  [epoch 6] step 430/1135 loss=0.017
  [epoch 6] step 440/1135 loss=0.017
  [epoch 6] step 450/1135 loss=0.012
  [epoch 6] step 460/1135 loss=0.007
  [epoch 6] step 470/1135 loss=0.051
  [epoch 6] step 480/1135 loss=0.009
  [epoch 6] step 490/1135 loss=0.012
  [epoch 6] step 500/1135 loss=0.003
  [epoch 6] step 510/1135 loss=0.007
  [epoch 6] step 520/1135 loss=0.013
  [epoch 6] step 530/1135 loss=0.001
  [epoch 6] step 540/1135 loss=0.012
  [epoch 6] step 550/1135 loss=0.028
  [epoch 6] step 560/1135 loss=0.029
  [epoch 6] step 570/1135 loss=0.052
  [epoch 6] step 580/1135 loss=0.012
  [epoch 6] step 590/1135 loss=0.011
  [epoch 6] step 600/1135 loss=0.029
  [epoch 6] step 610/1135 loss=0.005
  [epoch 6] step 620/1135 loss=0.047
  [epoch 6] step 630/1135 loss=0.011
  [epoch 6] step 640/1135 loss=0.012
  [epoch 6] step 650/1135 loss=0.032
  [epoch 6] step 660/1135 loss=0.003
  [epoch 6] step 670/1135 loss=0.014
  [epoch 6] step 680/1135 loss=0.010
  [epoch 6] step 690/1135 loss=0.006
  [epoch 6] step 700/1135 loss=0.004
  [epoch 6] step 710/1135 loss=0.144
  [epoch 6] step 720/1135 loss=0.059
  [epoch 6] step 730/1135 loss=0.017
  [epoch 6] step 740/1135 loss=0.041
  [epoch 6] step 750/1135 loss=0.013
  [epoch 6] step 760/1135 loss=0.027
  [epoch 6] step 770/1135 loss=0.016
  [epoch 6] step 780/1135 loss=0.031
  [epoch 6] step 790/1135 loss=0.033
  [epoch 6] step 800/1135 loss=0.003
  [epoch 6] step 810/1135 loss=0.009
  [epoch 6] step 820/1135 loss=0.013
  [epoch 6] step 830/1135 loss=0.009
  [epoch 6] step 840/1135 loss=0.046
  [epoch 6] step 850/1135 loss=0.037
  [epoch 6] step 860/1135 loss=0.038
  [epoch 6] step 870/1135 loss=0.029
  [epoch 6] step 880/1135 loss=0.013
  [epoch 6] step 890/1135 loss=0.006
  [epoch 6] step 900/1135 loss=0.009
  [epoch 6] step 910/1135 loss=0.028
  [epoch 6] step 920/1135 loss=0.010
  [epoch 6] step 930/1135 loss=0.035
  [epoch 6] step 940/1135 loss=0.029
  [epoch 6] step 950/1135 loss=0.005
  [epoch 6] step 960/1135 loss=0.011
  [epoch 6] step 970/1135 loss=0.014
  [epoch 6] step 980/1135 loss=0.003
  [epoch 6] step 990/1135 loss=0.044
  [epoch 6] step 1000/1135 loss=0.008
  [epoch 6] step 1010/1135 loss=0.019
  [epoch 6] step 1020/1135 loss=0.055
  [epoch 6] step 1030/1135 loss=0.009
  [epoch 6] step 1040/1135 loss=0.011
  [epoch 6] step 1050/1135 loss=0.095
  [epoch 6] step 1060/1135 loss=0.036
  [epoch 6] step 1070/1135 loss=0.009
  [epoch 6] step 1080/1135 loss=0.003
  [epoch 6] step 1090/1135 loss=0.007
  [epoch 6] step 1100/1135 loss=0.024
  [epoch 6] step 1110/1135 loss=0.034
  [epoch 6] step 1120/1135 loss=0.028
  [epoch 6] step 1130/1135 loss=0.036
  [epoch 7] step 10/1135 loss=0.027
  [epoch 7] step 20/1135 loss=0.022
  [epoch 7] step 30/1135 loss=0.008
  [epoch 7] step 40/1135 loss=0.073
  [epoch 7] step 50/1135 loss=0.021
  [epoch 7] step 60/1135 loss=0.032
  [epoch 7] step 70/1135 loss=0.005
  [epoch 7] step 80/1135 loss=0.013
  [epoch 7] step 90/1135 loss=0.048
  [epoch 7] step 100/1135 loss=0.006
  [epoch 7] step 110/1135 loss=0.005
  [epoch 7] step 120/1135 loss=0.055
  [epoch 7] step 130/1135 loss=0.017
  [epoch 7] step 140/1135 loss=0.019
  [epoch 7] step 150/1135 loss=0.020
  [epoch 7] step 160/1135 loss=0.011
  [epoch 7] step 170/1135 loss=0.012
  [epoch 7] step 180/1135 loss=0.002
  [epoch 7] step 190/1135 loss=0.038
  [epoch 7] step 200/1135 loss=0.082
  [epoch 7] step 210/1135 loss=0.032
  [epoch 7] step 220/1135 loss=0.009
  [epoch 7] step 230/1135 loss=0.006
  [epoch 7] step 240/1135 loss=0.021
  [epoch 7] step 250/1135 loss=0.019
  [epoch 7] step 260/1135 loss=0.018
  [epoch 7] step 270/1135 loss=0.039
  [epoch 7] step 280/1135 loss=0.031
  [epoch 7] step 290/1135 loss=0.036
  [epoch 7] step 300/1135 loss=0.007
  [epoch 7] step 310/1135 loss=0.012
  [epoch 7] step 320/1135 loss=0.015
  [epoch 7] step 330/1135 loss=0.014
  [epoch 7] step 340/1135 loss=0.062
  [epoch 7] step 350/1135 loss=0.011
  [epoch 7] step 360/1135 loss=0.011
  [epoch 7] step 370/1135 loss=0.008
  [epoch 7] step 380/1135 loss=0.022
  [epoch 7] step 390/1135 loss=0.028
  [epoch 7] step 400/1135 loss=0.016
  [epoch 7] step 410/1135 loss=0.005
  [epoch 7] step 420/1135 loss=0.024
  [epoch 7] step 430/1135 loss=0.019
  [epoch 7] step 440/1135 loss=0.041
  [epoch 7] step 450/1135 loss=0.006
  [epoch 7] step 460/1135 loss=0.017
  [epoch 7] step 470/1135 loss=0.068
  [epoch 7] step 480/1135 loss=0.002
  [epoch 7] step 490/1135 loss=0.048
  [epoch 7] step 500/1135 loss=0.031
  [epoch 7] step 510/1135 loss=0.016
  [epoch 7] step 520/1135 loss=0.042
  [epoch 7] step 530/1135 loss=0.019
  [epoch 7] step 540/1135 loss=0.005
  [epoch 7] step 550/1135 loss=0.010
  [epoch 7] step 560/1135 loss=0.005
  [epoch 7] step 570/1135 loss=0.011
  [epoch 7] step 580/1135 loss=0.019
  [epoch 7] step 590/1135 loss=0.009
  [epoch 7] step 600/1135 loss=0.047
  [epoch 7] step 610/1135 loss=0.011
  [epoch 7] step 620/1135 loss=0.013
  [epoch 7] step 630/1135 loss=0.022
  [epoch 7] step 640/1135 loss=0.005
  [epoch 7] step 650/1135 loss=0.005
  [epoch 7] step 660/1135 loss=0.009
  [epoch 7] step 670/1135 loss=0.034
  [epoch 7] step 680/1135 loss=0.008
  [epoch 7] step 690/1135 loss=0.022
  [epoch 7] step 700/1135 loss=0.003
  [epoch 7] step 710/1135 loss=0.010
  [epoch 7] step 720/1135 loss=0.006
  [epoch 7] step 730/1135 loss=0.008
  [epoch 7] step 740/1135 loss=0.010
  [epoch 7] step 750/1135 loss=0.004
  [epoch 7] step 760/1135 loss=0.011
  [epoch 7] step 770/1135 loss=0.022
  [epoch 7] step 780/1135 loss=0.003
  [epoch 7] step 790/1135 loss=0.039
  [epoch 7] step 800/1135 loss=0.008
  [epoch 7] step 810/1135 loss=0.023
  [epoch 7] step 820/1135 loss=0.078
  [epoch 7] step 830/1135 loss=0.008
  [epoch 7] step 840/1135 loss=0.012
  [epoch 7] step 850/1135 loss=0.006
  [epoch 7] step 860/1135 loss=0.005
  [epoch 7] step 870/1135 loss=0.002
  [epoch 7] step 880/1135 loss=0.012
  [epoch 7] step 890/1135 loss=0.006
  [epoch 7] step 900/1135 loss=0.015
  [epoch 7] step 910/1135 loss=0.018
  [epoch 7] step 920/1135 loss=0.010
  [epoch 7] step 930/1135 loss=0.005
  [epoch 7] step 940/1135 loss=0.013
  [epoch 7] step 950/1135 loss=0.004
  [epoch 7] step 960/1135 loss=0.034
  [epoch 7] step 970/1135 loss=0.010
  [epoch 7] step 980/1135 loss=0.030
  [epoch 7] step 990/1135 loss=0.014
  [epoch 7] step 1000/1135 loss=0.026
  [epoch 7] step 1010/1135 loss=0.029
  [epoch 7] step 1020/1135 loss=0.027
  [epoch 7] step 1030/1135 loss=0.030
  [epoch 7] step 1040/1135 loss=0.016
  [epoch 7] step 1050/1135 loss=0.042
  [epoch 7] step 1060/1135 loss=0.028
  [epoch 7] step 1070/1135 loss=0.040
  [epoch 7] step 1080/1135 loss=0.025
  [epoch 7] step 1090/1135 loss=0.051
  [epoch 7] step 1100/1135 loss=0.029
  [epoch 7] step 1110/1135 loss=0.015
  [epoch 7] step 1120/1135 loss=0.012
  [epoch 7] step 1130/1135 loss=0.007
  [epoch 8] step 10/1135 loss=0.001
  [epoch 8] step 20/1135 loss=0.006
  [epoch 8] step 30/1135 loss=0.013
  [epoch 8] step 40/1135 loss=0.002
  [epoch 8] step 50/1135 loss=0.072
  [epoch 8] step 60/1135 loss=0.009
  [epoch 8] step 70/1135 loss=0.008
  [epoch 8] step 80/1135 loss=0.065
  [epoch 8] step 90/1135 loss=0.008
  [epoch 8] step 100/1135 loss=0.008
  [epoch 8] step 110/1135 loss=0.019
  [epoch 8] step 120/1135 loss=0.057
  [epoch 8] step 130/1135 loss=0.008
  [epoch 8] step 140/1135 loss=0.005
  [epoch 8] step 150/1135 loss=0.026
  [epoch 8] step 160/1135 loss=0.007
  [epoch 8] step 170/1135 loss=0.073
  [epoch 8] step 180/1135 loss=0.009
  [epoch 8] step 190/1135 loss=0.030
  [epoch 8] step 200/1135 loss=0.017
  [epoch 8] step 210/1135 loss=0.034
  [epoch 8] step 220/1135 loss=0.009
  [epoch 8] step 230/1135 loss=0.024
  [epoch 8] step 240/1135 loss=0.052
  [epoch 8] step 250/1135 loss=0.030
  [epoch 8] step 260/1135 loss=0.011
  [epoch 8] step 270/1135 loss=0.033
  [epoch 8] step 280/1135 loss=0.008
  [epoch 8] step 290/1135 loss=0.029
  [epoch 8] step 300/1135 loss=0.002
  [epoch 8] step 310/1135 loss=0.005
  [epoch 8] step 320/1135 loss=0.008
  [epoch 8] step 330/1135 loss=0.365
  [epoch 8] step 340/1135 loss=0.034
  [epoch 8] step 350/1135 loss=0.012
  [epoch 8] step 360/1135 loss=0.017
  [epoch 8] step 370/1135 loss=0.044
  [epoch 8] step 380/1135 loss=0.009
  [epoch 8] step 390/1135 loss=0.016
  [epoch 8] step 400/1135 loss=0.074
  [epoch 8] step 410/1135 loss=0.026
  [epoch 8] step 420/1135 loss=0.024
  [epoch 8] step 430/1135 loss=0.018
  [epoch 8] step 440/1135 loss=0.131
  [epoch 8] step 450/1135 loss=0.030
  [epoch 8] step 460/1135 loss=0.059
  [epoch 8] step 470/1135 loss=0.019
  [epoch 8] step 480/1135 loss=0.055
  [epoch 8] step 490/1135 loss=0.059
  [epoch 8] step 500/1135 loss=0.003
  [epoch 8] step 510/1135 loss=0.005
  [epoch 8] step 520/1135 loss=0.046
  [epoch 8] step 530/1135 loss=0.059
  [epoch 8] step 540/1135 loss=0.016
  [epoch 8] step 550/1135 loss=0.051
  [epoch 8] step 560/1135 loss=0.019
  [epoch 8] step 570/1135 loss=0.010
  [epoch 8] step 580/1135 loss=0.042
  [epoch 8] step 590/1135 loss=0.041
  [epoch 8] step 600/1135 loss=0.037
  [epoch 8] step 610/1135 loss=0.019
  [epoch 8] step 620/1135 loss=0.020
  [epoch 8] step 630/1135 loss=0.045
  [epoch 8] step 640/1135 loss=0.028
  [epoch 8] step 650/1135 loss=0.007
  [epoch 8] step 660/1135 loss=0.011
  [epoch 8] step 670/1135 loss=0.009
  [epoch 8] step 680/1135 loss=0.028
  [epoch 8] step 690/1135 loss=0.027
  [epoch 8] step 700/1135 loss=0.002
  [epoch 8] step 710/1135 loss=0.021
  [epoch 8] step 720/1135 loss=0.088
  [epoch 8] step 730/1135 loss=0.011
  [epoch 8] step 740/1135 loss=0.004
  [epoch 8] step 750/1135 loss=0.003
  [epoch 8] step 760/1135 loss=0.004
  [epoch 8] step 770/1135 loss=0.025
  [epoch 8] step 780/1135 loss=0.010
  [epoch 8] step 790/1135 loss=0.004
  [epoch 8] step 800/1135 loss=0.006
  [epoch 8] step 810/1135 loss=0.011
  [epoch 8] step 820/1135 loss=0.013
  [epoch 8] step 830/1135 loss=0.006
  [epoch 8] step 840/1135 loss=0.019
  [epoch 8] step 850/1135 loss=0.004
  [epoch 8] step 860/1135 loss=0.007
  [epoch 8] step 870/1135 loss=0.001
  [epoch 8] step 880/1135 loss=0.050
  [epoch 8] step 890/1135 loss=0.026
  [epoch 8] step 900/1135 loss=0.040
  [epoch 8] step 910/1135 loss=0.016
  [epoch 8] step 920/1135 loss=0.019
  [epoch 8] step 930/1135 loss=0.015
  [epoch 8] step 940/1135 loss=0.028
  [epoch 8] step 950/1135 loss=0.014
  [epoch 8] step 960/1135 loss=0.019
  [epoch 8] step 970/1135 loss=0.016
  [epoch 8] step 980/1135 loss=0.011
  [epoch 8] step 990/1135 loss=0.045
  [epoch 8] step 1000/1135 loss=0.004
  [epoch 8] step 1010/1135 loss=0.016
  [epoch 8] step 1020/1135 loss=0.009
  [epoch 8] step 1030/1135 loss=0.017
  [epoch 8] step 1040/1135 loss=0.035
  [epoch 8] step 1050/1135 loss=0.002
  [epoch 8] step 1060/1135 loss=0.004
  [epoch 8] step 1070/1135 loss=0.110
  [epoch 8] step 1080/1135 loss=0.009
  [epoch 8] step 1090/1135 loss=0.005
  [epoch 8] step 1100/1135 loss=0.004
  [epoch 8] step 1110/1135 loss=0.054
  [epoch 8] step 1120/1135 loss=0.041
  [epoch 8] step 1130/1135 loss=0.037
  [epoch 9] step 10/1135 loss=0.072
  [epoch 9] step 20/1135 loss=0.009
  [epoch 9] step 30/1135 loss=0.013
  [epoch 9] step 40/1135 loss=0.015
  [epoch 9] step 50/1135 loss=0.031
  [epoch 9] step 60/1135 loss=0.021
  [epoch 9] step 70/1135 loss=0.065
  [epoch 9] step 80/1135 loss=0.018
  [epoch 9] step 90/1135 loss=0.012
  [epoch 9] step 100/1135 loss=0.018
  [epoch 9] step 110/1135 loss=0.048
  [epoch 9] step 120/1135 loss=0.057
  [epoch 9] step 130/1135 loss=0.016
  [epoch 9] step 140/1135 loss=0.004
  [epoch 9] step 150/1135 loss=0.012
  [epoch 9] step 160/1135 loss=0.030
  [epoch 9] step 170/1135 loss=0.004
  [epoch 9] step 180/1135 loss=0.021
  [epoch 9] step 190/1135 loss=0.003
  [epoch 9] step 200/1135 loss=0.022
  [epoch 9] step 210/1135 loss=0.017
  [epoch 9] step 220/1135 loss=0.040
  [epoch 9] step 230/1135 loss=0.005
  [epoch 9] step 240/1135 loss=0.017
  [epoch 9] step 250/1135 loss=0.031
  [epoch 9] step 260/1135 loss=0.005
  [epoch 9] step 270/1135 loss=0.049
  [epoch 9] step 280/1135 loss=0.025
  [epoch 9] step 290/1135 loss=0.009
  [epoch 9] step 300/1135 loss=0.006
  [epoch 9] step 310/1135 loss=0.026
  [epoch 9] step 320/1135 loss=0.005
  [epoch 9] step 330/1135 loss=0.003
  [epoch 9] step 340/1135 loss=0.013
  [epoch 9] step 350/1135 loss=0.008
  [epoch 9] step 360/1135 loss=0.015
  [epoch 9] step 370/1135 loss=0.042
  [epoch 9] step 380/1135 loss=0.012
  [epoch 9] step 390/1135 loss=0.069
  [epoch 9] step 400/1135 loss=0.033
  [epoch 9] step 410/1135 loss=0.043
  [epoch 9] step 420/1135 loss=0.017
  [epoch 9] step 430/1135 loss=0.015
  [epoch 9] step 440/1135 loss=0.012
  [epoch 9] step 450/1135 loss=0.012
  [epoch 9] step 460/1135 loss=0.010
  [epoch 9] step 470/1135 loss=0.053
  [epoch 9] step 480/1135 loss=0.024
  [epoch 9] step 490/1135 loss=0.008
  [epoch 9] step 500/1135 loss=0.013
  [epoch 9] step 510/1135 loss=0.016
  [epoch 9] step 520/1135 loss=0.030
  [epoch 9] step 530/1135 loss=0.005
  [epoch 9] step 540/1135 loss=0.077
  [epoch 9] step 550/1135 loss=0.006
  [epoch 9] step 560/1135 loss=0.016
  [epoch 9] step 570/1135 loss=0.006
  [epoch 9] step 580/1135 loss=0.006
  [epoch 9] step 590/1135 loss=0.027
  [epoch 9] step 600/1135 loss=0.004
  [epoch 9] step 610/1135 loss=0.014
  [epoch 9] step 620/1135 loss=0.014
  [epoch 9] step 630/1135 loss=0.010
  [epoch 9] step 640/1135 loss=0.020
  [epoch 9] step 650/1135 loss=0.037
  [epoch 9] step 660/1135 loss=0.015
  [epoch 9] step 670/1135 loss=0.001
  [epoch 9] step 680/1135 loss=0.004
  [epoch 9] step 690/1135 loss=0.018
  [epoch 9] step 700/1135 loss=0.047
  [epoch 9] step 710/1135 loss=0.027
  [epoch 9] step 720/1135 loss=0.024
  [epoch 9] step 730/1135 loss=0.022
  [epoch 9] step 740/1135 loss=0.002
  [epoch 9] step 750/1135 loss=0.002
  [epoch 9] step 760/1135 loss=0.006
  [epoch 9] step 770/1135 loss=0.018
  [epoch 9] step 780/1135 loss=0.001
  [epoch 9] step 790/1135 loss=0.006
  [epoch 9] step 800/1135 loss=0.010
  [epoch 9] step 810/1135 loss=0.018
  [epoch 9] step 820/1135 loss=0.005
  [epoch 9] step 830/1135 loss=0.017
  [epoch 9] step 840/1135 loss=0.032
  [epoch 9] step 850/1135 loss=0.003
  [epoch 9] step 860/1135 loss=0.021
  [epoch 9] step 870/1135 loss=0.003
  [epoch 9] step 880/1135 loss=0.009
  [epoch 9] step 890/1135 loss=0.060
  [epoch 9] step 900/1135 loss=0.001
  [epoch 9] step 910/1135 loss=0.005
  [epoch 9] step 920/1135 loss=0.009
  [epoch 9] step 930/1135 loss=0.008
  [epoch 9] step 940/1135 loss=0.014
  [epoch 9] step 950/1135 loss=0.012
  [epoch 9] step 960/1135 loss=0.015
  [epoch 9] step 970/1135 loss=0.004
  [epoch 9] step 980/1135 loss=0.017
  [epoch 9] step 990/1135 loss=0.032
  [epoch 9] step 1000/1135 loss=0.034
  [epoch 9] step 1010/1135 loss=0.009
  [epoch 9] step 1020/1135 loss=0.003
  [epoch 9] step 1030/1135 loss=0.013
  [epoch 9] step 1040/1135 loss=0.003
  [epoch 9] step 1050/1135 loss=0.012
  [epoch 9] step 1060/1135 loss=0.010
  [epoch 9] step 1070/1135 loss=0.014
  [epoch 9] step 1080/1135 loss=0.002
  [epoch 9] step 1090/1135 loss=0.014
  [epoch 9] step 1100/1135 loss=0.008
  [epoch 9] step 1110/1135 loss=0.005
  [epoch 9] step 1120/1135 loss=0.003
  [epoch 9] step 1130/1135 loss=0.004
  [epoch 10] step 10/1135 loss=0.005
  [epoch 10] step 20/1135 loss=0.014
  [epoch 10] step 30/1135 loss=0.004
  [epoch 10] step 40/1135 loss=0.021
  [epoch 10] step 50/1135 loss=0.003
  [epoch 10] step 60/1135 loss=0.003
  [epoch 10] step 70/1135 loss=0.012
  [epoch 10] step 80/1135 loss=0.003
  [epoch 10] step 90/1135 loss=0.016
  [epoch 10] step 100/1135 loss=0.014
  [epoch 10] step 110/1135 loss=0.007
  [epoch 10] step 120/1135 loss=0.023
  [epoch 10] step 130/1135 loss=0.001
  [epoch 10] step 140/1135 loss=0.005
  [epoch 10] step 150/1135 loss=0.030
  [epoch 10] step 160/1135 loss=0.007
  [epoch 10] step 170/1135 loss=0.006
  [epoch 10] step 180/1135 loss=0.007
  [epoch 10] step 190/1135 loss=0.011
  [epoch 10] step 200/1135 loss=0.009
  [epoch 10] step 210/1135 loss=0.007
  [epoch 10] step 220/1135 loss=0.004
  [epoch 10] step 230/1135 loss=0.008
  [epoch 10] step 240/1135 loss=0.022
  [epoch 10] step 250/1135 loss=0.028
  [epoch 10] step 260/1135 loss=0.070
  [epoch 10] step 270/1135 loss=0.013
  [epoch 10] step 280/1135 loss=0.020
  [epoch 10] step 290/1135 loss=0.009
  [epoch 10] step 300/1135 loss=0.017
  [epoch 10] step 310/1135 loss=0.027
  [epoch 10] step 320/1135 loss=0.008
  [epoch 10] step 330/1135 loss=0.001
  [epoch 10] step 340/1135 loss=0.016
  [epoch 10] step 350/1135 loss=0.006
  [epoch 10] step 360/1135 loss=0.039
  [epoch 10] step 370/1135 loss=0.022
  [epoch 10] step 380/1135 loss=0.005
  [epoch 10] step 390/1135 loss=0.009
  [epoch 10] step 400/1135 loss=0.004
  [epoch 10] step 410/1135 loss=0.071
  [epoch 10] step 420/1135 loss=0.018
  [epoch 10] step 430/1135 loss=0.005
  [epoch 10] step 440/1135 loss=0.027
  [epoch 10] step 450/1135 loss=0.042
  [epoch 10] step 460/1135 loss=0.016
  [epoch 10] step 470/1135 loss=0.001
  [epoch 10] step 480/1135 loss=0.017
  [epoch 10] step 490/1135 loss=0.019
  [epoch 10] step 500/1135 loss=0.225
  [epoch 10] step 510/1135 loss=0.003
  [epoch 10] step 520/1135 loss=0.009
  [epoch 10] step 530/1135 loss=0.005
  [epoch 10] step 540/1135 loss=0.011
  [epoch 10] step 550/1135 loss=0.010
  [epoch 10] step 560/1135 loss=0.009
  [epoch 10] step 570/1135 loss=0.007
  [epoch 10] step 580/1135 loss=0.012
  [epoch 10] step 590/1135 loss=0.006
  [epoch 10] step 600/1135 loss=0.020
  [epoch 10] step 610/1135 loss=0.007
  [epoch 10] step 620/1135 loss=0.013
  [epoch 10] step 630/1135 loss=0.008
  [epoch 10] step 640/1135 loss=0.004
  [epoch 10] step 650/1135 loss=0.007
  [epoch 10] step 660/1135 loss=0.048
  [epoch 10] step 670/1135 loss=0.006
  [epoch 10] step 680/1135 loss=0.003
  [epoch 10] step 690/1135 loss=0.077
  [epoch 10] step 700/1135 loss=0.063
  [epoch 10] step 710/1135 loss=0.032
  [epoch 10] step 720/1135 loss=0.067
  [epoch 10] step 730/1135 loss=0.036
  [epoch 10] step 740/1135 loss=0.012
  [epoch 10] step 750/1135 loss=0.005
  [epoch 10] step 760/1135 loss=0.012
  [epoch 10] step 770/1135 loss=0.023
  [epoch 10] step 780/1135 loss=0.025
  [epoch 10] step 790/1135 loss=0.004
  [epoch 10] step 800/1135 loss=0.018
  [epoch 10] step 810/1135 loss=0.023
  [epoch 10] step 820/1135 loss=0.013
  [epoch 10] step 830/1135 loss=0.008
  [epoch 10] step 840/1135 loss=0.012
  [epoch 10] step 850/1135 loss=0.003
  [epoch 10] step 860/1135 loss=0.002
  [epoch 10] step 870/1135 loss=0.037
  [epoch 10] step 880/1135 loss=0.013
  [epoch 10] step 890/1135 loss=0.006
  [epoch 10] step 900/1135 loss=0.047
  [epoch 10] step 910/1135 loss=0.007
  [epoch 10] step 920/1135 loss=0.008
  [epoch 10] step 930/1135 loss=0.005
  [epoch 10] step 940/1135 loss=0.018
  [epoch 10] step 950/1135 loss=0.030
  [epoch 10] step 960/1135 loss=0.029
  [epoch 10] step 970/1135 loss=0.013
  [epoch 10] step 980/1135 loss=0.005
  [epoch 10] step 990/1135 loss=0.005
  [epoch 10] step 1000/1135 loss=0.023
  [epoch 10] step 1010/1135 loss=0.002
  [epoch 10] step 1020/1135 loss=0.022
  [epoch 10] step 1030/1135 loss=0.017
  [epoch 10] step 1040/1135 loss=0.007
  [epoch 10] step 1050/1135 loss=0.025
  [epoch 10] step 1060/1135 loss=0.006
  [epoch 10] step 1070/1135 loss=0.034
  [epoch 10] step 1080/1135 loss=0.027
  [epoch 10] step 1090/1135 loss=0.003
  [epoch 10] step 1100/1135 loss=0.009
  [epoch 10] step 1110/1135 loss=0.021
  [epoch 10] step 1120/1135 loss=0.004
  [epoch 10] step 1130/1135 loss=0.036
SROCC=0.6454 PLCC=0.5698 OBJ=1.2152
  未提升 (连续 1/3)

===== 轮次 3/5 | B.1 伪标签生成 =====
  [epoch 1] step 10/794 loss=0.106
  [epoch 1] step 20/794 loss=0.021
  [epoch 1] step 30/794 loss=0.027
  [epoch 1] step 40/794 loss=0.012
  [epoch 1] step 50/794 loss=0.007
  [epoch 1] step 60/794 loss=0.045
  [epoch 1] step 70/794 loss=0.035
  [epoch 1] step 80/794 loss=0.056
  [epoch 1] step 90/794 loss=0.015
  [epoch 1] step 100/794 loss=0.027
  [epoch 1] step 110/794 loss=0.013
  [epoch 1] step 120/794 loss=0.003
  [epoch 1] step 130/794 loss=0.139
  [epoch 1] step 140/794 loss=0.055
  [epoch 1] step 150/794 loss=0.013
  [epoch 1] step 160/794 loss=0.012
  [epoch 1] step 170/794 loss=0.109
  [epoch 1] step 180/794 loss=0.010
  [epoch 1] step 190/794 loss=0.009
  [epoch 1] step 200/794 loss=0.064
  [epoch 1] step 210/794 loss=0.005
  [epoch 1] step 220/794 loss=0.016
  [epoch 1] step 230/794 loss=0.026
  [epoch 1] step 240/794 loss=0.063
  [epoch 1] step 250/794 loss=0.042
  [epoch 1] step 260/794 loss=0.133
  [epoch 1] step 270/794 loss=0.028
  [epoch 1] step 280/794 loss=0.135
  [epoch 1] step 290/794 loss=0.064
  [epoch 1] step 300/794 loss=0.022
  [epoch 1] step 310/794 loss=0.021
  [epoch 1] step 320/794 loss=0.048
  [epoch 1] step 330/794 loss=0.037
  [epoch 1] step 340/794 loss=0.031
  [epoch 1] step 350/794 loss=0.014
  [epoch 1] step 360/794 loss=0.214
  [epoch 1] step 370/794 loss=0.038
  [epoch 1] step 380/794 loss=0.039
  [epoch 1] step 390/794 loss=0.023
  [epoch 1] step 400/794 loss=0.004
  [epoch 1] step 410/794 loss=0.073
  [epoch 1] step 420/794 loss=0.032
  [epoch 1] step 430/794 loss=0.002
  [epoch 1] step 440/794 loss=0.044
  [epoch 1] step 450/794 loss=0.025
  [epoch 1] step 460/794 loss=0.055
  [epoch 1] step 470/794 loss=0.011
  [epoch 1] step 480/794 loss=0.027
  [epoch 1] step 490/794 loss=0.020
  [epoch 1] step 500/794 loss=0.020
  [epoch 1] step 510/794 loss=0.013
  [epoch 1] step 520/794 loss=0.043
  [epoch 1] step 530/794 loss=0.034
  [epoch 1] step 540/794 loss=0.010
  [epoch 1] step 550/794 loss=0.005
  [epoch 1] step 560/794 loss=0.023
  [epoch 1] step 570/794 loss=0.031
  [epoch 1] step 580/794 loss=0.025
  [epoch 1] step 590/794 loss=0.080
  [epoch 1] step 600/794 loss=0.004
  [epoch 1] step 610/794 loss=0.011
  [epoch 1] step 620/794 loss=0.004
  [epoch 1] step 630/794 loss=0.122
  [epoch 1] step 640/794 loss=0.019
  [epoch 1] step 650/794 loss=0.017
  [epoch 1] step 660/794 loss=0.011
  [epoch 1] step 670/794 loss=0.036
  [epoch 1] step 680/794 loss=0.006
  [epoch 1] step 690/794 loss=0.051
  [epoch 1] step 700/794 loss=0.023
  [epoch 1] step 710/794 loss=0.015
  [epoch 1] step 720/794 loss=0.014
  [epoch 1] step 730/794 loss=0.062
  [epoch 1] step 740/794 loss=0.064
  [epoch 1] step 750/794 loss=0.026
  [epoch 1] step 760/794 loss=0.011
  [epoch 1] step 770/794 loss=0.044
  [epoch 1] step 780/794 loss=0.049
  [epoch 1] step 790/794 loss=0.020
  [epoch 2] step 10/794 loss=0.082
  [epoch 2] step 20/794 loss=0.007
  [epoch 2] step 30/794 loss=0.006
  [epoch 2] step 40/794 loss=0.047
  [epoch 2] step 50/794 loss=0.053
  [epoch 2] step 60/794 loss=0.034
  [epoch 2] step 70/794 loss=0.004
  [epoch 2] step 80/794 loss=0.002
  [epoch 2] step 90/794 loss=0.011
  [epoch 2] step 100/794 loss=0.010
  [epoch 2] step 110/794 loss=0.005
  [epoch 2] step 120/794 loss=0.222
  [epoch 2] step 130/794 loss=0.008
  [epoch 2] step 140/794 loss=0.199
  [epoch 2] step 150/794 loss=0.010
  [epoch 2] step 160/794 loss=0.094
  [epoch 2] step 170/794 loss=0.015
  [epoch 2] step 180/794 loss=0.067
  [epoch 2] step 190/794 loss=0.012
  [epoch 2] step 200/794 loss=0.024
  [epoch 2] step 210/794 loss=0.053
  [epoch 2] step 220/794 loss=0.037
  [epoch 2] step 230/794 loss=0.005
  [epoch 2] step 240/794 loss=0.014
  [epoch 2] step 250/794 loss=0.104
  [epoch 2] step 260/794 loss=0.008
  [epoch 2] step 270/794 loss=0.072
  [epoch 2] step 280/794 loss=0.015
  [epoch 2] step 290/794 loss=0.025
  [epoch 2] step 300/794 loss=0.014
  [epoch 2] step 310/794 loss=0.108
  [epoch 2] step 320/794 loss=0.078
  [epoch 2] step 330/794 loss=0.087
  [epoch 2] step 340/794 loss=0.015
  [epoch 2] step 350/794 loss=0.009
  [epoch 2] step 360/794 loss=0.037
  [epoch 2] step 370/794 loss=0.034
  [epoch 2] step 380/794 loss=0.004
  [epoch 2] step 390/794 loss=0.018
  [epoch 2] step 400/794 loss=0.040
  [epoch 2] step 410/794 loss=0.009
  [epoch 2] step 420/794 loss=0.092
  [epoch 2] step 430/794 loss=0.004
  [epoch 2] step 440/794 loss=0.022
  [epoch 2] step 450/794 loss=0.009
  [epoch 2] step 460/794 loss=0.050
  [epoch 2] step 470/794 loss=0.023
  [epoch 2] step 480/794 loss=0.041
  [epoch 2] step 490/794 loss=0.067
  [epoch 2] step 500/794 loss=0.024
  [epoch 2] step 510/794 loss=0.043
  [epoch 2] step 520/794 loss=0.012
  [epoch 2] step 530/794 loss=0.073
  [epoch 2] step 540/794 loss=0.050
  [epoch 2] step 550/794 loss=0.028
  [epoch 2] step 560/794 loss=0.026
  [epoch 2] step 570/794 loss=0.037
  [epoch 2] step 580/794 loss=0.005
  [epoch 2] step 590/794 loss=0.017
  [epoch 2] step 600/794 loss=0.064
  [epoch 2] step 610/794 loss=0.052
  [epoch 2] step 620/794 loss=0.022
  [epoch 2] step 630/794 loss=0.056
  [epoch 2] step 640/794 loss=0.036
  [epoch 2] step 650/794 loss=0.007
  [epoch 2] step 660/794 loss=0.030
  [epoch 2] step 670/794 loss=0.018
  [epoch 2] step 680/794 loss=0.050
  [epoch 2] step 690/794 loss=0.003
  [epoch 2] step 700/794 loss=0.009
  [epoch 2] step 710/794 loss=0.018
  [epoch 2] step 720/794 loss=0.049
  [epoch 2] step 730/794 loss=0.018
  [epoch 2] step 740/794 loss=0.022
  [epoch 2] step 750/794 loss=0.040
  [epoch 2] step 760/794 loss=0.041
  [epoch 2] step 770/794 loss=0.181
  [epoch 2] step 780/794 loss=0.015
  [epoch 2] step 790/794 loss=0.009
  [epoch 3] step 10/794 loss=0.028
  [epoch 3] step 20/794 loss=0.011
  [epoch 3] step 30/794 loss=0.012
  [epoch 3] step 40/794 loss=0.007
  [epoch 3] step 50/794 loss=0.010
  [epoch 3] step 60/794 loss=0.006
  [epoch 3] step 70/794 loss=0.005
  [epoch 3] step 80/794 loss=0.009
  [epoch 3] step 90/794 loss=0.022
  [epoch 3] step 100/794 loss=0.028
  [epoch 3] step 110/794 loss=0.099
  [epoch 3] step 120/794 loss=0.014
  [epoch 3] step 130/794 loss=0.070
  [epoch 3] step 140/794 loss=0.022
  [epoch 3] step 150/794 loss=0.112
  [epoch 3] step 160/794 loss=0.041
  [epoch 3] step 170/794 loss=0.033
  [epoch 3] step 180/794 loss=0.009
  [epoch 3] step 190/794 loss=0.002
  [epoch 3] step 200/794 loss=0.038
  [epoch 3] step 210/794 loss=0.015
  [epoch 3] step 220/794 loss=0.035
  [epoch 3] step 230/794 loss=0.026
  [epoch 3] step 240/794 loss=0.070
  [epoch 3] step 250/794 loss=0.005
  [epoch 3] step 260/794 loss=0.006
  [epoch 3] step 270/794 loss=0.006
  [epoch 3] step 280/794 loss=0.025
  [epoch 3] step 290/794 loss=0.030
  [epoch 3] step 300/794 loss=0.061
  [epoch 3] step 310/794 loss=0.021
  [epoch 3] step 320/794 loss=0.038
  [epoch 3] step 330/794 loss=0.022
  [epoch 3] step 340/794 loss=0.002
  [epoch 3] step 350/794 loss=0.040
  [epoch 3] step 360/794 loss=0.008
  [epoch 3] step 370/794 loss=0.008
  [epoch 3] step 380/794 loss=0.051
  [epoch 3] step 390/794 loss=0.011
  [epoch 3] step 400/794 loss=0.003
  [epoch 3] step 410/794 loss=0.038
  [epoch 3] step 420/794 loss=0.101
  [epoch 3] step 430/794 loss=0.004
  [epoch 3] step 440/794 loss=0.060
  [epoch 3] step 450/794 loss=0.021
  [epoch 3] step 460/794 loss=0.023
  [epoch 3] step 470/794 loss=0.008
  [epoch 3] step 480/794 loss=0.016
  [epoch 3] step 490/794 loss=0.042
  [epoch 3] step 500/794 loss=0.013
  [epoch 3] step 510/794 loss=0.057
  [epoch 3] step 520/794 loss=0.005
  [epoch 3] step 530/794 loss=0.032
  [epoch 3] step 540/794 loss=0.133
  [epoch 3] step 550/794 loss=0.041
  [epoch 3] step 560/794 loss=0.028
  [epoch 3] step 570/794 loss=0.013
  [epoch 3] step 580/794 loss=0.018
  [epoch 3] step 590/794 loss=0.035
  [epoch 3] step 600/794 loss=0.010
  [epoch 3] step 610/794 loss=0.019
  [epoch 3] step 620/794 loss=0.033
  [epoch 3] step 630/794 loss=0.006
  [epoch 3] step 640/794 loss=0.013
  [epoch 3] step 650/794 loss=0.050
  [epoch 3] step 660/794 loss=0.003
  [epoch 3] step 670/794 loss=0.012
  [epoch 3] step 680/794 loss=0.003
  [epoch 3] step 690/794 loss=0.015
  [epoch 3] step 700/794 loss=0.014
  [epoch 3] step 710/794 loss=0.007
  [epoch 3] step 720/794 loss=0.013
  [epoch 3] step 730/794 loss=0.013
  [epoch 3] step 740/794 loss=0.014
  [epoch 3] step 750/794 loss=0.016
  [epoch 3] step 760/794 loss=0.044
  [epoch 3] step 770/794 loss=0.007
  [epoch 3] step 780/794 loss=0.003
  [epoch 3] step 790/794 loss=0.026
  run 1/5 完成
  [epoch 1] step 10/794 loss=0.034
  [epoch 1] step 20/794 loss=0.009
  [epoch 1] step 30/794 loss=0.011
  [epoch 1] step 40/794 loss=0.070
  [epoch 1] step 50/794 loss=0.056
  [epoch 1] step 60/794 loss=0.020
  [epoch 1] step 70/794 loss=0.078
  [epoch 1] step 80/794 loss=0.043
  [epoch 1] step 90/794 loss=0.034
  [epoch 1] step 100/794 loss=0.028
  [epoch 1] step 110/794 loss=0.038
  [epoch 1] step 120/794 loss=0.054
  [epoch 1] step 130/794 loss=0.038
  [epoch 1] step 140/794 loss=0.032
  [epoch 1] step 150/794 loss=0.023
  [epoch 1] step 160/794 loss=0.052
  [epoch 1] step 170/794 loss=0.139
  [epoch 1] step 180/794 loss=0.096
  [epoch 1] step 190/794 loss=0.030
  [epoch 1] step 200/794 loss=0.007
  [epoch 1] step 210/794 loss=0.030
  [epoch 1] step 220/794 loss=0.067
  [epoch 1] step 230/794 loss=0.032
  [epoch 1] step 240/794 loss=0.019
  [epoch 1] step 250/794 loss=0.291
  [epoch 1] step 260/794 loss=0.000
  [epoch 1] step 270/794 loss=0.047
  [epoch 1] step 280/794 loss=0.087
  [epoch 1] step 290/794 loss=0.068
  [epoch 1] step 300/794 loss=0.084
  [epoch 1] step 310/794 loss=0.020
  [epoch 1] step 320/794 loss=0.083
  [epoch 1] step 330/794 loss=0.016
  [epoch 1] step 340/794 loss=0.019
  [epoch 1] step 350/794 loss=0.077
  [epoch 1] step 360/794 loss=0.056
  [epoch 1] step 370/794 loss=0.014
  [epoch 1] step 380/794 loss=0.036
  [epoch 1] step 390/794 loss=0.021
  [epoch 1] step 400/794 loss=0.032
  [epoch 1] step 410/794 loss=0.263
  [epoch 1] step 420/794 loss=0.008
  [epoch 1] step 430/794 loss=0.030
  [epoch 1] step 440/794 loss=0.008
  [epoch 1] step 450/794 loss=0.006
  [epoch 1] step 460/794 loss=0.088
  [epoch 1] step 470/794 loss=0.040
  [epoch 1] step 480/794 loss=0.014
  [epoch 1] step 490/794 loss=0.033
  [epoch 1] step 500/794 loss=0.015
  [epoch 1] step 510/794 loss=0.173
  [epoch 1] step 520/794 loss=0.023
  [epoch 1] step 530/794 loss=0.054
  [epoch 1] step 540/794 loss=0.024
  [epoch 1] step 550/794 loss=0.030
  [epoch 1] step 560/794 loss=0.016
  [epoch 1] step 570/794 loss=0.025
  [epoch 1] step 580/794 loss=0.056
  [epoch 1] step 590/794 loss=0.088
  [epoch 1] step 600/794 loss=0.020
  [epoch 1] step 610/794 loss=0.036
  [epoch 1] step 620/794 loss=0.021
  [epoch 1] step 630/794 loss=0.069
  [epoch 1] step 640/794 loss=0.006
  [epoch 1] step 650/794 loss=0.063
  [epoch 1] step 660/794 loss=0.037
  [epoch 1] step 670/794 loss=0.009
  [epoch 1] step 680/794 loss=0.014
  [epoch 1] step 690/794 loss=0.020
  [epoch 1] step 700/794 loss=0.021
  [epoch 1] step 710/794 loss=0.058
  [epoch 1] step 720/794 loss=0.024
  [epoch 1] step 730/794 loss=0.008
  [epoch 1] step 740/794 loss=0.018
  [epoch 1] step 750/794 loss=0.012
  [epoch 1] step 760/794 loss=0.011
  [epoch 1] step 770/794 loss=0.015
  [epoch 1] step 780/794 loss=0.029
  [epoch 1] step 790/794 loss=0.030
  [epoch 2] step 10/794 loss=0.032
  [epoch 2] step 20/794 loss=0.033
  [epoch 2] step 30/794 loss=0.003
  [epoch 2] step 40/794 loss=0.036
  [epoch 2] step 50/794 loss=0.073
  [epoch 2] step 60/794 loss=0.026
  [epoch 2] step 70/794 loss=0.046
  [epoch 2] step 80/794 loss=0.076
  [epoch 2] step 90/794 loss=0.029
  [epoch 2] step 100/794 loss=0.006
  [epoch 2] step 110/794 loss=0.010
  [epoch 2] step 120/794 loss=0.061
  [epoch 2] step 130/794 loss=0.082
  [epoch 2] step 140/794 loss=0.039
  [epoch 2] step 150/794 loss=0.058
  [epoch 2] step 160/794 loss=0.004
  [epoch 2] step 170/794 loss=0.042
  [epoch 2] step 180/794 loss=0.036
  [epoch 2] step 190/794 loss=0.051
  [epoch 2] step 200/794 loss=0.017
  [epoch 2] step 210/794 loss=0.064
  [epoch 2] step 220/794 loss=0.042
  [epoch 2] step 230/794 loss=0.023
  [epoch 2] step 240/794 loss=0.050
  [epoch 2] step 250/794 loss=0.046
  [epoch 2] step 260/794 loss=0.026
  [epoch 2] step 270/794 loss=0.034
  [epoch 2] step 280/794 loss=0.030
  [epoch 2] step 290/794 loss=0.007
  [epoch 2] step 300/794 loss=0.046
  [epoch 2] step 310/794 loss=0.021
  [epoch 2] step 320/794 loss=0.014
  [epoch 2] step 330/794 loss=0.036
  [epoch 2] step 340/794 loss=0.023
  [epoch 2] step 350/794 loss=0.049
  [epoch 2] step 360/794 loss=0.040
  [epoch 2] step 370/794 loss=0.015
  [epoch 2] step 380/794 loss=0.010
  [epoch 2] step 390/794 loss=0.049
  [epoch 2] step 400/794 loss=0.047
  [epoch 2] step 410/794 loss=0.014
  [epoch 2] step 420/794 loss=0.043
  [epoch 2] step 430/794 loss=0.020
  [epoch 2] step 440/794 loss=0.032
  [epoch 2] step 450/794 loss=0.007
  [epoch 2] step 460/794 loss=0.035
  [epoch 2] step 470/794 loss=0.042
  [epoch 2] step 480/794 loss=0.004
  [epoch 2] step 490/794 loss=0.026
  [epoch 2] step 500/794 loss=0.014
  [epoch 2] step 510/794 loss=0.040
  [epoch 2] step 520/794 loss=0.056
  [epoch 2] step 530/794 loss=0.018
  [epoch 2] step 540/794 loss=0.040
  [epoch 2] step 550/794 loss=0.029
  [epoch 2] step 560/794 loss=0.047
  [epoch 2] step 570/794 loss=0.008
  [epoch 2] step 580/794 loss=0.012
  [epoch 2] step 590/794 loss=0.129
  [epoch 2] step 600/794 loss=0.033
  [epoch 2] step 610/794 loss=0.006
  [epoch 2] step 620/794 loss=0.029
  [epoch 2] step 630/794 loss=0.026
  [epoch 2] step 640/794 loss=0.016
  [epoch 2] step 650/794 loss=0.021
  [epoch 2] step 660/794 loss=0.001
  [epoch 2] step 670/794 loss=0.051
  [epoch 2] step 680/794 loss=0.001
  [epoch 2] step 690/794 loss=0.025
  [epoch 2] step 700/794 loss=0.102
  [epoch 2] step 710/794 loss=0.032
  [epoch 2] step 720/794 loss=0.001
  [epoch 2] step 730/794 loss=0.018
  [epoch 2] step 740/794 loss=0.011
  [epoch 2] step 750/794 loss=0.017
  [epoch 2] step 760/794 loss=0.026
  [epoch 2] step 770/794 loss=0.004
  [epoch 2] step 780/794 loss=0.011
  [epoch 2] step 790/794 loss=0.081
  [epoch 3] step 10/794 loss=0.033
  [epoch 3] step 20/794 loss=0.024
  [epoch 3] step 30/794 loss=0.103
  [epoch 3] step 40/794 loss=0.070
  [epoch 3] step 50/794 loss=0.009
  [epoch 3] step 60/794 loss=0.060
  [epoch 3] step 70/794 loss=0.040
  [epoch 3] step 80/794 loss=0.074
  [epoch 3] step 90/794 loss=0.005
  [epoch 3] step 100/794 loss=0.020
  [epoch 3] step 110/794 loss=0.022
  [epoch 3] step 120/794 loss=0.015
  [epoch 3] step 130/794 loss=0.029
  [epoch 3] step 140/794 loss=0.020
  [epoch 3] step 150/794 loss=0.123
  [epoch 3] step 160/794 loss=0.059
  [epoch 3] step 170/794 loss=0.042
  [epoch 3] step 180/794 loss=0.005
  [epoch 3] step 190/794 loss=0.008
  [epoch 3] step 200/794 loss=0.072
  [epoch 3] step 210/794 loss=0.029
  [epoch 3] step 220/794 loss=0.164
  [epoch 3] step 230/794 loss=0.082
  [epoch 3] step 240/794 loss=0.055
  [epoch 3] step 250/794 loss=0.036
  [epoch 3] step 260/794 loss=0.026
  [epoch 3] step 270/794 loss=0.012
  [epoch 3] step 280/794 loss=0.014
  [epoch 3] step 290/794 loss=0.026
  [epoch 3] step 300/794 loss=0.015
  [epoch 3] step 310/794 loss=0.012
  [epoch 3] step 320/794 loss=0.017
  [epoch 3] step 330/794 loss=0.026
  [epoch 3] step 340/794 loss=0.008
  [epoch 3] step 350/794 loss=0.042
  [epoch 3] step 360/794 loss=0.034
  [epoch 3] step 370/794 loss=0.036
  [epoch 3] step 380/794 loss=0.013
  [epoch 3] step 390/794 loss=0.005
  [epoch 3] step 400/794 loss=0.024
  [epoch 3] step 410/794 loss=0.042
  [epoch 3] step 420/794 loss=0.024
  [epoch 3] step 430/794 loss=0.006
  [epoch 3] step 440/794 loss=0.018
  [epoch 3] step 450/794 loss=0.003
  [epoch 3] step 460/794 loss=0.048
  [epoch 3] step 470/794 loss=0.020
  [epoch 3] step 480/794 loss=0.019
  [epoch 3] step 490/794 loss=0.015
  [epoch 3] step 500/794 loss=0.094
  [epoch 3] step 510/794 loss=0.014
  [epoch 3] step 520/794 loss=0.025
  [epoch 3] step 530/794 loss=0.001
  [epoch 3] step 540/794 loss=0.028
  [epoch 3] step 550/794 loss=0.025
  [epoch 3] step 560/794 loss=0.048
  [epoch 3] step 570/794 loss=0.006
  [epoch 3] step 580/794 loss=0.023
  [epoch 3] step 590/794 loss=0.009
  [epoch 3] step 600/794 loss=0.071
  [epoch 3] step 610/794 loss=0.026
  [epoch 3] step 620/794 loss=0.025
  [epoch 3] step 630/794 loss=0.011
  [epoch 3] step 640/794 loss=0.034
  [epoch 3] step 650/794 loss=0.005
  [epoch 3] step 660/794 loss=0.052
  [epoch 3] step 670/794 loss=0.010
  [epoch 3] step 680/794 loss=0.009
  [epoch 3] step 690/794 loss=0.027
  [epoch 3] step 700/794 loss=0.017
  [epoch 3] step 710/794 loss=0.019
  [epoch 3] step 720/794 loss=0.055
  [epoch 3] step 730/794 loss=0.013
  [epoch 3] step 740/794 loss=0.032
  [epoch 3] step 750/794 loss=0.011
  [epoch 3] step 760/794 loss=0.004
  [epoch 3] step 770/794 loss=0.002
  [epoch 3] step 780/794 loss=0.029
  [epoch 3] step 790/794 loss=0.016
  run 2/5 完成
  [epoch 1] step 10/794 loss=0.017
  [epoch 1] step 20/794 loss=0.009
  [epoch 1] step 30/794 loss=0.030
  [epoch 1] step 40/794 loss=0.010
  [epoch 1] step 50/794 loss=0.012
  [epoch 1] step 60/794 loss=0.020
  [epoch 1] step 70/794 loss=0.011
  [epoch 1] step 80/794 loss=0.062
  [epoch 1] step 90/794 loss=0.137
  [epoch 1] step 100/794 loss=0.025
  [epoch 1] step 110/794 loss=0.024
  [epoch 1] step 120/794 loss=0.004
  [epoch 1] step 130/794 loss=0.046
  [epoch 1] step 140/794 loss=0.058
  [epoch 1] step 150/794 loss=0.034
  [epoch 1] step 160/794 loss=0.031
  [epoch 1] step 170/794 loss=0.047
  [epoch 1] step 180/794 loss=0.012
  [epoch 1] step 190/794 loss=0.097
  [epoch 1] step 200/794 loss=0.077
  [epoch 1] step 210/794 loss=0.038
  [epoch 1] step 220/794 loss=0.005
  [epoch 1] step 230/794 loss=0.014
  [epoch 1] step 240/794 loss=0.028
  [epoch 1] step 250/794 loss=0.105
  [epoch 1] step 260/794 loss=0.093
  [epoch 1] step 270/794 loss=0.021
  [epoch 1] step 280/794 loss=0.071
  [epoch 1] step 290/794 loss=0.011
  [epoch 1] step 300/794 loss=0.046
  [epoch 1] step 310/794 loss=0.035
  [epoch 1] step 320/794 loss=0.003
  [epoch 1] step 330/794 loss=0.034
  [epoch 1] step 340/794 loss=0.027
  [epoch 1] step 350/794 loss=0.031
  [epoch 1] step 360/794 loss=0.008
  [epoch 1] step 370/794 loss=0.039
  [epoch 1] step 380/794 loss=0.031
  [epoch 1] step 390/794 loss=0.070
  [epoch 1] step 400/794 loss=0.043
  [epoch 1] step 410/794 loss=0.021
  [epoch 1] step 420/794 loss=0.023
  [epoch 1] step 430/794 loss=0.017
  [epoch 1] step 440/794 loss=0.011
  [epoch 1] step 450/794 loss=0.002
  [epoch 1] step 460/794 loss=0.003
  [epoch 1] step 470/794 loss=0.017
  [epoch 1] step 480/794 loss=0.003
  [epoch 1] step 490/794 loss=0.035
  [epoch 1] step 500/794 loss=0.029
  [epoch 1] step 510/794 loss=0.027
  [epoch 1] step 520/794 loss=0.113
  [epoch 1] step 530/794 loss=0.018
  [epoch 1] step 540/794 loss=0.007
  [epoch 1] step 550/794 loss=0.018
  [epoch 1] step 560/794 loss=0.008
  [epoch 1] step 570/794 loss=0.007
  [epoch 1] step 580/794 loss=0.061
  [epoch 1] step 590/794 loss=0.018
  [epoch 1] step 600/794 loss=0.022
  [epoch 1] step 610/794 loss=0.021
  [epoch 1] step 620/794 loss=0.074
  [epoch 1] step 630/794 loss=0.048
  [epoch 1] step 640/794 loss=0.030
  [epoch 1] step 650/794 loss=0.049
  [epoch 1] step 660/794 loss=0.007
  [epoch 1] step 670/794 loss=0.054
  [epoch 1] step 680/794 loss=0.014
  [epoch 1] step 690/794 loss=0.073
  [epoch 1] step 700/794 loss=0.049
  [epoch 1] step 710/794 loss=0.059
  [epoch 1] step 720/794 loss=0.118
  [epoch 1] step 730/794 loss=0.020
  [epoch 1] step 740/794 loss=0.035
  [epoch 1] step 750/794 loss=0.014
  [epoch 1] step 760/794 loss=0.049
  [epoch 1] step 770/794 loss=0.018
  [epoch 1] step 780/794 loss=0.024
  [epoch 1] step 790/794 loss=0.071
  [epoch 2] step 10/794 loss=0.098
  [epoch 2] step 20/794 loss=0.045
  [epoch 2] step 30/794 loss=0.096
  [epoch 2] step 40/794 loss=0.108
  [epoch 2] step 50/794 loss=0.038
  [epoch 2] step 60/794 loss=0.009
  [epoch 2] step 70/794 loss=0.045
  [epoch 2] step 80/794 loss=0.077
  [epoch 2] step 90/794 loss=0.006
  [epoch 2] step 100/794 loss=0.017
  [epoch 2] step 110/794 loss=0.024
  [epoch 2] step 120/794 loss=0.074
  [epoch 2] step 130/794 loss=0.057
  [epoch 2] step 140/794 loss=0.017
  [epoch 2] step 150/794 loss=0.017
  [epoch 2] step 160/794 loss=0.020
  [epoch 2] step 170/794 loss=0.026
  [epoch 2] step 180/794 loss=0.068
  [epoch 2] step 190/794 loss=0.017
  [epoch 2] step 200/794 loss=0.015
  [epoch 2] step 210/794 loss=0.061
  [epoch 2] step 220/794 loss=0.022
  [epoch 2] step 230/794 loss=0.054
  [epoch 2] step 240/794 loss=0.128
  [epoch 2] step 250/794 loss=0.040
  [epoch 2] step 260/794 loss=0.052
  [epoch 2] step 270/794 loss=0.015
  [epoch 2] step 280/794 loss=0.014
  [epoch 2] step 290/794 loss=0.043
  [epoch 2] step 300/794 loss=0.014
  [epoch 2] step 310/794 loss=0.032
  [epoch 2] step 320/794 loss=0.118
  [epoch 2] step 330/794 loss=0.021
  [epoch 2] step 340/794 loss=0.007
  [epoch 2] step 350/794 loss=0.018
  [epoch 2] step 360/794 loss=0.032
  [epoch 2] step 370/794 loss=0.017
  [epoch 2] step 380/794 loss=0.029
  [epoch 2] step 390/794 loss=0.042
  [epoch 2] step 400/794 loss=0.015
  [epoch 2] step 410/794 loss=0.012
  [epoch 2] step 420/794 loss=0.027
  [epoch 2] step 430/794 loss=0.018
  [epoch 2] step 440/794 loss=0.028
  [epoch 2] step 450/794 loss=0.043
  [epoch 2] step 460/794 loss=0.005
  [epoch 2] step 470/794 loss=0.016
  [epoch 2] step 480/794 loss=0.011
  [epoch 2] step 490/794 loss=0.044
  [epoch 2] step 500/794 loss=0.024
  [epoch 2] step 510/794 loss=0.022
  [epoch 2] step 520/794 loss=0.019
  [epoch 2] step 530/794 loss=0.021
  [epoch 2] step 540/794 loss=0.008
  [epoch 2] step 550/794 loss=0.016
  [epoch 2] step 560/794 loss=0.041
  [epoch 2] step 570/794 loss=0.020
  [epoch 2] step 580/794 loss=0.003
  [epoch 2] step 590/794 loss=0.031
  [epoch 2] step 600/794 loss=0.039
  [epoch 2] step 610/794 loss=0.008
  [epoch 2] step 620/794 loss=0.009
  [epoch 2] step 630/794 loss=0.012
  [epoch 2] step 640/794 loss=0.019
  [epoch 2] step 650/794 loss=0.003
  [epoch 2] step 660/794 loss=0.042
  [epoch 2] step 670/794 loss=0.021
  [epoch 2] step 680/794 loss=0.028
  [epoch 2] step 690/794 loss=0.020
  [epoch 2] step 700/794 loss=0.017
  [epoch 2] step 710/794 loss=0.039
  [epoch 2] step 720/794 loss=0.013
  [epoch 2] step 730/794 loss=0.007
  [epoch 2] step 740/794 loss=0.020
  [epoch 2] step 750/794 loss=0.090
  [epoch 2] step 760/794 loss=0.015
  [epoch 2] step 770/794 loss=0.026
  [epoch 2] step 780/794 loss=0.016
  [epoch 2] step 790/794 loss=0.012
  [epoch 3] step 10/794 loss=0.017
  [epoch 3] step 20/794 loss=0.010
  [epoch 3] step 30/794 loss=0.094
  [epoch 3] step 40/794 loss=0.002
  [epoch 3] step 50/794 loss=0.020
  [epoch 3] step 60/794 loss=0.020
  [epoch 3] step 70/794 loss=0.012
  [epoch 3] step 80/794 loss=0.006
  [epoch 3] step 90/794 loss=0.111
  [epoch 3] step 100/794 loss=0.046
  [epoch 3] step 110/794 loss=0.038
  [epoch 3] step 120/794 loss=0.015
  [epoch 3] step 130/794 loss=0.049
  [epoch 3] step 140/794 loss=0.024
  [epoch 3] step 150/794 loss=0.052
  [epoch 3] step 160/794 loss=0.018
  [epoch 3] step 170/794 loss=0.004
  [epoch 3] step 180/794 loss=0.042
  [epoch 3] step 190/794 loss=0.022
  [epoch 3] step 200/794 loss=0.020
  [epoch 3] step 210/794 loss=0.029
  [epoch 3] step 220/794 loss=0.062
  [epoch 3] step 230/794 loss=0.026
  [epoch 3] step 240/794 loss=0.006
  [epoch 3] step 250/794 loss=0.005
  [epoch 3] step 260/794 loss=0.057
  [epoch 3] step 270/794 loss=0.013
  [epoch 3] step 280/794 loss=0.011
  [epoch 3] step 290/794 loss=0.010
  [epoch 3] step 300/794 loss=0.033
  [epoch 3] step 310/794 loss=0.040
  [epoch 3] step 320/794 loss=0.041
  [epoch 3] step 330/794 loss=0.018
  [epoch 3] step 340/794 loss=0.004
  [epoch 3] step 350/794 loss=0.031
  [epoch 3] step 360/794 loss=0.065
  [epoch 3] step 370/794 loss=0.025
  [epoch 3] step 380/794 loss=0.025
  [epoch 3] step 390/794 loss=0.048
  [epoch 3] step 400/794 loss=0.016
  [epoch 3] step 410/794 loss=0.007
  [epoch 3] step 420/794 loss=0.040
  [epoch 3] step 430/794 loss=0.023
  [epoch 3] step 440/794 loss=0.017
  [epoch 3] step 450/794 loss=0.010
  [epoch 3] step 460/794 loss=0.008
  [epoch 3] step 470/794 loss=0.055
  [epoch 3] step 480/794 loss=0.003
  [epoch 3] step 490/794 loss=0.040
  [epoch 3] step 500/794 loss=0.064
  [epoch 3] step 510/794 loss=0.042
  [epoch 3] step 520/794 loss=0.003
  [epoch 3] step 530/794 loss=0.005
  [epoch 3] step 540/794 loss=0.063
  [epoch 3] step 550/794 loss=0.009
  [epoch 3] step 560/794 loss=0.133
  [epoch 3] step 570/794 loss=0.108
  [epoch 3] step 580/794 loss=0.037
  [epoch 3] step 590/794 loss=0.017
  [epoch 3] step 600/794 loss=0.075
  [epoch 3] step 610/794 loss=0.018
  [epoch 3] step 620/794 loss=0.019
  [epoch 3] step 630/794 loss=0.038
  [epoch 3] step 640/794 loss=0.030
  [epoch 3] step 650/794 loss=0.015
  [epoch 3] step 660/794 loss=0.004
  [epoch 3] step 670/794 loss=0.088
  [epoch 3] step 680/794 loss=0.025
  [epoch 3] step 690/794 loss=0.061
  [epoch 3] step 700/794 loss=0.007
  [epoch 3] step 710/794 loss=0.014
  [epoch 3] step 720/794 loss=0.008
  [epoch 3] step 730/794 loss=0.014
  [epoch 3] step 740/794 loss=0.013
  [epoch 3] step 750/794 loss=0.005
  [epoch 3] step 760/794 loss=0.015
  [epoch 3] step 770/794 loss=0.042
  [epoch 3] step 780/794 loss=0.010
  [epoch 3] step 790/794 loss=0.006
  run 3/5 完成
  [epoch 1] step 10/794 loss=0.045
  [epoch 1] step 20/794 loss=0.029
  [epoch 1] step 30/794 loss=0.024
  [epoch 1] step 40/794 loss=0.021
  [epoch 1] step 50/794 loss=0.001
  [epoch 1] step 60/794 loss=0.018
  [epoch 1] step 70/794 loss=0.003
  [epoch 1] step 80/794 loss=0.061
  [epoch 1] step 90/794 loss=0.015
  [epoch 1] step 100/794 loss=0.036
  [epoch 1] step 110/794 loss=0.048
  [epoch 1] step 120/794 loss=0.007
  [epoch 1] step 130/794 loss=0.024
  [epoch 1] step 140/794 loss=0.018
  [epoch 1] step 150/794 loss=0.013
  [epoch 1] step 160/794 loss=0.083
  [epoch 1] step 170/794 loss=0.096
  [epoch 1] step 180/794 loss=0.195
  [epoch 1] step 190/794 loss=0.015
  [epoch 1] step 200/794 loss=0.010
  [epoch 1] step 210/794 loss=0.004
  [epoch 1] step 220/794 loss=0.030
  [epoch 1] step 230/794 loss=0.077
  [epoch 1] step 240/794 loss=0.021
  [epoch 1] step 250/794 loss=0.020
  [epoch 1] step 260/794 loss=0.017
  [epoch 1] step 270/794 loss=0.037
  [epoch 1] step 280/794 loss=0.065
  [epoch 1] step 290/794 loss=0.046
  [epoch 1] step 300/794 loss=0.085
  [epoch 1] step 310/794 loss=0.020
  [epoch 1] step 320/794 loss=0.018
  [epoch 1] step 330/794 loss=0.040
  [epoch 1] step 340/794 loss=0.002
  [epoch 1] step 350/794 loss=0.035
  [epoch 1] step 360/794 loss=0.032
  [epoch 1] step 370/794 loss=0.030
  [epoch 1] step 380/794 loss=0.031
  [epoch 1] step 390/794 loss=0.103
  [epoch 1] step 400/794 loss=0.033
  [epoch 1] step 410/794 loss=0.018
  [epoch 1] step 420/794 loss=0.055
  [epoch 1] step 430/794 loss=0.026
  [epoch 1] step 440/794 loss=0.009
  [epoch 1] step 450/794 loss=0.019
  [epoch 1] step 460/794 loss=0.012
  [epoch 1] step 470/794 loss=0.026
  [epoch 1] step 480/794 loss=0.032
  [epoch 1] step 490/794 loss=0.116
  [epoch 1] step 500/794 loss=0.043
  [epoch 1] step 510/794 loss=0.095
  [epoch 1] step 520/794 loss=0.032
  [epoch 1] step 530/794 loss=0.009
  [epoch 1] step 540/794 loss=0.072
  [epoch 1] step 550/794 loss=0.001
  [epoch 1] step 560/794 loss=0.025
  [epoch 1] step 570/794 loss=0.039
  [epoch 1] step 580/794 loss=0.021
  [epoch 1] step 590/794 loss=0.041
  [epoch 1] step 600/794 loss=0.020
  [epoch 1] step 610/794 loss=0.108
  [epoch 1] step 620/794 loss=0.027
  [epoch 1] step 630/794 loss=0.095
  [epoch 1] step 640/794 loss=0.081
  [epoch 1] step 650/794 loss=0.045
  [epoch 1] step 660/794 loss=0.022
  [epoch 1] step 670/794 loss=0.021
  [epoch 1] step 680/794 loss=0.019
  [epoch 1] step 690/794 loss=0.038
  [epoch 1] step 700/794 loss=0.010
  [epoch 1] step 710/794 loss=0.042
  [epoch 1] step 720/794 loss=0.152
  [epoch 1] step 730/794 loss=0.028
  [epoch 1] step 740/794 loss=0.017
  [epoch 1] step 750/794 loss=0.102
  [epoch 1] step 760/794 loss=0.054
  [epoch 1] step 770/794 loss=0.048
  [epoch 1] step 780/794 loss=0.023
  [epoch 1] step 790/794 loss=0.004
  [epoch 2] step 10/794 loss=0.025
  [epoch 2] step 20/794 loss=0.067
  [epoch 2] step 30/794 loss=0.051
  [epoch 2] step 40/794 loss=0.041
  [epoch 2] step 50/794 loss=0.022
  [epoch 2] step 60/794 loss=0.056
  [epoch 2] step 70/794 loss=0.029
  [epoch 2] step 80/794 loss=0.474
  [epoch 2] step 90/794 loss=0.015
  [epoch 2] step 100/794 loss=0.016
  [epoch 2] step 110/794 loss=0.018
  [epoch 2] step 120/794 loss=0.004
  [epoch 2] step 130/794 loss=0.011
  [epoch 2] step 140/794 loss=0.007
  [epoch 2] step 150/794 loss=0.016
  [epoch 2] step 160/794 loss=0.025
  [epoch 2] step 170/794 loss=0.076
  [epoch 2] step 180/794 loss=0.036
  [epoch 2] step 190/794 loss=0.037
  [epoch 2] step 200/794 loss=0.004
  [epoch 2] step 210/794 loss=0.050
  [epoch 2] step 220/794 loss=0.010
  [epoch 2] step 230/794 loss=0.162
  [epoch 2] step 240/794 loss=0.118
  [epoch 2] step 250/794 loss=0.030
  [epoch 2] step 260/794 loss=0.101
  [epoch 2] step 270/794 loss=0.144
  [epoch 2] step 280/794 loss=0.021
  [epoch 2] step 290/794 loss=0.025
  [epoch 2] step 300/794 loss=0.019
  [epoch 2] step 310/794 loss=0.037
  [epoch 2] step 320/794 loss=0.022
  [epoch 2] step 330/794 loss=0.014
  [epoch 2] step 340/794 loss=0.038
  [epoch 2] step 350/794 loss=0.023
  [epoch 2] step 360/794 loss=0.023
  [epoch 2] step 370/794 loss=0.009
  [epoch 2] step 380/794 loss=0.083
  [epoch 2] step 390/794 loss=0.034
  [epoch 2] step 400/794 loss=0.011
  [epoch 2] step 410/794 loss=0.017
  [epoch 2] step 420/794 loss=0.040
  [epoch 2] step 430/794 loss=0.016
  [epoch 2] step 440/794 loss=0.030
  [epoch 2] step 450/794 loss=0.042
  [epoch 2] step 460/794 loss=0.010
  [epoch 2] step 470/794 loss=0.155
  [epoch 2] step 480/794 loss=0.006
  [epoch 2] step 490/794 loss=0.029
  [epoch 2] step 500/794 loss=0.036
  [epoch 2] step 510/794 loss=0.022
  [epoch 2] step 520/794 loss=0.123
  [epoch 2] step 530/794 loss=0.039
  [epoch 2] step 540/794 loss=0.033
  [epoch 2] step 550/794 loss=0.004
  [epoch 2] step 560/794 loss=0.000
  [epoch 2] step 570/794 loss=0.008
  [epoch 2] step 580/794 loss=0.042
  [epoch 2] step 590/794 loss=0.005
  [epoch 2] step 600/794 loss=0.077
  [epoch 2] step 610/794 loss=0.020
  [epoch 2] step 620/794 loss=0.022
  [epoch 2] step 630/794 loss=0.002
  [epoch 2] step 640/794 loss=0.012
  [epoch 2] step 650/794 loss=0.015
  [epoch 2] step 660/794 loss=0.120
  [epoch 2] step 670/794 loss=0.009
  [epoch 2] step 680/794 loss=0.068
  [epoch 2] step 690/794 loss=0.019
  [epoch 2] step 700/794 loss=0.008
  [epoch 2] step 710/794 loss=0.075
  [epoch 2] step 720/794 loss=0.069
  [epoch 2] step 730/794 loss=0.003
  [epoch 2] step 740/794 loss=0.028
  [epoch 2] step 750/794 loss=0.037
  [epoch 2] step 760/794 loss=0.058
  [epoch 2] step 770/794 loss=0.016
  [epoch 2] step 780/794 loss=0.032
  [epoch 2] step 790/794 loss=0.047
  [epoch 3] step 10/794 loss=0.029
  [epoch 3] step 20/794 loss=0.010
  [epoch 3] step 30/794 loss=0.067
  [epoch 3] step 40/794 loss=0.032
  [epoch 3] step 50/794 loss=0.028
  [epoch 3] step 60/794 loss=0.014
  [epoch 3] step 70/794 loss=0.016
  [epoch 3] step 80/794 loss=0.027
  [epoch 3] step 90/794 loss=0.050
  [epoch 3] step 100/794 loss=0.021
  [epoch 3] step 110/794 loss=0.015
  [epoch 3] step 120/794 loss=0.063
  [epoch 3] step 130/794 loss=0.082
  [epoch 3] step 140/794 loss=0.026
  [epoch 3] step 150/794 loss=0.014
  [epoch 3] step 160/794 loss=0.011
  [epoch 3] step 170/794 loss=0.044
  [epoch 3] step 180/794 loss=0.029
  [epoch 3] step 190/794 loss=0.074
  [epoch 3] step 200/794 loss=0.043
  [epoch 3] step 210/794 loss=0.014
  [epoch 3] step 220/794 loss=0.043
  [epoch 3] step 230/794 loss=0.019
  [epoch 3] step 240/794 loss=0.026
  [epoch 3] step 250/794 loss=0.042
  [epoch 3] step 260/794 loss=0.074
  [epoch 3] step 270/794 loss=0.029
  [epoch 3] step 280/794 loss=0.026
  [epoch 3] step 290/794 loss=0.039
  [epoch 3] step 300/794 loss=0.111
  [epoch 3] step 310/794 loss=0.008
  [epoch 3] step 320/794 loss=0.005
  [epoch 3] step 330/794 loss=0.021
  [epoch 3] step 340/794 loss=0.004
  [epoch 3] step 350/794 loss=0.015
  [epoch 3] step 360/794 loss=0.002
  [epoch 3] step 370/794 loss=0.050
  [epoch 3] step 380/794 loss=0.141
  [epoch 3] step 390/794 loss=0.026
  [epoch 3] step 400/794 loss=0.025
  [epoch 3] step 410/794 loss=0.057
  [epoch 3] step 420/794 loss=0.035
  [epoch 3] step 430/794 loss=0.009
  [epoch 3] step 440/794 loss=0.005
  [epoch 3] step 450/794 loss=0.052
  [epoch 3] step 460/794 loss=0.008
  [epoch 3] step 470/794 loss=0.007
  [epoch 3] step 480/794 loss=0.017
  [epoch 3] step 490/794 loss=0.051
  [epoch 3] step 500/794 loss=0.002
  [epoch 3] step 510/794 loss=0.050
  [epoch 3] step 520/794 loss=0.017
  [epoch 3] step 530/794 loss=0.020
  [epoch 3] step 540/794 loss=0.021
  [epoch 3] step 550/794 loss=0.016
  [epoch 3] step 560/794 loss=0.025
  [epoch 3] step 570/794 loss=0.028
  [epoch 3] step 580/794 loss=0.012
  [epoch 3] step 590/794 loss=0.013
  [epoch 3] step 600/794 loss=0.006
  [epoch 3] step 610/794 loss=0.032
  [epoch 3] step 620/794 loss=0.023
  [epoch 3] step 630/794 loss=0.029
  [epoch 3] step 640/794 loss=0.056
  [epoch 3] step 650/794 loss=0.007
  [epoch 3] step 660/794 loss=0.017
  [epoch 3] step 670/794 loss=0.073
  [epoch 3] step 680/794 loss=0.091
  [epoch 3] step 690/794 loss=0.022
  [epoch 3] step 700/794 loss=0.081
  [epoch 3] step 710/794 loss=0.016
  [epoch 3] step 720/794 loss=0.049
  [epoch 3] step 730/794 loss=0.012
  [epoch 3] step 740/794 loss=0.015
  [epoch 3] step 750/794 loss=0.040
  [epoch 3] step 760/794 loss=0.005
  [epoch 3] step 770/794 loss=0.022
  [epoch 3] step 780/794 loss=0.031
  [epoch 3] step 790/794 loss=0.025
  run 4/5 完成
  [epoch 1] step 10/794 loss=0.038
  [epoch 1] step 20/794 loss=0.055
  [epoch 1] step 30/794 loss=0.011
  [epoch 1] step 40/794 loss=0.092
  [epoch 1] step 50/794 loss=0.031
  [epoch 1] step 60/794 loss=0.024
  [epoch 1] step 70/794 loss=0.040
  [epoch 1] step 80/794 loss=0.003
  [epoch 1] step 90/794 loss=0.042
  [epoch 1] step 100/794 loss=0.027
  [epoch 1] step 110/794 loss=0.054
  [epoch 1] step 120/794 loss=0.050
  [epoch 1] step 130/794 loss=0.024
  [epoch 1] step 140/794 loss=0.017
  [epoch 1] step 150/794 loss=0.002
  [epoch 1] step 160/794 loss=0.019
  [epoch 1] step 170/794 loss=0.010
  [epoch 1] step 180/794 loss=0.009
  [epoch 1] step 190/794 loss=0.049
  [epoch 1] step 200/794 loss=0.015
  [epoch 1] step 210/794 loss=0.021
  [epoch 1] step 220/794 loss=0.004
  [epoch 1] step 230/794 loss=0.005
  [epoch 1] step 240/794 loss=0.220
  [epoch 1] step 250/794 loss=0.007
  [epoch 1] step 260/794 loss=0.035
  [epoch 1] step 270/794 loss=0.051
  [epoch 1] step 280/794 loss=0.088
  [epoch 1] step 290/794 loss=0.014
  [epoch 1] step 300/794 loss=0.031
  [epoch 1] step 310/794 loss=0.011
  [epoch 1] step 320/794 loss=0.019
  [epoch 1] step 330/794 loss=0.005
  [epoch 1] step 340/794 loss=0.033
  [epoch 1] step 350/794 loss=0.028
  [epoch 1] step 360/794 loss=0.013
  [epoch 1] step 370/794 loss=0.034
  [epoch 1] step 380/794 loss=0.016
  [epoch 1] step 390/794 loss=0.023
  [epoch 1] step 400/794 loss=0.016
  [epoch 1] step 410/794 loss=0.036
  [epoch 1] step 420/794 loss=0.082
  [epoch 1] step 430/794 loss=0.024
  [epoch 1] step 440/794 loss=0.058
  [epoch 1] step 450/794 loss=0.014
  [epoch 1] step 460/794 loss=0.026
  [epoch 1] step 470/794 loss=0.014
  [epoch 1] step 480/794 loss=0.009
  [epoch 1] step 490/794 loss=0.102
  [epoch 1] step 500/794 loss=0.073
  [epoch 1] step 510/794 loss=0.011
  [epoch 1] step 520/794 loss=0.008
  [epoch 1] step 530/794 loss=0.028
  [epoch 1] step 540/794 loss=0.007
  [epoch 1] step 550/794 loss=0.009
  [epoch 1] step 560/794 loss=0.110
  [epoch 1] step 570/794 loss=0.019
  [epoch 1] step 580/794 loss=0.065
  [epoch 1] step 590/794 loss=0.129
  [epoch 1] step 600/794 loss=0.036
  [epoch 1] step 610/794 loss=0.009
  [epoch 1] step 620/794 loss=0.073
  [epoch 1] step 630/794 loss=0.011
  [epoch 1] step 640/794 loss=0.122
  [epoch 1] step 650/794 loss=0.003
  [epoch 1] step 660/794 loss=0.140
  [epoch 1] step 670/794 loss=0.040
  [epoch 1] step 680/794 loss=0.052
  [epoch 1] step 690/794 loss=0.007
  [epoch 1] step 700/794 loss=0.011
  [epoch 1] step 710/794 loss=0.010
  [epoch 1] step 720/794 loss=0.028
  [epoch 1] step 730/794 loss=0.074
  [epoch 1] step 740/794 loss=0.026
  [epoch 1] step 750/794 loss=0.004
  [epoch 1] step 760/794 loss=0.019
  [epoch 1] step 770/794 loss=0.008
  [epoch 1] step 780/794 loss=0.007
  [epoch 1] step 790/794 loss=0.011
  [epoch 2] step 10/794 loss=0.012
  [epoch 2] step 20/794 loss=0.015
  [epoch 2] step 30/794 loss=0.012
  [epoch 2] step 40/794 loss=0.087
  [epoch 2] step 50/794 loss=0.054
  [epoch 2] step 60/794 loss=0.026
  [epoch 2] step 70/794 loss=0.164
  [epoch 2] step 80/794 loss=0.021
  [epoch 2] step 90/794 loss=0.010
  [epoch 2] step 100/794 loss=0.030
  [epoch 2] step 110/794 loss=0.061
  [epoch 2] step 120/794 loss=0.043
  [epoch 2] step 130/794 loss=0.013
  [epoch 2] step 140/794 loss=0.055
  [epoch 2] step 150/794 loss=0.005
  [epoch 2] step 160/794 loss=0.010
  [epoch 2] step 170/794 loss=0.031
  [epoch 2] step 180/794 loss=0.023
  [epoch 2] step 190/794 loss=0.008
  [epoch 2] step 200/794 loss=0.062
  [epoch 2] step 210/794 loss=0.201
  [epoch 2] step 220/794 loss=0.073
  [epoch 2] step 230/794 loss=0.016
  [epoch 2] step 240/794 loss=0.026
  [epoch 2] step 250/794 loss=0.133
  [epoch 2] step 260/794 loss=0.105
  [epoch 2] step 270/794 loss=0.075
  [epoch 2] step 280/794 loss=0.033
  [epoch 2] step 290/794 loss=0.016
  [epoch 2] step 300/794 loss=0.057
  [epoch 2] step 310/794 loss=0.044
  [epoch 2] step 320/794 loss=0.043
  [epoch 2] step 330/794 loss=0.062
  [epoch 2] step 340/794 loss=0.054
  [epoch 2] step 350/794 loss=0.018
  [epoch 2] step 360/794 loss=0.070
  [epoch 2] step 370/794 loss=0.012
  [epoch 2] step 380/794 loss=0.076
  [epoch 2] step 390/794 loss=0.020
  [epoch 2] step 400/794 loss=0.025
  [epoch 2] step 410/794 loss=0.004
  [epoch 2] step 420/794 loss=0.032
  [epoch 2] step 430/794 loss=0.010
  [epoch 2] step 440/794 loss=0.054
  [epoch 2] step 450/794 loss=0.017
  [epoch 2] step 460/794 loss=0.065
  [epoch 2] step 470/794 loss=0.011
  [epoch 2] step 480/794 loss=0.054
  [epoch 2] step 490/794 loss=0.055
  [epoch 2] step 500/794 loss=0.012
  [epoch 2] step 510/794 loss=0.019
  [epoch 2] step 520/794 loss=0.042
  [epoch 2] step 530/794 loss=0.025
  [epoch 2] step 540/794 loss=0.009
  [epoch 2] step 550/794 loss=0.014
  [epoch 2] step 560/794 loss=0.043
  [epoch 2] step 570/794 loss=0.021
  [epoch 2] step 580/794 loss=0.012
  [epoch 2] step 590/794 loss=0.011
  [epoch 2] step 600/794 loss=0.029
  [epoch 2] step 610/794 loss=0.024
  [epoch 2] step 620/794 loss=0.004
  [epoch 2] step 630/794 loss=0.046
  [epoch 2] step 640/794 loss=0.012
  [epoch 2] step 650/794 loss=0.023
  [epoch 2] step 660/794 loss=0.026
  [epoch 2] step 670/794 loss=0.019
  [epoch 2] step 680/794 loss=0.076
  [epoch 2] step 690/794 loss=0.034
  [epoch 2] step 700/794 loss=0.092
  [epoch 2] step 710/794 loss=0.019
  [epoch 2] step 720/794 loss=0.024
  [epoch 2] step 730/794 loss=0.073
  [epoch 2] step 740/794 loss=0.032
  [epoch 2] step 750/794 loss=0.052
  [epoch 2] step 760/794 loss=0.024
  [epoch 2] step 770/794 loss=0.090
  [epoch 2] step 780/794 loss=0.014
  [epoch 2] step 790/794 loss=0.145
  [epoch 3] step 10/794 loss=0.022
  [epoch 3] step 20/794 loss=0.066
  [epoch 3] step 30/794 loss=0.010
  [epoch 3] step 40/794 loss=0.013
  [epoch 3] step 50/794 loss=0.020
  [epoch 3] step 60/794 loss=0.004
  [epoch 3] step 70/794 loss=0.118
  [epoch 3] step 80/794 loss=0.015
  [epoch 3] step 90/794 loss=0.198
  [epoch 3] step 100/794 loss=0.014
  [epoch 3] step 110/794 loss=0.022
  [epoch 3] step 120/794 loss=0.016
  [epoch 3] step 130/794 loss=0.008
  [epoch 3] step 140/794 loss=0.013
  [epoch 3] step 150/794 loss=0.015
  [epoch 3] step 160/794 loss=0.032
  [epoch 3] step 170/794 loss=0.159
  [epoch 3] step 180/794 loss=0.008
  [epoch 3] step 190/794 loss=0.040
  [epoch 3] step 200/794 loss=0.063
  [epoch 3] step 210/794 loss=0.033
  [epoch 3] step 220/794 loss=0.020
  [epoch 3] step 230/794 loss=0.007
  [epoch 3] step 240/794 loss=0.065
  [epoch 3] step 250/794 loss=0.065
  [epoch 3] step 260/794 loss=0.110
  [epoch 3] step 270/794 loss=0.063
  [epoch 3] step 280/794 loss=0.004
  [epoch 3] step 290/794 loss=0.074
  [epoch 3] step 300/794 loss=0.034
  [epoch 3] step 310/794 loss=0.015
  [epoch 3] step 320/794 loss=0.018
  [epoch 3] step 330/794 loss=0.002
  [epoch 3] step 340/794 loss=0.021
  [epoch 3] step 350/794 loss=0.017
  [epoch 3] step 360/794 loss=0.031
  [epoch 3] step 370/794 loss=0.010
  [epoch 3] step 380/794 loss=0.010
  [epoch 3] step 390/794 loss=0.008
  [epoch 3] step 400/794 loss=0.015
  [epoch 3] step 410/794 loss=0.006
  [epoch 3] step 420/794 loss=0.091
  [epoch 3] step 430/794 loss=0.030
  [epoch 3] step 440/794 loss=0.026
  [epoch 3] step 450/794 loss=0.029
  [epoch 3] step 460/794 loss=0.052
  [epoch 3] step 470/794 loss=0.031
  [epoch 3] step 480/794 loss=0.020
  [epoch 3] step 490/794 loss=0.019
  [epoch 3] step 500/794 loss=0.004
  [epoch 3] step 510/794 loss=0.041
  [epoch 3] step 520/794 loss=0.015
  [epoch 3] step 530/794 loss=0.025
  [epoch 3] step 540/794 loss=0.023
  [epoch 3] step 550/794 loss=0.022
  [epoch 3] step 560/794 loss=0.025
  [epoch 3] step 570/794 loss=0.002
  [epoch 3] step 580/794 loss=0.012
  [epoch 3] step 590/794 loss=0.023
  [epoch 3] step 600/794 loss=0.005
  [epoch 3] step 610/794 loss=0.037
  [epoch 3] step 620/794 loss=0.012
  [epoch 3] step 630/794 loss=0.020
  [epoch 3] step 640/794 loss=0.003
  [epoch 3] step 650/794 loss=0.033
  [epoch 3] step 660/794 loss=0.012
  [epoch 3] step 670/794 loss=0.010
  [epoch 3] step 680/794 loss=0.013
  [epoch 3] step 690/794 loss=0.004
  [epoch 3] step 700/794 loss=0.035
  [epoch 3] step 710/794 loss=0.032
  [epoch 3] step 720/794 loss=0.028
  [epoch 3] step 730/794 loss=0.045
  [epoch 3] step 740/794 loss=0.011
  [epoch 3] step 750/794 loss=0.015
  [epoch 3] step 760/794 loss=0.007
  [epoch 3] step 770/794 loss=0.023
  [epoch 3] step 780/794 loss=0.042
  [epoch 3] step 790/794 loss=0.008
  run 5/5 完成
本轮新增伪标签 1 个，累积 905 个
===== 轮次 3 | B.2 验证/微调 =====
  [epoch 1] step 10/1135 loss=0.044
  [epoch 1] step 20/1135 loss=0.041
  [epoch 1] step 30/1135 loss=0.020
  [epoch 1] step 40/1135 loss=0.145
  [epoch 1] step 50/1135 loss=0.022
  [epoch 1] step 60/1135 loss=0.009
  [epoch 1] step 70/1135 loss=0.001
  [epoch 1] step 80/1135 loss=0.030
  [epoch 1] step 90/1135 loss=0.014
  [epoch 1] step 100/1135 loss=0.018
  [epoch 1] step 110/1135 loss=0.021
  [epoch 1] step 120/1135 loss=0.007
  [epoch 1] step 130/1135 loss=0.044
  [epoch 1] step 140/1135 loss=0.010
  [epoch 1] step 150/1135 loss=0.023
  [epoch 1] step 160/1135 loss=0.017
  [epoch 1] step 170/1135 loss=0.001
  [epoch 1] step 180/1135 loss=0.007
  [epoch 1] step 190/1135 loss=0.058
  [epoch 1] step 200/1135 loss=0.018
  [epoch 1] step 210/1135 loss=0.013
  [epoch 1] step 220/1135 loss=0.039
  [epoch 1] step 230/1135 loss=0.034
  [epoch 1] step 240/1135 loss=0.008
  [epoch 1] step 250/1135 loss=0.008
  [epoch 1] step 260/1135 loss=0.038
  [epoch 1] step 270/1135 loss=0.045
  [epoch 1] step 280/1135 loss=0.040
  [epoch 1] step 290/1135 loss=0.033
  [epoch 1] step 300/1135 loss=0.009
  [epoch 1] step 310/1135 loss=0.019
  [epoch 1] step 320/1135 loss=0.021
  [epoch 1] step 330/1135 loss=0.010
  [epoch 1] step 340/1135 loss=0.140
  [epoch 1] step 350/1135 loss=0.021
  [epoch 1] step 360/1135 loss=0.110
  [epoch 1] step 370/1135 loss=0.031
  [epoch 1] step 380/1135 loss=0.066
  [epoch 1] step 390/1135 loss=0.006
  [epoch 1] step 400/1135 loss=0.087
  [epoch 1] step 410/1135 loss=0.015
  [epoch 1] step 420/1135 loss=0.030
  [epoch 1] step 430/1135 loss=0.016
  [epoch 1] step 440/1135 loss=0.026
  [epoch 1] step 450/1135 loss=0.037
  [epoch 1] step 460/1135 loss=0.068
  [epoch 1] step 470/1135 loss=0.019
  [epoch 1] step 480/1135 loss=0.058
  [epoch 1] step 490/1135 loss=0.070
  [epoch 1] step 500/1135 loss=0.015
  [epoch 1] step 510/1135 loss=0.032
  [epoch 1] step 520/1135 loss=0.017
  [epoch 1] step 530/1135 loss=0.039
  [epoch 1] step 540/1135 loss=0.001
  [epoch 1] step 550/1135 loss=0.072
  [epoch 1] step 560/1135 loss=0.026
  [epoch 1] step 570/1135 loss=0.037
  [epoch 1] step 580/1135 loss=0.014
  [epoch 1] step 590/1135 loss=0.042
  [epoch 1] step 600/1135 loss=0.034
  [epoch 1] step 610/1135 loss=0.027
  [epoch 1] step 620/1135 loss=0.003
  [epoch 1] step 630/1135 loss=0.043
  [epoch 1] step 640/1135 loss=0.038
  [epoch 1] step 650/1135 loss=0.018
  [epoch 1] step 660/1135 loss=0.012
  [epoch 1] step 670/1135 loss=0.015
  [epoch 1] step 680/1135 loss=0.047
  [epoch 1] step 690/1135 loss=0.013
  [epoch 1] step 700/1135 loss=0.018
  [epoch 1] step 710/1135 loss=0.042
  [epoch 1] step 720/1135 loss=0.069
  [epoch 1] step 730/1135 loss=0.052
  [epoch 1] step 740/1135 loss=0.081
  [epoch 1] step 750/1135 loss=0.009
  [epoch 1] step 760/1135 loss=0.038
  [epoch 1] step 770/1135 loss=0.026
  [epoch 1] step 780/1135 loss=0.017
  [epoch 1] step 790/1135 loss=0.051
  [epoch 1] step 800/1135 loss=0.003
  [epoch 1] step 810/1135 loss=0.044
  [epoch 1] step 820/1135 loss=0.033
  [epoch 1] step 830/1135 loss=0.083
  [epoch 1] step 840/1135 loss=0.013
  [epoch 1] step 850/1135 loss=0.005
  [epoch 1] step 860/1135 loss=0.005
  [epoch 1] step 870/1135 loss=0.057
  [epoch 1] step 880/1135 loss=0.097
  [epoch 1] step 890/1135 loss=0.024
  [epoch 1] step 900/1135 loss=0.063
  [epoch 1] step 910/1135 loss=0.003
  [epoch 1] step 920/1135 loss=0.003
  [epoch 1] step 930/1135 loss=0.004
  [epoch 1] step 940/1135 loss=0.053
  [epoch 1] step 950/1135 loss=0.004
  [epoch 1] step 960/1135 loss=0.027
  [epoch 1] step 970/1135 loss=0.023
  [epoch 1] step 980/1135 loss=0.007
  [epoch 1] step 990/1135 loss=0.027
  [epoch 1] step 1000/1135 loss=0.026
  [epoch 1] step 1010/1135 loss=0.018
  [epoch 1] step 1020/1135 loss=0.025
  [epoch 1] step 1030/1135 loss=0.002
  [epoch 1] step 1040/1135 loss=0.035
  [epoch 1] step 1050/1135 loss=0.010
  [epoch 1] step 1060/1135 loss=0.029
  [epoch 1] step 1070/1135 loss=0.050
  [epoch 1] step 1080/1135 loss=0.070
  [epoch 1] step 1090/1135 loss=0.041
  [epoch 1] step 1100/1135 loss=0.048
  [epoch 1] step 1110/1135 loss=0.054
  [epoch 1] step 1120/1135 loss=0.010
  [epoch 1] step 1130/1135 loss=0.017
  [epoch 2] step 10/1135 loss=0.019
  [epoch 2] step 20/1135 loss=0.052
  [epoch 2] step 30/1135 loss=0.026
  [epoch 2] step 40/1135 loss=0.029
  [epoch 2] step 50/1135 loss=0.058
  [epoch 2] step 60/1135 loss=0.011
  [epoch 2] step 70/1135 loss=0.142
  [epoch 2] step 80/1135 loss=0.246
  [epoch 2] step 90/1135 loss=0.004
  [epoch 2] step 100/1135 loss=0.038
  [epoch 2] step 110/1135 loss=0.048
  [epoch 2] step 120/1135 loss=0.018
  [epoch 2] step 130/1135 loss=0.016
  [epoch 2] step 140/1135 loss=0.039
  [epoch 2] step 150/1135 loss=0.011
  [epoch 2] step 160/1135 loss=0.012
  [epoch 2] step 170/1135 loss=0.078
  [epoch 2] step 180/1135 loss=0.009
  [epoch 2] step 190/1135 loss=0.019
  [epoch 2] step 200/1135 loss=0.022
  [epoch 2] step 210/1135 loss=0.016
  [epoch 2] step 220/1135 loss=0.123
  [epoch 2] step 230/1135 loss=0.024
  [epoch 2] step 240/1135 loss=0.018
  [epoch 2] step 250/1135 loss=0.055
  [epoch 2] step 260/1135 loss=0.002
  [epoch 2] step 270/1135 loss=0.033
  [epoch 2] step 280/1135 loss=0.070
  [epoch 2] step 290/1135 loss=0.034
  [epoch 2] step 300/1135 loss=0.037
  [epoch 2] step 310/1135 loss=0.038
  [epoch 2] step 320/1135 loss=0.036
  [epoch 2] step 330/1135 loss=0.024
  [epoch 2] step 340/1135 loss=0.021
  [epoch 2] step 350/1135 loss=0.004
  [epoch 2] step 360/1135 loss=0.032
  [epoch 2] step 370/1135 loss=0.114
  [epoch 2] step 380/1135 loss=0.006
  [epoch 2] step 390/1135 loss=0.039
  [epoch 2] step 400/1135 loss=0.008
  [epoch 2] step 410/1135 loss=0.028
  [epoch 2] step 420/1135 loss=0.022
  [epoch 2] step 430/1135 loss=0.056
  [epoch 2] step 440/1135 loss=0.073
  [epoch 2] step 450/1135 loss=0.076
  [epoch 2] step 460/1135 loss=0.007
  [epoch 2] step 470/1135 loss=0.053
  [epoch 2] step 480/1135 loss=0.029
  [epoch 2] step 490/1135 loss=0.033
  [epoch 2] step 500/1135 loss=0.002
  [epoch 2] step 510/1135 loss=0.007
  [epoch 2] step 520/1135 loss=0.017
  [epoch 2] step 530/1135 loss=0.030
  [epoch 2] step 540/1135 loss=0.046
  [epoch 2] step 550/1135 loss=0.031
  [epoch 2] step 560/1135 loss=0.025
  [epoch 2] step 570/1135 loss=0.001
  [epoch 2] step 580/1135 loss=0.007
  [epoch 2] step 590/1135 loss=0.025
  [epoch 2] step 600/1135 loss=0.012
  [epoch 2] step 610/1135 loss=0.013
  [epoch 2] step 620/1135 loss=0.029
  [epoch 2] step 630/1135 loss=0.024
  [epoch 2] step 640/1135 loss=0.013
  [epoch 2] step 650/1135 loss=0.057
  [epoch 2] step 660/1135 loss=0.012
  [epoch 2] step 670/1135 loss=0.007
  [epoch 2] step 680/1135 loss=0.029
  [epoch 2] step 690/1135 loss=0.031
  [epoch 2] step 700/1135 loss=0.092
  [epoch 2] step 710/1135 loss=0.027
  [epoch 2] step 720/1135 loss=0.026
  [epoch 2] step 730/1135 loss=0.017
  [epoch 2] step 740/1135 loss=0.008
  [epoch 2] step 750/1135 loss=0.010
  [epoch 2] step 760/1135 loss=0.054
  [epoch 2] step 770/1135 loss=0.064
  [epoch 2] step 780/1135 loss=0.038
  [epoch 2] step 790/1135 loss=0.014
  [epoch 2] step 800/1135 loss=0.020
  [epoch 2] step 810/1135 loss=0.011
  [epoch 2] step 820/1135 loss=0.203
  [epoch 2] step 830/1135 loss=0.016
  [epoch 2] step 840/1135 loss=0.076
  [epoch 2] step 850/1135 loss=0.076
  [epoch 2] step 860/1135 loss=0.030
  [epoch 2] step 870/1135 loss=0.001
  [epoch 2] step 880/1135 loss=0.053
  [epoch 2] step 890/1135 loss=0.019
  [epoch 2] step 900/1135 loss=0.025
  [epoch 2] step 910/1135 loss=0.023
  [epoch 2] step 920/1135 loss=0.054
  [epoch 2] step 930/1135 loss=0.079
  [epoch 2] step 940/1135 loss=0.157
  [epoch 2] step 950/1135 loss=0.012
  [epoch 2] step 960/1135 loss=0.011
  [epoch 2] step 970/1135 loss=0.076
  [epoch 2] step 980/1135 loss=0.016
  [epoch 2] step 990/1135 loss=0.012
  [epoch 2] step 1000/1135 loss=0.009
  [epoch 2] step 1010/1135 loss=0.085
  [epoch 2] step 1020/1135 loss=0.005
  [epoch 2] step 1030/1135 loss=0.101
  [epoch 2] step 1040/1135 loss=0.008
  [epoch 2] step 1050/1135 loss=0.012
  [epoch 2] step 1060/1135 loss=0.015
  [epoch 2] step 1070/1135 loss=0.021
  [epoch 2] step 1080/1135 loss=0.040
  [epoch 2] step 1090/1135 loss=0.021
  [epoch 2] step 1100/1135 loss=0.085
  [epoch 2] step 1110/1135 loss=0.048
  [epoch 2] step 1120/1135 loss=0.015
  [epoch 2] step 1130/1135 loss=0.060
  [epoch 3] step 10/1135 loss=0.040
  [epoch 3] step 20/1135 loss=0.209
  [epoch 3] step 30/1135 loss=0.030
  [epoch 3] step 40/1135 loss=0.044
  [epoch 3] step 50/1135 loss=0.037
  [epoch 3] step 60/1135 loss=0.024
  [epoch 3] step 70/1135 loss=0.020
  [epoch 3] step 80/1135 loss=0.022
  [epoch 3] step 90/1135 loss=0.014
  [epoch 3] step 100/1135 loss=0.038
  [epoch 3] step 110/1135 loss=0.033
  [epoch 3] step 120/1135 loss=0.065
  [epoch 3] step 130/1135 loss=0.077
  [epoch 3] step 140/1135 loss=0.023
  [epoch 3] step 150/1135 loss=0.007
  [epoch 3] step 160/1135 loss=0.084
  [epoch 3] step 170/1135 loss=0.028
  [epoch 3] step 180/1135 loss=0.035
  [epoch 3] step 190/1135 loss=0.070
  [epoch 3] step 200/1135 loss=0.005
  [epoch 3] step 210/1135 loss=0.014
  [epoch 3] step 220/1135 loss=0.028
  [epoch 3] step 230/1135 loss=0.067
  [epoch 3] step 240/1135 loss=0.052
  [epoch 3] step 250/1135 loss=0.025
  [epoch 3] step 260/1135 loss=0.007
  [epoch 3] step 270/1135 loss=0.089
  [epoch 3] step 280/1135 loss=0.110
  [epoch 3] step 290/1135 loss=0.030
  [epoch 3] step 300/1135 loss=0.022
  [epoch 3] step 310/1135 loss=0.012
  [epoch 3] step 320/1135 loss=0.149
  [epoch 3] step 330/1135 loss=0.021
  [epoch 3] step 340/1135 loss=0.026
  [epoch 3] step 350/1135 loss=0.050
  [epoch 3] step 360/1135 loss=0.031
  [epoch 3] step 370/1135 loss=0.007
  [epoch 3] step 380/1135 loss=0.020
  [epoch 3] step 390/1135 loss=0.004
  [epoch 3] step 400/1135 loss=0.017
  [epoch 3] step 410/1135 loss=0.007
  [epoch 3] step 420/1135 loss=0.021
  [epoch 3] step 430/1135 loss=0.052
  [epoch 3] step 440/1135 loss=0.045
  [epoch 3] step 450/1135 loss=0.053
  [epoch 3] step 460/1135 loss=0.033
  [epoch 3] step 470/1135 loss=0.066
  [epoch 3] step 480/1135 loss=0.010
  [epoch 3] step 490/1135 loss=0.017
  [epoch 3] step 500/1135 loss=0.044
  [epoch 3] step 510/1135 loss=0.029
  [epoch 3] step 520/1135 loss=0.029
  [epoch 3] step 530/1135 loss=0.009
  [epoch 3] step 540/1135 loss=0.021
  [epoch 3] step 550/1135 loss=0.021
  [epoch 3] step 560/1135 loss=0.097
  [epoch 3] step 570/1135 loss=0.113
  [epoch 3] step 580/1135 loss=0.057
  [epoch 3] step 590/1135 loss=0.041
  [epoch 3] step 600/1135 loss=0.013
  [epoch 3] step 610/1135 loss=0.018
  [epoch 3] step 620/1135 loss=0.009
  [epoch 3] step 630/1135 loss=0.028
  [epoch 3] step 640/1135 loss=0.027
  [epoch 3] step 650/1135 loss=0.004
  [epoch 3] step 660/1135 loss=0.062
  [epoch 3] step 670/1135 loss=0.034
  [epoch 3] step 680/1135 loss=0.019
  [epoch 3] step 690/1135 loss=0.015
  [epoch 3] step 700/1135 loss=0.019
  [epoch 3] step 710/1135 loss=0.007
  [epoch 3] step 720/1135 loss=0.009
  [epoch 3] step 730/1135 loss=0.014
  [epoch 3] step 740/1135 loss=0.028
  [epoch 3] step 750/1135 loss=0.027
  [epoch 3] step 760/1135 loss=0.012
  [epoch 3] step 770/1135 loss=0.006
  [epoch 3] step 780/1135 loss=0.031
  [epoch 3] step 790/1135 loss=0.001
  [epoch 3] step 800/1135 loss=0.020
  [epoch 3] step 810/1135 loss=0.066
  [epoch 3] step 820/1135 loss=0.007
  [epoch 3] step 830/1135 loss=0.078
  [epoch 3] step 840/1135 loss=0.041
  [epoch 3] step 850/1135 loss=0.060
  [epoch 3] step 860/1135 loss=0.042
  [epoch 3] step 870/1135 loss=0.024
  [epoch 3] step 880/1135 loss=0.021
  [epoch 3] step 890/1135 loss=0.011
  [epoch 3] step 900/1135 loss=0.061
  [epoch 3] step 910/1135 loss=0.025
  [epoch 3] step 920/1135 loss=0.073
  [epoch 3] step 930/1135 loss=0.114
  [epoch 3] step 940/1135 loss=0.019
  [epoch 3] step 950/1135 loss=0.005
  [epoch 3] step 960/1135 loss=0.054
  [epoch 3] step 970/1135 loss=0.038
  [epoch 3] step 980/1135 loss=0.007
  [epoch 3] step 990/1135 loss=0.037
  [epoch 3] step 1000/1135 loss=0.014
  [epoch 3] step 1010/1135 loss=0.013
  [epoch 3] step 1020/1135 loss=0.024
  [epoch 3] step 1030/1135 loss=0.012
  [epoch 3] step 1040/1135 loss=0.021
  [epoch 3] step 1050/1135 loss=0.007
  [epoch 3] step 1060/1135 loss=0.009
  [epoch 3] step 1070/1135 loss=0.039
  [epoch 3] step 1080/1135 loss=0.060
  [epoch 3] step 1090/1135 loss=0.033
  [epoch 3] step 1100/1135 loss=0.039
  [epoch 3] step 1110/1135 loss=0.002
  [epoch 3] step 1120/1135 loss=0.067
  [epoch 3] step 1130/1135 loss=0.097
  [epoch 4] step 10/1135 loss=0.030
  [epoch 4] step 20/1135 loss=0.080
  [epoch 4] step 30/1135 loss=0.019
  [epoch 4] step 40/1135 loss=0.032
  [epoch 4] step 50/1135 loss=0.024
  [epoch 4] step 60/1135 loss=0.009
  [epoch 4] step 70/1135 loss=0.010
  [epoch 4] step 80/1135 loss=0.012
  [epoch 4] step 90/1135 loss=0.023
  [epoch 4] step 100/1135 loss=0.026
  [epoch 4] step 110/1135 loss=0.005
  [epoch 4] step 120/1135 loss=0.019
  [epoch 4] step 130/1135 loss=0.013
  [epoch 4] step 140/1135 loss=0.006
  [epoch 4] step 150/1135 loss=0.084
  [epoch 4] step 160/1135 loss=0.017
  [epoch 4] step 170/1135 loss=0.007
  [epoch 4] step 180/1135 loss=0.064
  [epoch 4] step 190/1135 loss=0.021
  [epoch 4] step 200/1135 loss=0.015
  [epoch 4] step 210/1135 loss=0.064
  [epoch 4] step 220/1135 loss=0.101
  [epoch 4] step 230/1135 loss=0.043
  [epoch 4] step 240/1135 loss=0.011
  [epoch 4] step 250/1135 loss=0.016
  [epoch 4] step 260/1135 loss=0.012
  [epoch 4] step 270/1135 loss=0.016
  [epoch 4] step 280/1135 loss=0.012
  [epoch 4] step 290/1135 loss=0.003
  [epoch 4] step 300/1135 loss=0.070
  [epoch 4] step 310/1135 loss=0.017
  [epoch 4] step 320/1135 loss=0.008
  [epoch 4] step 330/1135 loss=0.032
  [epoch 4] step 340/1135 loss=0.016
  [epoch 4] step 350/1135 loss=0.059
  [epoch 4] step 360/1135 loss=0.018
  [epoch 4] step 370/1135 loss=0.011
  [epoch 4] step 380/1135 loss=0.011
  [epoch 4] step 390/1135 loss=0.020
  [epoch 4] step 400/1135 loss=0.118
  [epoch 4] step 410/1135 loss=0.006
  [epoch 4] step 420/1135 loss=0.011
  [epoch 4] step 430/1135 loss=0.031
  [epoch 4] step 440/1135 loss=0.019
  [epoch 4] step 450/1135 loss=0.016
  [epoch 4] step 460/1135 loss=0.005
  [epoch 4] step 470/1135 loss=0.009
  [epoch 4] step 480/1135 loss=0.023
  [epoch 4] step 490/1135 loss=0.032
  [epoch 4] step 500/1135 loss=0.018
  [epoch 4] step 510/1135 loss=0.109
  [epoch 4] step 520/1135 loss=0.003
  [epoch 4] step 530/1135 loss=0.056
  [epoch 4] step 540/1135 loss=0.044
  [epoch 4] step 550/1135 loss=0.012
  [epoch 4] step 560/1135 loss=0.029
  [epoch 4] step 570/1135 loss=0.010
  [epoch 4] step 580/1135 loss=0.033
  [epoch 4] step 590/1135 loss=0.064
  [epoch 4] step 600/1135 loss=0.021
  [epoch 4] step 610/1135 loss=0.017
  [epoch 4] step 620/1135 loss=0.022
  [epoch 4] step 630/1135 loss=0.020
  [epoch 4] step 640/1135 loss=0.013
  [epoch 4] step 650/1135 loss=0.037
  [epoch 4] step 660/1135 loss=0.019
  [epoch 4] step 670/1135 loss=0.026
  [epoch 4] step 680/1135 loss=0.040
  [epoch 4] step 690/1135 loss=0.023
  [epoch 4] step 700/1135 loss=0.006
  [epoch 4] step 710/1135 loss=0.045
  [epoch 4] step 720/1135 loss=0.015
  [epoch 4] step 730/1135 loss=0.168
  [epoch 4] step 740/1135 loss=0.008
  [epoch 4] step 750/1135 loss=0.098
  [epoch 4] step 760/1135 loss=0.006
  [epoch 4] step 770/1135 loss=0.005
  [epoch 4] step 780/1135 loss=0.004
  [epoch 4] step 790/1135 loss=0.022
  [epoch 4] step 800/1135 loss=0.029
  [epoch 4] step 810/1135 loss=0.081
  [epoch 4] step 820/1135 loss=0.022
  [epoch 4] step 830/1135 loss=0.054
  [epoch 4] step 840/1135 loss=0.009
  [epoch 4] step 850/1135 loss=0.021
  [epoch 4] step 860/1135 loss=0.015
  [epoch 4] step 870/1135 loss=0.037
  [epoch 4] step 880/1135 loss=0.011
  [epoch 4] step 890/1135 loss=0.005
  [epoch 4] step 900/1135 loss=0.045
  [epoch 4] step 910/1135 loss=0.019
  [epoch 4] step 920/1135 loss=0.006
  [epoch 4] step 930/1135 loss=0.008
  [epoch 4] step 940/1135 loss=0.008
  [epoch 4] step 950/1135 loss=0.011
  [epoch 4] step 960/1135 loss=0.006
  [epoch 4] step 970/1135 loss=0.019
  [epoch 4] step 980/1135 loss=0.009
  [epoch 4] step 990/1135 loss=0.030
  [epoch 4] step 1000/1135 loss=0.045
  [epoch 4] step 1010/1135 loss=0.039
  [epoch 4] step 1020/1135 loss=0.004
  [epoch 4] step 1030/1135 loss=0.024
  [epoch 4] step 1040/1135 loss=0.031
  [epoch 4] step 1050/1135 loss=0.043
  [epoch 4] step 1060/1135 loss=0.044
  [epoch 4] step 1070/1135 loss=0.013
  [epoch 4] step 1080/1135 loss=0.012
  [epoch 4] step 1090/1135 loss=0.015
  [epoch 4] step 1100/1135 loss=0.001
  [epoch 4] step 1110/1135 loss=0.036
  [epoch 4] step 1120/1135 loss=0.008
  [epoch 4] step 1130/1135 loss=0.050
  [epoch 5] step 10/1135 loss=0.015
  [epoch 5] step 20/1135 loss=0.031
  [epoch 5] step 30/1135 loss=0.011
  [epoch 5] step 40/1135 loss=0.020
  [epoch 5] step 50/1135 loss=0.045
  [epoch 5] step 60/1135 loss=0.006
  [epoch 5] step 70/1135 loss=0.004
  [epoch 5] step 80/1135 loss=0.041
  [epoch 5] step 90/1135 loss=0.034
  [epoch 5] step 100/1135 loss=0.025
  [epoch 5] step 110/1135 loss=0.019
  [epoch 5] step 120/1135 loss=0.046
  [epoch 5] step 130/1135 loss=0.051
  [epoch 5] step 140/1135 loss=0.011
  [epoch 5] step 150/1135 loss=0.018
  [epoch 5] step 160/1135 loss=0.017
  [epoch 5] step 170/1135 loss=0.019
  [epoch 5] step 180/1135 loss=0.010
  [epoch 5] step 190/1135 loss=0.012
  [epoch 5] step 200/1135 loss=0.044
  [epoch 5] step 210/1135 loss=0.005
  [epoch 5] step 220/1135 loss=0.007
  [epoch 5] step 230/1135 loss=0.030
  [epoch 5] step 240/1135 loss=0.034
  [epoch 5] step 250/1135 loss=0.021
  [epoch 5] step 260/1135 loss=0.034
  [epoch 5] step 270/1135 loss=0.006
  [epoch 5] step 280/1135 loss=0.033
  [epoch 5] step 290/1135 loss=0.038
  [epoch 5] step 300/1135 loss=0.010
  [epoch 5] step 310/1135 loss=0.013
  [epoch 5] step 320/1135 loss=0.028
  [epoch 5] step 330/1135 loss=0.011
  [epoch 5] step 340/1135 loss=0.033
  [epoch 5] step 350/1135 loss=0.031
  [epoch 5] step 360/1135 loss=0.018
  [epoch 5] step 370/1135 loss=0.023
  [epoch 5] step 380/1135 loss=0.034
  [epoch 5] step 390/1135 loss=0.013
  [epoch 5] step 400/1135 loss=0.023
  [epoch 5] step 410/1135 loss=0.022
  [epoch 5] step 420/1135 loss=0.021
  [epoch 5] step 430/1135 loss=0.035
  [epoch 5] step 440/1135 loss=0.025
  [epoch 5] step 450/1135 loss=0.016
  [epoch 5] step 460/1135 loss=0.017
  [epoch 5] step 470/1135 loss=0.010
  [epoch 5] step 480/1135 loss=0.021
  [epoch 5] step 490/1135 loss=0.006
  [epoch 5] step 500/1135 loss=0.038
  [epoch 5] step 510/1135 loss=0.002
  [epoch 5] step 520/1135 loss=0.075
  [epoch 5] step 530/1135 loss=0.002
  [epoch 5] step 540/1135 loss=0.005
  [epoch 5] step 550/1135 loss=0.058
  [epoch 5] step 560/1135 loss=0.014
  [epoch 5] step 570/1135 loss=0.050
  [epoch 5] step 580/1135 loss=0.020
  [epoch 5] step 590/1135 loss=0.015
  [epoch 5] step 600/1135 loss=0.052
  [epoch 5] step 610/1135 loss=0.068
  [epoch 5] step 620/1135 loss=0.137
  [epoch 5] step 630/1135 loss=0.024
  [epoch 5] step 640/1135 loss=0.009
  [epoch 5] step 650/1135 loss=0.019
  [epoch 5] step 660/1135 loss=0.007
  [epoch 5] step 670/1135 loss=0.014
  [epoch 5] step 680/1135 loss=0.042
  [epoch 5] step 690/1135 loss=0.026
  [epoch 5] step 700/1135 loss=0.064
  [epoch 5] step 710/1135 loss=0.029
  [epoch 5] step 720/1135 loss=0.043
  [epoch 5] step 730/1135 loss=0.048
  [epoch 5] step 740/1135 loss=0.052
  [epoch 5] step 750/1135 loss=0.040
  [epoch 5] step 760/1135 loss=0.001
  [epoch 5] step 770/1135 loss=0.018
  [epoch 5] step 780/1135 loss=0.022
  [epoch 5] step 790/1135 loss=0.021
  [epoch 5] step 800/1135 loss=0.039
  [epoch 5] step 810/1135 loss=0.002
  [epoch 5] step 820/1135 loss=0.035
  [epoch 5] step 830/1135 loss=0.021
  [epoch 5] step 840/1135 loss=0.023
  [epoch 5] step 850/1135 loss=0.003
  [epoch 5] step 860/1135 loss=0.020
  [epoch 5] step 870/1135 loss=0.005
  [epoch 5] step 880/1135 loss=0.023
  [epoch 5] step 890/1135 loss=0.002
  [epoch 5] step 900/1135 loss=0.014
  [epoch 5] step 910/1135 loss=0.024
  [epoch 5] step 920/1135 loss=0.002
  [epoch 5] step 930/1135 loss=0.012
  [epoch 5] step 940/1135 loss=0.006
  [epoch 5] step 950/1135 loss=0.010
  [epoch 5] step 960/1135 loss=0.010
  [epoch 5] step 970/1135 loss=0.040
  [epoch 5] step 980/1135 loss=0.077
  [epoch 5] step 990/1135 loss=0.007
  [epoch 5] step 1000/1135 loss=0.010
  [epoch 5] step 1010/1135 loss=0.020
  [epoch 5] step 1020/1135 loss=0.063
  [epoch 5] step 1030/1135 loss=0.059
  [epoch 5] step 1040/1135 loss=0.032
  [epoch 5] step 1050/1135 loss=0.058
  [epoch 5] step 1060/1135 loss=0.022
  [epoch 5] step 1070/1135 loss=0.054
  [epoch 5] step 1080/1135 loss=0.023
  [epoch 5] step 1090/1135 loss=0.015
  [epoch 5] step 1100/1135 loss=0.012
  [epoch 5] step 1110/1135 loss=0.042
  [epoch 5] step 1120/1135 loss=0.009
  [epoch 5] step 1130/1135 loss=0.028
  [epoch 6] step 10/1135 loss=0.022
  [epoch 6] step 20/1135 loss=0.009
  [epoch 6] step 30/1135 loss=0.020
  [epoch 6] step 40/1135 loss=0.010
  [epoch 6] step 50/1135 loss=0.010
  [epoch 6] step 60/1135 loss=0.138
  [epoch 6] step 70/1135 loss=0.002
  [epoch 6] step 80/1135 loss=0.015
  [epoch 6] step 90/1135 loss=0.017
  [epoch 6] step 100/1135 loss=0.066
  [epoch 6] step 110/1135 loss=0.010
  [epoch 6] step 120/1135 loss=0.010
  [epoch 6] step 130/1135 loss=0.019
  [epoch 6] step 140/1135 loss=0.024
  [epoch 6] step 150/1135 loss=0.089
  [epoch 6] step 160/1135 loss=0.018
  [epoch 6] step 170/1135 loss=0.044
  [epoch 6] step 180/1135 loss=0.005
  [epoch 6] step 190/1135 loss=0.023
  [epoch 6] step 200/1135 loss=0.020
  [epoch 6] step 210/1135 loss=0.010
  [epoch 6] step 220/1135 loss=0.026
  [epoch 6] step 230/1135 loss=0.014
  [epoch 6] step 240/1135 loss=0.049
  [epoch 6] step 250/1135 loss=0.031
  [epoch 6] step 260/1135 loss=0.096
  [epoch 6] step 270/1135 loss=0.026
  [epoch 6] step 280/1135 loss=0.016
  [epoch 6] step 290/1135 loss=0.008
  [epoch 6] step 300/1135 loss=0.035
  [epoch 6] step 310/1135 loss=0.008
  [epoch 6] step 320/1135 loss=0.017
  [epoch 6] step 330/1135 loss=0.097
  [epoch 6] step 340/1135 loss=0.031
  [epoch 6] step 350/1135 loss=0.003
  [epoch 6] step 360/1135 loss=0.022
  [epoch 6] step 370/1135 loss=0.025
  [epoch 6] step 380/1135 loss=0.024
  [epoch 6] step 390/1135 loss=0.090
  [epoch 6] step 400/1135 loss=0.030
  [epoch 6] step 410/1135 loss=0.032
  [epoch 6] step 420/1135 loss=0.046
  [epoch 6] step 430/1135 loss=0.022
  [epoch 6] step 440/1135 loss=0.024
  [epoch 6] step 450/1135 loss=0.002
  [epoch 6] step 460/1135 loss=0.013
  [epoch 6] step 470/1135 loss=0.012
  [epoch 6] step 480/1135 loss=0.024
  [epoch 6] step 490/1135 loss=0.009
  [epoch 6] step 500/1135 loss=0.082
  [epoch 6] step 510/1135 loss=0.017
  [epoch 6] step 520/1135 loss=0.029
  [epoch 6] step 530/1135 loss=0.026
  [epoch 6] step 540/1135 loss=0.013
  [epoch 6] step 550/1135 loss=0.082
  [epoch 6] step 560/1135 loss=0.057
  [epoch 6] step 570/1135 loss=0.013
  [epoch 6] step 580/1135 loss=0.022
  [epoch 6] step 590/1135 loss=0.007
  [epoch 6] step 600/1135 loss=0.001
  [epoch 6] step 610/1135 loss=0.006
  [epoch 6] step 620/1135 loss=0.017
  [epoch 6] step 630/1135 loss=0.016
  [epoch 6] step 640/1135 loss=0.010
  [epoch 6] step 650/1135 loss=0.005
  [epoch 6] step 660/1135 loss=0.045
  [epoch 6] step 670/1135 loss=0.041
  [epoch 6] step 680/1135 loss=0.019
  [epoch 6] step 690/1135 loss=0.002
  [epoch 6] step 700/1135 loss=0.010
  [epoch 6] step 710/1135 loss=0.066
  [epoch 6] step 720/1135 loss=0.019
  [epoch 6] step 730/1135 loss=0.008
  [epoch 6] step 740/1135 loss=0.017
  [epoch 6] step 750/1135 loss=0.013
  [epoch 6] step 760/1135 loss=0.081
  [epoch 6] step 770/1135 loss=0.005
  [epoch 6] step 780/1135 loss=0.007
  [epoch 6] step 790/1135 loss=0.062
  [epoch 6] step 800/1135 loss=0.071
  [epoch 6] step 810/1135 loss=0.010
  [epoch 6] step 820/1135 loss=0.042
  [epoch 6] step 830/1135 loss=0.017
  [epoch 6] step 840/1135 loss=0.005
  [epoch 6] step 850/1135 loss=0.160
  [epoch 6] step 860/1135 loss=0.016
  [epoch 6] step 870/1135 loss=0.029
  [epoch 6] step 880/1135 loss=0.006
  [epoch 6] step 890/1135 loss=0.006
  [epoch 6] step 900/1135 loss=0.005
  [epoch 6] step 910/1135 loss=0.020
  [epoch 6] step 920/1135 loss=0.030
  [epoch 6] step 930/1135 loss=0.007
  [epoch 6] step 940/1135 loss=0.044
  [epoch 6] step 950/1135 loss=0.013
  [epoch 6] step 960/1135 loss=0.035
  [epoch 6] step 970/1135 loss=0.014
  [epoch 6] step 980/1135 loss=0.020
  [epoch 6] step 990/1135 loss=0.025
  [epoch 6] step 1000/1135 loss=0.030
  [epoch 6] step 1010/1135 loss=0.029
  [epoch 6] step 1020/1135 loss=0.017
  [epoch 6] step 1030/1135 loss=0.004
  [epoch 6] step 1040/1135 loss=0.011
  [epoch 6] step 1050/1135 loss=0.009
  [epoch 6] step 1060/1135 loss=0.007
  [epoch 6] step 1070/1135 loss=0.028
  [epoch 6] step 1080/1135 loss=0.010
  [epoch 6] step 1090/1135 loss=0.014
  [epoch 6] step 1100/1135 loss=0.077
  [epoch 6] step 1110/1135 loss=0.015
  [epoch 6] step 1120/1135 loss=0.019
  [epoch 6] step 1130/1135 loss=0.020
  [epoch 7] step 10/1135 loss=0.014
  [epoch 7] step 20/1135 loss=0.022
  [epoch 7] step 30/1135 loss=0.005
  [epoch 7] step 40/1135 loss=0.003
  [epoch 7] step 50/1135 loss=0.021
  [epoch 7] step 60/1135 loss=0.081
  [epoch 7] step 70/1135 loss=0.012
  [epoch 7] step 80/1135 loss=0.009
  [epoch 7] step 90/1135 loss=0.012
  [epoch 7] step 100/1135 loss=0.043
  [epoch 7] step 110/1135 loss=0.044
  [epoch 7] step 120/1135 loss=0.003
  [epoch 7] step 130/1135 loss=0.020
  [epoch 7] step 140/1135 loss=0.022
  [epoch 7] step 150/1135 loss=0.015
  [epoch 7] step 160/1135 loss=0.020
  [epoch 7] step 170/1135 loss=0.049
  [epoch 7] step 180/1135 loss=0.015
  [epoch 7] step 190/1135 loss=0.006
  [epoch 7] step 200/1135 loss=0.022
  [epoch 7] step 210/1135 loss=0.020
  [epoch 7] step 220/1135 loss=0.015
  [epoch 7] step 230/1135 loss=0.008
  [epoch 7] step 240/1135 loss=0.010
  [epoch 7] step 250/1135 loss=0.008
  [epoch 7] step 260/1135 loss=0.030
  [epoch 7] step 270/1135 loss=0.031
  [epoch 7] step 280/1135 loss=0.041
  [epoch 7] step 290/1135 loss=0.013
  [epoch 7] step 300/1135 loss=0.116
  [epoch 7] step 310/1135 loss=0.028
  [epoch 7] step 320/1135 loss=0.063
  [epoch 7] step 330/1135 loss=0.005
  [epoch 7] step 340/1135 loss=0.008
  [epoch 7] step 350/1135 loss=0.010
  [epoch 7] step 360/1135 loss=0.022
  [epoch 7] step 370/1135 loss=0.052
  [epoch 7] step 380/1135 loss=0.003
  [epoch 7] step 390/1135 loss=0.009
  [epoch 7] step 400/1135 loss=0.019
  [epoch 7] step 410/1135 loss=0.004
  [epoch 7] step 420/1135 loss=0.056
  [epoch 7] step 430/1135 loss=0.073
  [epoch 7] step 440/1135 loss=0.036
  [epoch 7] step 450/1135 loss=0.022
  [epoch 7] step 460/1135 loss=0.003
  [epoch 7] step 470/1135 loss=0.017
  [epoch 7] step 480/1135 loss=0.032
  [epoch 7] step 490/1135 loss=0.009
  [epoch 7] step 500/1135 loss=0.017
  [epoch 7] step 510/1135 loss=0.050
  [epoch 7] step 520/1135 loss=0.050
  [epoch 7] step 530/1135 loss=0.004
  [epoch 7] step 540/1135 loss=0.024
  [epoch 7] step 550/1135 loss=0.004
  [epoch 7] step 560/1135 loss=0.015
  [epoch 7] step 570/1135 loss=0.016
  [epoch 7] step 580/1135 loss=0.034
  [epoch 7] step 590/1135 loss=0.005
  [epoch 7] step 600/1135 loss=0.007
  [epoch 7] step 610/1135 loss=0.008
  [epoch 7] step 620/1135 loss=0.018
  [epoch 7] step 630/1135 loss=0.019
  [epoch 7] step 640/1135 loss=0.029
  [epoch 7] step 650/1135 loss=0.007
  [epoch 7] step 660/1135 loss=0.007
  [epoch 7] step 670/1135 loss=0.008
  [epoch 7] step 680/1135 loss=0.065
  [epoch 7] step 690/1135 loss=0.004
  [epoch 7] step 700/1135 loss=0.061
  [epoch 7] step 710/1135 loss=0.023
  [epoch 7] step 720/1135 loss=0.004
  [epoch 7] step 730/1135 loss=0.032
  [epoch 7] step 740/1135 loss=0.026
  [epoch 7] step 750/1135 loss=0.015
  [epoch 7] step 760/1135 loss=0.080
  [epoch 7] step 770/1135 loss=0.026
  [epoch 7] step 780/1135 loss=0.004
  [epoch 7] step 790/1135 loss=0.055
  [epoch 7] step 800/1135 loss=0.014
  [epoch 7] step 810/1135 loss=0.026
  [epoch 7] step 820/1135 loss=0.026
  [epoch 7] step 830/1135 loss=0.006
  [epoch 7] step 840/1135 loss=0.036
  [epoch 7] step 850/1135 loss=0.010
  [epoch 7] step 860/1135 loss=0.027
  [epoch 7] step 870/1135 loss=0.043
  [epoch 7] step 880/1135 loss=0.017
  [epoch 7] step 890/1135 loss=0.014
  [epoch 7] step 900/1135 loss=0.043
  [epoch 7] step 910/1135 loss=0.015
  [epoch 7] step 920/1135 loss=0.057
  [epoch 7] step 930/1135 loss=0.008
  [epoch 7] step 940/1135 loss=0.051
  [epoch 7] step 950/1135 loss=0.015
  [epoch 7] step 960/1135 loss=0.035
  [epoch 7] step 970/1135 loss=0.038
  [epoch 7] step 980/1135 loss=0.002
  [epoch 7] step 990/1135 loss=0.024
  [epoch 7] step 1000/1135 loss=0.004
  [epoch 7] step 1010/1135 loss=0.023
  [epoch 7] step 1020/1135 loss=0.050
  [epoch 7] step 1030/1135 loss=0.002
  [epoch 7] step 1040/1135 loss=0.005
  [epoch 7] step 1050/1135 loss=0.017
  [epoch 7] step 1060/1135 loss=0.011
  [epoch 7] step 1070/1135 loss=0.012
  [epoch 7] step 1080/1135 loss=0.006
  [epoch 7] step 1090/1135 loss=0.020
  [epoch 7] step 1100/1135 loss=0.010
  [epoch 7] step 1110/1135 loss=0.022
  [epoch 7] step 1120/1135 loss=0.009
  [epoch 7] step 1130/1135 loss=0.001
  [epoch 8] step 10/1135 loss=0.013
  [epoch 8] step 20/1135 loss=0.018
  [epoch 8] step 30/1135 loss=0.049
  [epoch 8] step 40/1135 loss=0.040
  [epoch 8] step 50/1135 loss=0.004
  [epoch 8] step 60/1135 loss=0.013
  [epoch 8] step 70/1135 loss=0.050
  [epoch 8] step 80/1135 loss=0.032
  [epoch 8] step 90/1135 loss=0.010
  [epoch 8] step 100/1135 loss=0.011
  [epoch 8] step 110/1135 loss=0.039
  [epoch 8] step 120/1135 loss=0.035
  [epoch 8] step 130/1135 loss=0.006
  [epoch 8] step 140/1135 loss=0.009
  [epoch 8] step 150/1135 loss=0.033
  [epoch 8] step 160/1135 loss=0.010
  [epoch 8] step 170/1135 loss=0.022
  [epoch 8] step 180/1135 loss=0.023
  [epoch 8] step 190/1135 loss=0.027
  [epoch 8] step 200/1135 loss=0.020
  [epoch 8] step 210/1135 loss=0.011
  [epoch 8] step 220/1135 loss=0.007
  [epoch 8] step 230/1135 loss=0.022
  [epoch 8] step 240/1135 loss=0.017
  [epoch 8] step 250/1135 loss=0.014
  [epoch 8] step 260/1135 loss=0.007
  [epoch 8] step 270/1135 loss=0.052
  [epoch 8] step 280/1135 loss=0.005
  [epoch 8] step 290/1135 loss=0.039
  [epoch 8] step 300/1135 loss=0.028
  [epoch 8] step 310/1135 loss=0.008
  [epoch 8] step 320/1135 loss=0.016
  [epoch 8] step 330/1135 loss=0.019
  [epoch 8] step 340/1135 loss=0.016
  [epoch 8] step 350/1135 loss=0.049
  [epoch 8] step 360/1135 loss=0.033
  [epoch 8] step 370/1135 loss=0.057
  [epoch 8] step 380/1135 loss=0.027
  [epoch 8] step 390/1135 loss=0.142
  [epoch 8] step 400/1135 loss=0.011
  [epoch 8] step 410/1135 loss=0.027
  [epoch 8] step 420/1135 loss=0.006
  [epoch 8] step 430/1135 loss=0.002
  [epoch 8] step 440/1135 loss=0.023
  [epoch 8] step 450/1135 loss=0.028
  [epoch 8] step 460/1135 loss=0.003
  [epoch 8] step 470/1135 loss=0.041
  [epoch 8] step 480/1135 loss=0.003
  [epoch 8] step 490/1135 loss=0.007
  [epoch 8] step 500/1135 loss=0.025
  [epoch 8] step 510/1135 loss=0.008
  [epoch 8] step 520/1135 loss=0.009
  [epoch 8] step 530/1135 loss=0.005
  [epoch 8] step 540/1135 loss=0.012
  [epoch 8] step 550/1135 loss=0.003
  [epoch 8] step 560/1135 loss=0.006
  [epoch 8] step 570/1135 loss=0.033
  [epoch 8] step 580/1135 loss=0.001
  [epoch 8] step 590/1135 loss=0.019
  [epoch 8] step 600/1135 loss=0.005
  [epoch 8] step 610/1135 loss=0.009
  [epoch 8] step 620/1135 loss=0.024
  [epoch 8] step 630/1135 loss=0.021
  [epoch 8] step 640/1135 loss=0.055
  [epoch 8] step 650/1135 loss=0.006
  [epoch 8] step 660/1135 loss=0.031
  [epoch 8] step 670/1135 loss=0.005
  [epoch 8] step 680/1135 loss=0.058
  [epoch 8] step 690/1135 loss=0.027
  [epoch 8] step 700/1135 loss=0.023
  [epoch 8] step 710/1135 loss=0.004
  [epoch 8] step 720/1135 loss=0.002
  [epoch 8] step 730/1135 loss=0.047
  [epoch 8] step 740/1135 loss=0.010
  [epoch 8] step 750/1135 loss=0.010
  [epoch 8] step 760/1135 loss=0.011
  [epoch 8] step 770/1135 loss=0.003
  [epoch 8] step 780/1135 loss=0.022
  [epoch 8] step 790/1135 loss=0.026
  [epoch 8] step 800/1135 loss=0.005
  [epoch 8] step 810/1135 loss=0.016
  [epoch 8] step 820/1135 loss=0.013
  [epoch 8] step 830/1135 loss=0.001
  [epoch 8] step 840/1135 loss=0.010
  [epoch 8] step 850/1135 loss=0.009
  [epoch 8] step 860/1135 loss=0.008
  [epoch 8] step 870/1135 loss=0.110
  [epoch 8] step 880/1135 loss=0.004
  [epoch 8] step 890/1135 loss=0.017
  [epoch 8] step 900/1135 loss=0.055
  [epoch 8] step 910/1135 loss=0.021
  [epoch 8] step 920/1135 loss=0.025
  [epoch 8] step 930/1135 loss=0.023
  [epoch 8] step 940/1135 loss=0.020
  [epoch 8] step 950/1135 loss=0.003
  [epoch 8] step 960/1135 loss=0.075
  [epoch 8] step 970/1135 loss=0.005
  [epoch 8] step 980/1135 loss=0.013
  [epoch 8] step 990/1135 loss=0.005
  [epoch 8] step 1000/1135 loss=0.005
  [epoch 8] step 1010/1135 loss=0.021
  [epoch 8] step 1020/1135 loss=0.066
  [epoch 8] step 1030/1135 loss=0.004
  [epoch 8] step 1040/1135 loss=0.003
  [epoch 8] step 1050/1135 loss=0.021
  [epoch 8] step 1060/1135 loss=0.024
  [epoch 8] step 1070/1135 loss=0.007
  [epoch 8] step 1080/1135 loss=0.009
  [epoch 8] step 1090/1135 loss=0.001
  [epoch 8] step 1100/1135 loss=0.009
  [epoch 8] step 1110/1135 loss=0.029
  [epoch 8] step 1120/1135 loss=0.014
  [epoch 8] step 1130/1135 loss=0.019
  [epoch 9] step 10/1135 loss=0.033
  [epoch 9] step 20/1135 loss=0.035
  [epoch 9] step 30/1135 loss=0.003
  [epoch 9] step 40/1135 loss=0.004
  [epoch 9] step 50/1135 loss=0.012
  [epoch 9] step 60/1135 loss=0.013
  [epoch 9] step 70/1135 loss=0.057
  [epoch 9] step 80/1135 loss=0.011
  [epoch 9] step 90/1135 loss=0.020
  [epoch 9] step 100/1135 loss=0.019
  [epoch 9] step 110/1135 loss=0.020
  [epoch 9] step 120/1135 loss=0.012
  [epoch 9] step 130/1135 loss=0.014
  [epoch 9] step 140/1135 loss=0.021
  [epoch 9] step 150/1135 loss=0.026
  [epoch 9] step 160/1135 loss=0.002
  [epoch 9] step 170/1135 loss=0.034
  [epoch 9] step 180/1135 loss=0.084
  [epoch 9] step 190/1135 loss=0.009
  [epoch 9] step 200/1135 loss=0.016
  [epoch 9] step 210/1135 loss=0.012
  [epoch 9] step 220/1135 loss=0.028
  [epoch 9] step 230/1135 loss=0.043
  [epoch 9] step 240/1135 loss=0.002
  [epoch 9] step 250/1135 loss=0.010
  [epoch 9] step 260/1135 loss=0.043
  [epoch 9] step 270/1135 loss=0.007
  [epoch 9] step 280/1135 loss=0.014
  [epoch 9] step 290/1135 loss=0.037
  [epoch 9] step 300/1135 loss=0.012
  [epoch 9] step 310/1135 loss=0.030
  [epoch 9] step 320/1135 loss=0.097
  [epoch 9] step 330/1135 loss=0.018
  [epoch 9] step 340/1135 loss=0.035
  [epoch 9] step 350/1135 loss=0.022
  [epoch 9] step 360/1135 loss=0.011
  [epoch 9] step 370/1135 loss=0.017
  [epoch 9] step 380/1135 loss=0.026
  [epoch 9] step 390/1135 loss=0.009
  [epoch 9] step 400/1135 loss=0.032
  [epoch 9] step 410/1135 loss=0.041
  [epoch 9] step 420/1135 loss=0.013
  [epoch 9] step 430/1135 loss=0.010
  [epoch 9] step 440/1135 loss=0.020
  [epoch 9] step 450/1135 loss=0.007
  [epoch 9] step 460/1135 loss=0.045
  [epoch 9] step 470/1135 loss=0.015
  [epoch 9] step 480/1135 loss=0.032
  [epoch 9] step 490/1135 loss=0.011
  [epoch 9] step 500/1135 loss=0.018
  [epoch 9] step 510/1135 loss=0.008
  [epoch 9] step 520/1135 loss=0.006
  [epoch 9] step 530/1135 loss=0.032
  [epoch 9] step 540/1135 loss=0.007
  [epoch 9] step 550/1135 loss=0.002
  [epoch 9] step 560/1135 loss=0.011
  [epoch 9] step 570/1135 loss=0.015
  [epoch 9] step 580/1135 loss=0.022
  [epoch 9] step 590/1135 loss=0.008
  [epoch 9] step 600/1135 loss=0.003
  [epoch 9] step 610/1135 loss=0.011
  [epoch 9] step 620/1135 loss=0.028
  [epoch 9] step 630/1135 loss=0.006
  [epoch 9] step 640/1135 loss=0.019
  [epoch 9] step 650/1135 loss=0.023
  [epoch 9] step 660/1135 loss=0.027
  [epoch 9] step 670/1135 loss=0.003
  [epoch 9] step 680/1135 loss=0.050
  [epoch 9] step 690/1135 loss=0.061
  [epoch 9] step 700/1135 loss=0.010
  [epoch 9] step 710/1135 loss=0.029
  [epoch 9] step 720/1135 loss=0.014
  [epoch 9] step 730/1135 loss=0.013
  [epoch 9] step 740/1135 loss=0.024
  [epoch 9] step 750/1135 loss=0.004
  [epoch 9] step 760/1135 loss=0.010
  [epoch 9] step 770/1135 loss=0.024
  [epoch 9] step 780/1135 loss=0.002
  [epoch 9] step 790/1135 loss=0.007
  [epoch 9] step 800/1135 loss=0.043
  [epoch 9] step 810/1135 loss=0.046
  [epoch 9] step 820/1135 loss=0.024
  [epoch 9] step 830/1135 loss=0.015
  [epoch 9] step 840/1135 loss=0.011
  [epoch 9] step 850/1135 loss=0.003
  [epoch 9] step 860/1135 loss=0.006
  [epoch 9] step 870/1135 loss=0.007
  [epoch 9] step 880/1135 loss=0.013
  [epoch 9] step 890/1135 loss=0.034
  [epoch 9] step 900/1135 loss=0.007
  [epoch 9] step 910/1135 loss=0.022
  [epoch 9] step 920/1135 loss=0.027
  [epoch 9] step 930/1135 loss=0.002
  [epoch 9] step 940/1135 loss=0.060
  [epoch 9] step 950/1135 loss=0.001
  [epoch 9] step 960/1135 loss=0.004
  [epoch 9] step 970/1135 loss=0.007
  [epoch 9] step 980/1135 loss=0.006
  [epoch 9] step 990/1135 loss=0.001
  [epoch 9] step 1000/1135 loss=0.041
  [epoch 9] step 1010/1135 loss=0.036
  [epoch 9] step 1020/1135 loss=0.020
  [epoch 9] step 1030/1135 loss=0.005
  [epoch 9] step 1040/1135 loss=0.015
  [epoch 9] step 1050/1135 loss=0.003
  [epoch 9] step 1060/1135 loss=0.028
  [epoch 9] step 1070/1135 loss=0.014
  [epoch 9] step 1080/1135 loss=0.004
  [epoch 9] step 1090/1135 loss=0.104
  [epoch 9] step 1100/1135 loss=0.009
  [epoch 9] step 1110/1135 loss=0.024
  [epoch 9] step 1120/1135 loss=0.022
  [epoch 9] step 1130/1135 loss=0.006
  [epoch 10] step 10/1135 loss=0.007
  [epoch 10] step 20/1135 loss=0.009
  [epoch 10] step 30/1135 loss=0.014
  [epoch 10] step 40/1135 loss=0.077
  [epoch 10] step 50/1135 loss=0.012
  [epoch 10] step 60/1135 loss=0.010
  [epoch 10] step 70/1135 loss=0.019
  [epoch 10] step 80/1135 loss=0.010
  [epoch 10] step 90/1135 loss=0.027
  [epoch 10] step 100/1135 loss=0.014
  [epoch 10] step 110/1135 loss=0.008
  [epoch 10] step 120/1135 loss=0.049
  [epoch 10] step 130/1135 loss=0.023
  [epoch 10] step 140/1135 loss=0.014
  [epoch 10] step 150/1135 loss=0.011
  [epoch 10] step 160/1135 loss=0.035
  [epoch 10] step 170/1135 loss=0.015
  [epoch 10] step 180/1135 loss=0.042
  [epoch 10] step 190/1135 loss=0.027
  [epoch 10] step 200/1135 loss=0.029
  [epoch 10] step 210/1135 loss=0.039
  [epoch 10] step 220/1135 loss=0.019
  [epoch 10] step 230/1135 loss=0.002
  [epoch 10] step 240/1135 loss=0.056
  [epoch 10] step 250/1135 loss=0.056
  [epoch 10] step 260/1135 loss=0.043
  [epoch 10] step 270/1135 loss=0.014
  [epoch 10] step 280/1135 loss=0.020
  [epoch 10] step 290/1135 loss=0.066
  [epoch 10] step 300/1135 loss=0.015
  [epoch 10] step 310/1135 loss=0.003
  [epoch 10] step 320/1135 loss=0.010
  [epoch 10] step 330/1135 loss=0.006
  [epoch 10] step 340/1135 loss=0.005
  [epoch 10] step 350/1135 loss=0.003
  [epoch 10] step 360/1135 loss=0.035
  [epoch 10] step 370/1135 loss=0.016
  [epoch 10] step 380/1135 loss=0.004
  [epoch 10] step 390/1135 loss=0.037
  [epoch 10] step 400/1135 loss=0.031
  [epoch 10] step 410/1135 loss=0.012
  [epoch 10] step 420/1135 loss=0.008
  [epoch 10] step 430/1135 loss=0.005
  [epoch 10] step 440/1135 loss=0.010
  [epoch 10] step 450/1135 loss=0.012
  [epoch 10] step 460/1135 loss=0.008
  [epoch 10] step 470/1135 loss=0.010
  [epoch 10] step 480/1135 loss=0.103
  [epoch 10] step 490/1135 loss=0.011
  [epoch 10] step 500/1135 loss=0.007
  [epoch 10] step 510/1135 loss=0.008
  [epoch 10] step 520/1135 loss=0.004
  [epoch 10] step 530/1135 loss=0.002
  [epoch 10] step 540/1135 loss=0.013
  [epoch 10] step 550/1135 loss=0.007
  [epoch 10] step 560/1135 loss=0.015
  [epoch 10] step 570/1135 loss=0.007
  [epoch 10] step 580/1135 loss=0.031
  [epoch 10] step 590/1135 loss=0.025
  [epoch 10] step 600/1135 loss=0.024
  [epoch 10] step 610/1135 loss=0.002
  [epoch 10] step 620/1135 loss=0.025
  [epoch 10] step 630/1135 loss=0.007
  [epoch 10] step 640/1135 loss=0.013
  [epoch 10] step 650/1135 loss=0.017
  [epoch 10] step 660/1135 loss=0.015
  [epoch 10] step 670/1135 loss=0.020
  [epoch 10] step 680/1135 loss=0.015
  [epoch 10] step 690/1135 loss=0.009
  [epoch 10] step 700/1135 loss=0.017
  [epoch 10] step 710/1135 loss=0.029
  [epoch 10] step 720/1135 loss=0.032
  [epoch 10] step 730/1135 loss=0.007
  [epoch 10] step 740/1135 loss=0.023
  [epoch 10] step 750/1135 loss=0.029
  [epoch 10] step 760/1135 loss=0.017
  [epoch 10] step 770/1135 loss=0.018
  [epoch 10] step 780/1135 loss=0.008
  [epoch 10] step 790/1135 loss=0.014
  [epoch 10] step 800/1135 loss=0.021
  [epoch 10] step 810/1135 loss=0.015
  [epoch 10] step 820/1135 loss=0.008
  [epoch 10] step 830/1135 loss=0.005
  [epoch 10] step 840/1135 loss=0.040
  [epoch 10] step 850/1135 loss=0.005
  [epoch 10] step 860/1135 loss=0.018
  [epoch 10] step 870/1135 loss=0.010
  [epoch 10] step 880/1135 loss=0.032
  [epoch 10] step 890/1135 loss=0.052
  [epoch 10] step 900/1135 loss=0.004
  [epoch 10] step 910/1135 loss=0.016
  [epoch 10] step 920/1135 loss=0.017
  [epoch 10] step 930/1135 loss=0.024
  [epoch 10] step 940/1135 loss=0.007
  [epoch 10] step 950/1135 loss=0.005
  [epoch 10] step 960/1135 loss=0.012
  [epoch 10] step 970/1135 loss=0.004
  [epoch 10] step 980/1135 loss=0.010
  [epoch 10] step 990/1135 loss=0.005
  [epoch 10] step 1000/1135 loss=0.005
  [epoch 10] step 1010/1135 loss=0.017
  [epoch 10] step 1020/1135 loss=0.012
  [epoch 10] step 1030/1135 loss=0.027
  [epoch 10] step 1040/1135 loss=0.019
  [epoch 10] step 1050/1135 loss=0.019
  [epoch 10] step 1060/1135 loss=0.025
  [epoch 10] step 1070/1135 loss=0.010
  [epoch 10] step 1080/1135 loss=0.006
  [epoch 10] step 1090/1135 loss=0.006
  [epoch 10] step 1100/1135 loss=0.008
  [epoch 10] step 1110/1135 loss=0.035
  [epoch 10] step 1120/1135 loss=0.012
  [epoch 10] step 1130/1135 loss=0.007
SROCC=0.6628 PLCC=0.5034 OBJ=1.1662
  未提升 (连续 2/3)

===== 轮次 4/5 | B.1 伪标签生成 =====
  [epoch 1] step 10/795 loss=0.061
  [epoch 1] step 20/795 loss=0.083
  [epoch 1] step 30/795 loss=0.033
  [epoch 1] step 40/795 loss=0.023
  [epoch 1] step 50/795 loss=0.007
  [epoch 1] step 60/795 loss=0.020
  [epoch 1] step 70/795 loss=0.031
  [epoch 1] step 80/795 loss=0.016
  [epoch 1] step 90/795 loss=0.040
  [epoch 1] step 100/795 loss=0.065
  [epoch 1] step 110/795 loss=0.050
  [epoch 1] step 120/795 loss=0.014
  [epoch 1] step 130/795 loss=0.012
  [epoch 1] step 140/795 loss=0.017
  [epoch 1] step 150/795 loss=0.019
  [epoch 1] step 160/795 loss=0.014
  [epoch 1] step 170/795 loss=0.017
  [epoch 1] step 180/795 loss=0.012
  [epoch 1] step 190/795 loss=0.041
  [epoch 1] step 200/795 loss=0.026
  [epoch 1] step 210/795 loss=0.015
  [epoch 1] step 220/795 loss=0.003
  [epoch 1] step 230/795 loss=0.020
  [epoch 1] step 240/795 loss=0.022
  [epoch 1] step 250/795 loss=0.009
  [epoch 1] step 260/795 loss=0.058
  [epoch 1] step 270/795 loss=0.022
  [epoch 1] step 280/795 loss=0.028
  [epoch 1] step 290/795 loss=0.012
  [epoch 1] step 300/795 loss=0.055
  [epoch 1] step 310/795 loss=0.009
  [epoch 1] step 320/795 loss=0.010
  [epoch 1] step 330/795 loss=0.037
  [epoch 1] step 340/795 loss=0.056
  [epoch 1] step 350/795 loss=0.029
  [epoch 1] step 360/795 loss=0.104
  [epoch 1] step 370/795 loss=0.006
  [epoch 1] step 380/795 loss=0.006
  [epoch 1] step 390/795 loss=0.034
  [epoch 1] step 400/795 loss=0.007
  [epoch 1] step 410/795 loss=0.027
  [epoch 1] step 420/795 loss=0.018
  [epoch 1] step 430/795 loss=0.100
  [epoch 1] step 440/795 loss=0.007
  [epoch 1] step 450/795 loss=0.034
  [epoch 1] step 460/795 loss=0.002
  [epoch 1] step 470/795 loss=0.045
  [epoch 1] step 480/795 loss=0.014
  [epoch 1] step 490/795 loss=0.002
  [epoch 1] step 500/795 loss=0.072
  [epoch 1] step 510/795 loss=0.005
  [epoch 1] step 520/795 loss=0.034
  [epoch 1] step 530/795 loss=0.024
  [epoch 1] step 540/795 loss=0.035
  [epoch 1] step 550/795 loss=0.010
  [epoch 1] step 560/795 loss=0.031
  [epoch 1] step 570/795 loss=0.003
  [epoch 1] step 580/795 loss=0.049
  [epoch 1] step 590/795 loss=0.015
  [epoch 1] step 600/795 loss=0.077
  [epoch 1] step 610/795 loss=0.050
  [epoch 1] step 620/795 loss=0.019
  [epoch 1] step 630/795 loss=0.007
  [epoch 1] step 640/795 loss=0.011
  [epoch 1] step 650/795 loss=0.062
  [epoch 1] step 660/795 loss=0.020
  [epoch 1] step 670/795 loss=0.023
  [epoch 1] step 680/795 loss=0.014
  [epoch 1] step 690/795 loss=0.100
  [epoch 1] step 700/795 loss=0.020
  [epoch 1] step 710/795 loss=0.085
  [epoch 1] step 720/795 loss=0.029
  [epoch 1] step 730/795 loss=0.008
  [epoch 1] step 740/795 loss=0.024
  [epoch 1] step 750/795 loss=0.035
  [epoch 1] step 760/795 loss=0.006
  [epoch 1] step 770/795 loss=0.019
  [epoch 1] step 780/795 loss=0.029
  [epoch 1] step 790/795 loss=0.110
  [epoch 2] step 10/795 loss=0.055
  [epoch 2] step 20/795 loss=0.098
  [epoch 2] step 30/795 loss=0.065
  [epoch 2] step 40/795 loss=0.035
  [epoch 2] step 50/795 loss=0.035
  [epoch 2] step 60/795 loss=0.021
  [epoch 2] step 70/795 loss=0.044
  [epoch 2] step 80/795 loss=0.025
  [epoch 2] step 90/795 loss=0.120
  [epoch 2] step 100/795 loss=0.028
  [epoch 2] step 110/795 loss=0.043
  [epoch 2] step 120/795 loss=0.007
  [epoch 2] step 130/795 loss=0.020
  [epoch 2] step 140/795 loss=0.013
  [epoch 2] step 150/795 loss=0.012
  [epoch 2] step 160/795 loss=0.008
  [epoch 2] step 170/795 loss=0.026
  [epoch 2] step 180/795 loss=0.031
  [epoch 2] step 190/795 loss=0.006
  [epoch 2] step 200/795 loss=0.020
  [epoch 2] step 210/795 loss=0.034
  [epoch 2] step 220/795 loss=0.066
  [epoch 2] step 230/795 loss=0.030
  [epoch 2] step 240/795 loss=0.021
  [epoch 2] step 250/795 loss=0.028
  [epoch 2] step 260/795 loss=0.024
  [epoch 2] step 270/795 loss=0.046
  [epoch 2] step 280/795 loss=0.011
  [epoch 2] step 290/795 loss=0.043
  [epoch 2] step 300/795 loss=0.038
  [epoch 2] step 310/795 loss=0.008
  [epoch 2] step 320/795 loss=0.024
  [epoch 2] step 330/795 loss=0.025
  [epoch 2] step 340/795 loss=0.031
  [epoch 2] step 350/795 loss=0.008
  [epoch 2] step 360/795 loss=0.049
  [epoch 2] step 370/795 loss=0.015
  [epoch 2] step 380/795 loss=0.034
  [epoch 2] step 390/795 loss=0.002
  [epoch 2] step 400/795 loss=0.031
  [epoch 2] step 410/795 loss=0.007
  [epoch 2] step 420/795 loss=0.006
  [epoch 2] step 430/795 loss=0.034
  [epoch 2] step 440/795 loss=0.005
  [epoch 2] step 450/795 loss=0.108
  [epoch 2] step 460/795 loss=0.026
  [epoch 2] step 470/795 loss=0.130
  [epoch 2] step 480/795 loss=0.045
  [epoch 2] step 490/795 loss=0.033
  [epoch 2] step 500/795 loss=0.033
  [epoch 2] step 510/795 loss=0.067
  [epoch 2] step 520/795 loss=0.012
  [epoch 2] step 530/795 loss=0.738
  [epoch 2] step 540/795 loss=0.026
  [epoch 2] step 550/795 loss=0.038
  [epoch 2] step 560/795 loss=0.067
  [epoch 2] step 570/795 loss=0.024
  [epoch 2] step 580/795 loss=0.063
  [epoch 2] step 590/795 loss=0.004
  [epoch 2] step 600/795 loss=0.006
  [epoch 2] step 610/795 loss=0.009
  [epoch 2] step 620/795 loss=0.006
  [epoch 2] step 630/795 loss=0.029
  [epoch 2] step 640/795 loss=0.121
  [epoch 2] step 650/795 loss=0.003
  [epoch 2] step 660/795 loss=0.025
  [epoch 2] step 670/795 loss=0.030
  [epoch 2] step 680/795 loss=0.005
  [epoch 2] step 690/795 loss=0.040
  [epoch 2] step 700/795 loss=0.012
  [epoch 2] step 710/795 loss=0.080
  [epoch 2] step 720/795 loss=0.042
  [epoch 2] step 730/795 loss=0.021
  [epoch 2] step 740/795 loss=0.029
  [epoch 2] step 750/795 loss=0.039
  [epoch 2] step 760/795 loss=0.059
  [epoch 2] step 770/795 loss=0.051
  [epoch 2] step 780/795 loss=0.046
  [epoch 2] step 790/795 loss=0.017
  [epoch 3] step 10/795 loss=0.041
  [epoch 3] step 20/795 loss=0.107
  [epoch 3] step 30/795 loss=0.051
  [epoch 3] step 40/795 loss=0.003
  [epoch 3] step 50/795 loss=0.059
  [epoch 3] step 60/795 loss=0.101
  [epoch 3] step 70/795 loss=0.017
  [epoch 3] step 80/795 loss=0.012
  [epoch 3] step 90/795 loss=0.040
  [epoch 3] step 100/795 loss=0.014
  [epoch 3] step 110/795 loss=0.033
  [epoch 3] step 120/795 loss=0.024
  [epoch 3] step 130/795 loss=0.041
  [epoch 3] step 140/795 loss=0.013
  [epoch 3] step 150/795 loss=0.028
  [epoch 3] step 160/795 loss=0.035
  [epoch 3] step 170/795 loss=0.014
  [epoch 3] step 180/795 loss=0.013
  [epoch 3] step 190/795 loss=0.083
  [epoch 3] step 200/795 loss=0.038
  [epoch 3] step 210/795 loss=0.009
  [epoch 3] step 220/795 loss=0.059
  [epoch 3] step 230/795 loss=0.024
  [epoch 3] step 240/795 loss=0.002
  [epoch 3] step 250/795 loss=0.019
  [epoch 3] step 260/795 loss=0.045
  [epoch 3] step 270/795 loss=0.071
  [epoch 3] step 280/795 loss=0.088
  [epoch 3] step 290/795 loss=0.012
  [epoch 3] step 300/795 loss=0.010
  [epoch 3] step 310/795 loss=0.030
  [epoch 3] step 320/795 loss=0.465
  [epoch 3] step 330/795 loss=0.014
  [epoch 3] step 340/795 loss=0.124
  [epoch 3] step 350/795 loss=0.010
  [epoch 3] step 360/795 loss=0.041
  [epoch 3] step 370/795 loss=0.012
  [epoch 3] step 380/795 loss=0.008
  [epoch 3] step 390/795 loss=0.035
  [epoch 3] step 400/795 loss=0.006
  [epoch 3] step 410/795 loss=0.043
  [epoch 3] step 420/795 loss=0.028
  [epoch 3] step 430/795 loss=0.040
  [epoch 3] step 440/795 loss=0.019
  [epoch 3] step 450/795 loss=0.021
  [epoch 3] step 460/795 loss=0.003
  [epoch 3] step 470/795 loss=0.006
  [epoch 3] step 480/795 loss=0.032
  [epoch 3] step 490/795 loss=0.011
  [epoch 3] step 500/795 loss=0.036
  [epoch 3] step 510/795 loss=0.033
  [epoch 3] step 520/795 loss=0.010
  [epoch 3] step 530/795 loss=0.038
  [epoch 3] step 540/795 loss=0.023
  [epoch 3] step 550/795 loss=0.074
  [epoch 3] step 560/795 loss=0.018
  [epoch 3] step 570/795 loss=0.005
  [epoch 3] step 580/795 loss=0.027
  [epoch 3] step 590/795 loss=0.015
  [epoch 3] step 600/795 loss=0.042
  [epoch 3] step 610/795 loss=0.042
  [epoch 3] step 620/795 loss=0.002
  [epoch 3] step 630/795 loss=0.023
  [epoch 3] step 640/795 loss=0.004
  [epoch 3] step 650/795 loss=0.061
  [epoch 3] step 660/795 loss=0.015
  [epoch 3] step 670/795 loss=0.005
  [epoch 3] step 680/795 loss=0.033
  [epoch 3] step 690/795 loss=0.012
  [epoch 3] step 700/795 loss=0.052
  [epoch 3] step 710/795 loss=0.064
  [epoch 3] step 720/795 loss=0.064
  [epoch 3] step 730/795 loss=0.025
  [epoch 3] step 740/795 loss=0.071
  [epoch 3] step 750/795 loss=0.017
  [epoch 3] step 760/795 loss=0.012
  [epoch 3] step 770/795 loss=0.035
  [epoch 3] step 780/795 loss=0.012
  [epoch 3] step 790/795 loss=0.031
  run 1/5 完成
  [epoch 1] step 10/795 loss=0.088
  [epoch 1] step 20/795 loss=0.013
  [epoch 1] step 30/795 loss=0.008
  [epoch 1] step 40/795 loss=0.013
  [epoch 1] step 50/795 loss=0.009
  [epoch 1] step 60/795 loss=0.030
  [epoch 1] step 70/795 loss=0.012
  [epoch 1] step 80/795 loss=0.029
  [epoch 1] step 90/795 loss=0.057
  [epoch 1] step 100/795 loss=0.052
  [epoch 1] step 110/795 loss=0.009
  [epoch 1] step 120/795 loss=0.019
  [epoch 1] step 130/795 loss=0.004
  [epoch 1] step 140/795 loss=0.024
  [epoch 1] step 150/795 loss=0.048
  [epoch 1] step 160/795 loss=0.017
  [epoch 1] step 170/795 loss=0.014
  [epoch 1] step 180/795 loss=0.045
  [epoch 1] step 190/795 loss=0.005
  [epoch 1] step 200/795 loss=0.049
  [epoch 1] step 210/795 loss=0.044
  [epoch 1] step 220/795 loss=0.080
  [epoch 1] step 230/795 loss=0.014
  [epoch 1] step 240/795 loss=0.006
  [epoch 1] step 250/795 loss=0.008
  [epoch 1] step 260/795 loss=0.045
  [epoch 1] step 270/795 loss=0.046
  [epoch 1] step 280/795 loss=0.090
  [epoch 1] step 290/795 loss=0.025
  [epoch 1] step 300/795 loss=0.053
  [epoch 1] step 310/795 loss=0.016
  [epoch 1] step 320/795 loss=0.027
  [epoch 1] step 330/795 loss=0.011
  [epoch 1] step 340/795 loss=0.053
  [epoch 1] step 350/795 loss=0.008
  [epoch 1] step 360/795 loss=0.031
  [epoch 1] step 370/795 loss=0.059
  [epoch 1] step 380/795 loss=0.007
  [epoch 1] step 390/795 loss=0.030
  [epoch 1] step 400/795 loss=0.015
  [epoch 1] step 410/795 loss=0.008
  [epoch 1] step 420/795 loss=0.029
  [epoch 1] step 430/795 loss=0.111
  [epoch 1] step 440/795 loss=0.022
  [epoch 1] step 450/795 loss=0.029
  [epoch 1] step 460/795 loss=0.019
  [epoch 1] step 470/795 loss=0.028
  [epoch 1] step 480/795 loss=0.026
  [epoch 1] step 490/795 loss=0.009
  [epoch 1] step 500/795 loss=0.043
  [epoch 1] step 510/795 loss=0.025
  [epoch 1] step 520/795 loss=0.098
  [epoch 1] step 530/795 loss=0.046
  [epoch 1] step 540/795 loss=0.012
  [epoch 1] step 550/795 loss=0.029
  [epoch 1] step 560/795 loss=0.044
  [epoch 1] step 570/795 loss=0.057
  [epoch 1] step 580/795 loss=0.019
  [epoch 1] step 590/795 loss=0.017
  [epoch 1] step 600/795 loss=0.028
  [epoch 1] step 610/795 loss=0.032
  [epoch 1] step 620/795 loss=0.038
  [epoch 1] step 630/795 loss=0.009
  [epoch 1] step 640/795 loss=0.009
  [epoch 1] step 650/795 loss=0.113
  [epoch 1] step 660/795 loss=0.038
  [epoch 1] step 670/795 loss=0.002
  [epoch 1] step 680/795 loss=0.108
  [epoch 1] step 690/795 loss=0.072
  [epoch 1] step 700/795 loss=0.024
  [epoch 1] step 710/795 loss=0.091
  [epoch 1] step 720/795 loss=0.040
  [epoch 1] step 730/795 loss=0.193
  [epoch 1] step 740/795 loss=0.009
  [epoch 1] step 750/795 loss=0.017
  [epoch 1] step 760/795 loss=0.042
  [epoch 1] step 770/795 loss=0.085
  [epoch 1] step 780/795 loss=0.075
  [epoch 1] step 790/795 loss=0.157
  [epoch 2] step 10/795 loss=0.014
  [epoch 2] step 20/795 loss=0.018
  [epoch 2] step 30/795 loss=0.011
  [epoch 2] step 40/795 loss=0.033
  [epoch 2] step 50/795 loss=0.050
  [epoch 2] step 60/795 loss=0.058
  [epoch 2] step 70/795 loss=0.088
  [epoch 2] step 80/795 loss=0.063
  [epoch 2] step 90/795 loss=0.035
  [epoch 2] step 100/795 loss=0.048
  [epoch 2] step 110/795 loss=0.056
  [epoch 2] step 120/795 loss=0.019
  [epoch 2] step 130/795 loss=0.013
  [epoch 2] step 140/795 loss=0.046
  [epoch 2] step 150/795 loss=0.022
  [epoch 2] step 160/795 loss=0.017
  [epoch 2] step 170/795 loss=0.061
  [epoch 2] step 180/795 loss=0.028
  [epoch 2] step 190/795 loss=0.020
  [epoch 2] step 200/795 loss=0.029
  [epoch 2] step 210/795 loss=0.008
  [epoch 2] step 220/795 loss=0.012
  [epoch 2] step 230/795 loss=0.014
  [epoch 2] step 240/795 loss=0.082
  [epoch 2] step 250/795 loss=0.023
  [epoch 2] step 260/795 loss=0.005
  [epoch 2] step 270/795 loss=0.042
  [epoch 2] step 280/795 loss=0.034
  [epoch 2] step 290/795 loss=0.006
  [epoch 2] step 300/795 loss=0.063
  [epoch 2] step 310/795 loss=0.151
  [epoch 2] step 320/795 loss=0.120
  [epoch 2] step 330/795 loss=0.006
  [epoch 2] step 340/795 loss=0.018
  [epoch 2] step 350/795 loss=0.042
  [epoch 2] step 360/795 loss=0.004
  [epoch 2] step 370/795 loss=0.043
  [epoch 2] step 380/795 loss=0.065
  [epoch 2] step 390/795 loss=0.051
  [epoch 2] step 400/795 loss=0.069
  [epoch 2] step 410/795 loss=0.014
  [epoch 2] step 420/795 loss=0.020
  [epoch 2] step 430/795 loss=0.019
  [epoch 2] step 440/795 loss=0.008
  [epoch 2] step 450/795 loss=0.019
  [epoch 2] step 460/795 loss=0.011
  [epoch 2] step 470/795 loss=0.015
  [epoch 2] step 480/795 loss=0.019
  [epoch 2] step 490/795 loss=0.035
  [epoch 2] step 500/795 loss=0.010
  [epoch 2] step 510/795 loss=0.103
  [epoch 2] step 520/795 loss=0.005
  [epoch 2] step 530/795 loss=0.023
  [epoch 2] step 540/795 loss=0.018
  [epoch 2] step 550/795 loss=0.061
  [epoch 2] step 560/795 loss=0.017
  [epoch 2] step 570/795 loss=0.052
  [epoch 2] step 580/795 loss=0.054
  [epoch 2] step 590/795 loss=0.089
  [epoch 2] step 600/795 loss=0.002
  [epoch 2] step 610/795 loss=0.020
  [epoch 2] step 620/795 loss=0.101
  [epoch 2] step 630/795 loss=0.008
  [epoch 2] step 640/795 loss=0.016
  [epoch 2] step 650/795 loss=0.010
  [epoch 2] step 660/795 loss=0.048
  [epoch 2] step 670/795 loss=0.012
  [epoch 2] step 680/795 loss=0.125
  [epoch 2] step 690/795 loss=0.022
  [epoch 2] step 700/795 loss=0.006
  [epoch 2] step 710/795 loss=0.003
  [epoch 2] step 720/795 loss=0.074
  [epoch 2] step 730/795 loss=0.044
  [epoch 2] step 740/795 loss=0.009
  [epoch 2] step 750/795 loss=0.038
  [epoch 2] step 760/795 loss=0.009
  [epoch 2] step 770/795 loss=0.013
  [epoch 2] step 780/795 loss=0.002
  [epoch 2] step 790/795 loss=0.005
  [epoch 3] step 10/795 loss=0.018
  [epoch 3] step 20/795 loss=0.041
  [epoch 3] step 30/795 loss=0.021
  [epoch 3] step 40/795 loss=0.036
  [epoch 3] step 50/795 loss=0.021
  [epoch 3] step 60/795 loss=0.071
  [epoch 3] step 70/795 loss=0.029
  [epoch 3] step 80/795 loss=0.099
  [epoch 3] step 90/795 loss=0.011
  [epoch 3] step 100/795 loss=0.039
  [epoch 3] step 110/795 loss=0.015
  [epoch 3] step 120/795 loss=0.027
  [epoch 3] step 130/795 loss=0.048
  [epoch 3] step 140/795 loss=0.002
  [epoch 3] step 150/795 loss=0.009
  [epoch 3] step 160/795 loss=0.050
  [epoch 3] step 170/795 loss=0.014
  [epoch 3] step 180/795 loss=0.027
  [epoch 3] step 190/795 loss=0.056
  [epoch 3] step 200/795 loss=0.014
  [epoch 3] step 210/795 loss=0.029
  [epoch 3] step 220/795 loss=0.042
  [epoch 3] step 230/795 loss=0.006
  [epoch 3] step 240/795 loss=0.015
  [epoch 3] step 250/795 loss=0.032
  [epoch 3] step 260/795 loss=0.058
  [epoch 3] step 270/795 loss=0.003
  [epoch 3] step 280/795 loss=0.056
  [epoch 3] step 290/795 loss=0.043
  [epoch 3] step 300/795 loss=0.031
  [epoch 3] step 310/795 loss=0.017
  [epoch 3] step 320/795 loss=0.011
  [epoch 3] step 330/795 loss=0.020
  [epoch 3] step 340/795 loss=0.049
  [epoch 3] step 350/795 loss=0.005
  [epoch 3] step 360/795 loss=0.058
  [epoch 3] step 370/795 loss=0.027
  [epoch 3] step 380/795 loss=0.029
  [epoch 3] step 390/795 loss=0.034
  [epoch 3] step 400/795 loss=0.014
  [epoch 3] step 410/795 loss=0.030
  [epoch 3] step 420/795 loss=0.058
  [epoch 3] step 430/795 loss=0.007
  [epoch 3] step 440/795 loss=0.013
  [epoch 3] step 450/795 loss=0.026
  [epoch 3] step 460/795 loss=0.008
  [epoch 3] step 470/795 loss=0.009
  [epoch 3] step 480/795 loss=0.062
  [epoch 3] step 490/795 loss=0.013
  [epoch 3] step 500/795 loss=0.010
  [epoch 3] step 510/795 loss=0.033
  [epoch 3] step 520/795 loss=0.023
  [epoch 3] step 530/795 loss=0.057
  [epoch 3] step 540/795 loss=0.025
  [epoch 3] step 550/795 loss=0.074
  [epoch 3] step 560/795 loss=0.006
  [epoch 3] step 570/795 loss=0.016
  [epoch 3] step 580/795 loss=0.022
  [epoch 3] step 590/795 loss=0.034
  [epoch 3] step 600/795 loss=0.024
  [epoch 3] step 610/795 loss=0.019
  [epoch 3] step 620/795 loss=0.024
  [epoch 3] step 630/795 loss=0.002
  [epoch 3] step 640/795 loss=0.004
  [epoch 3] step 650/795 loss=0.015
  [epoch 3] step 660/795 loss=0.057
  [epoch 3] step 670/795 loss=0.021
  [epoch 3] step 680/795 loss=0.027
  [epoch 3] step 690/795 loss=0.026
  [epoch 3] step 700/795 loss=0.121
  [epoch 3] step 710/795 loss=0.011
  [epoch 3] step 720/795 loss=0.032
  [epoch 3] step 730/795 loss=0.021
  [epoch 3] step 740/795 loss=0.057
  [epoch 3] step 750/795 loss=0.045
  [epoch 3] step 760/795 loss=0.026
  [epoch 3] step 770/795 loss=0.011
  [epoch 3] step 780/795 loss=0.025
  [epoch 3] step 790/795 loss=0.005
  run 2/5 完成
  [epoch 1] step 10/795 loss=0.029
  [epoch 1] step 20/795 loss=0.080
  [epoch 1] step 30/795 loss=0.017
  [epoch 1] step 40/795 loss=0.032
  [epoch 1] step 50/795 loss=0.047
  [epoch 1] step 60/795 loss=0.049
  [epoch 1] step 70/795 loss=0.024
  [epoch 1] step 80/795 loss=0.033
  [epoch 1] step 90/795 loss=0.029
  [epoch 1] step 100/795 loss=0.036
  [epoch 1] step 110/795 loss=0.045
  [epoch 1] step 120/795 loss=0.013
  [epoch 1] step 130/795 loss=0.037
  [epoch 1] step 140/795 loss=0.008
  [epoch 1] step 150/795 loss=0.022
  [epoch 1] step 160/795 loss=0.022
  [epoch 1] step 170/795 loss=0.025
  [epoch 1] step 180/795 loss=0.094
  [epoch 1] step 190/795 loss=0.034
  [epoch 1] step 200/795 loss=0.048
  [epoch 1] step 210/795 loss=0.019
  [epoch 1] step 220/795 loss=0.000
  [epoch 1] step 230/795 loss=0.040
  [epoch 1] step 240/795 loss=0.014
  [epoch 1] step 250/795 loss=0.075
  [epoch 1] step 260/795 loss=0.011
  [epoch 1] step 270/795 loss=0.004
  [epoch 1] step 280/795 loss=0.055
  [epoch 1] step 290/795 loss=0.052
  [epoch 1] step 300/795 loss=0.048
  [epoch 1] step 310/795 loss=0.008
  [epoch 1] step 320/795 loss=0.051
  [epoch 1] step 330/795 loss=0.043
  [epoch 1] step 340/795 loss=0.011
  [epoch 1] step 350/795 loss=0.054
  [epoch 1] step 360/795 loss=0.012
  [epoch 1] step 370/795 loss=0.019
  [epoch 1] step 380/795 loss=0.013
  [epoch 1] step 390/795 loss=0.002
  [epoch 1] step 400/795 loss=0.024
  [epoch 1] step 410/795 loss=0.035
  [epoch 1] step 420/795 loss=0.030
  [epoch 1] step 430/795 loss=0.057
  [epoch 1] step 440/795 loss=0.159
  [epoch 1] step 450/795 loss=0.053
  [epoch 1] step 460/795 loss=0.094
  [epoch 1] step 470/795 loss=0.036
  [epoch 1] step 480/795 loss=0.041
  [epoch 1] step 490/795 loss=0.029
  [epoch 1] step 500/795 loss=0.062
  [epoch 1] step 510/795 loss=0.076
  [epoch 1] step 520/795 loss=0.004
  [epoch 1] step 530/795 loss=0.024
  [epoch 1] step 540/795 loss=0.018
  [epoch 1] step 550/795 loss=0.010
  [epoch 1] step 560/795 loss=0.163
  [epoch 1] step 570/795 loss=0.047
  [epoch 1] step 580/795 loss=0.156
  [epoch 1] step 590/795 loss=0.018
  [epoch 1] step 600/795 loss=0.011
  [epoch 1] step 610/795 loss=0.060
  [epoch 1] step 620/795 loss=0.022
  [epoch 1] step 630/795 loss=0.005
  [epoch 1] step 640/795 loss=0.027
  [epoch 1] step 650/795 loss=0.006
  [epoch 1] step 660/795 loss=0.034
  [epoch 1] step 670/795 loss=0.037
  [epoch 1] step 680/795 loss=0.011
  [epoch 1] step 690/795 loss=0.115
  [epoch 1] step 700/795 loss=0.032
  [epoch 1] step 710/795 loss=0.005
  [epoch 1] step 720/795 loss=0.027
  [epoch 1] step 730/795 loss=0.029
  [epoch 1] step 740/795 loss=0.017
  [epoch 1] step 750/795 loss=0.024
  [epoch 1] step 760/795 loss=0.033
  [epoch 1] step 770/795 loss=0.099
  [epoch 1] step 780/795 loss=0.065
  [epoch 1] step 790/795 loss=0.032
  [epoch 2] step 10/795 loss=0.201
  [epoch 2] step 20/795 loss=0.004
  [epoch 2] step 30/795 loss=0.058
  [epoch 2] step 40/795 loss=0.014
  [epoch 2] step 50/795 loss=0.034
  [epoch 2] step 60/795 loss=0.033
  [epoch 2] step 70/795 loss=0.005
  [epoch 2] step 80/795 loss=0.040
  [epoch 2] step 90/795 loss=0.016
  [epoch 2] step 100/795 loss=0.002
  [epoch 2] step 110/795 loss=0.126
  [epoch 2] step 120/795 loss=0.032
  [epoch 2] step 130/795 loss=0.015
  [epoch 2] step 140/795 loss=0.117
  [epoch 2] step 150/795 loss=0.041
  [epoch 2] step 160/795 loss=0.075
  [epoch 2] step 170/795 loss=0.015
  [epoch 2] step 180/795 loss=0.006
  [epoch 2] step 190/795 loss=0.037
  [epoch 2] step 200/795 loss=0.045
  [epoch 2] step 210/795 loss=0.040
  [epoch 2] step 220/795 loss=0.018
  [epoch 2] step 230/795 loss=0.027
  [epoch 2] step 240/795 loss=0.022
  [epoch 2] step 250/795 loss=0.035
  [epoch 2] step 260/795 loss=0.006
  [epoch 2] step 270/795 loss=0.046
  [epoch 2] step 280/795 loss=0.003
  [epoch 2] step 290/795 loss=0.023
  [epoch 2] step 300/795 loss=0.051
  [epoch 2] step 310/795 loss=0.087
  [epoch 2] step 320/795 loss=0.052
  [epoch 2] step 330/795 loss=0.011
  [epoch 2] step 340/795 loss=0.065
  [epoch 2] step 350/795 loss=0.002
  [epoch 2] step 360/795 loss=0.011
  [epoch 2] step 370/795 loss=0.013
  [epoch 2] step 380/795 loss=0.018
  [epoch 2] step 390/795 loss=0.082
  [epoch 2] step 400/795 loss=0.005
  [epoch 2] step 410/795 loss=0.097
  [epoch 2] step 420/795 loss=0.037
  [epoch 2] step 430/795 loss=0.040
  [epoch 2] step 440/795 loss=0.046
  [epoch 2] step 450/795 loss=0.017
  [epoch 2] step 460/795 loss=0.023
  [epoch 2] step 470/795 loss=0.009
  [epoch 2] step 480/795 loss=0.090
  [epoch 2] step 490/795 loss=0.006
  [epoch 2] step 500/795 loss=0.008
  [epoch 2] step 510/795 loss=0.028
  [epoch 2] step 520/795 loss=0.015
  [epoch 2] step 530/795 loss=0.067
  [epoch 2] step 540/795 loss=0.019
  [epoch 2] step 550/795 loss=0.059
  [epoch 2] step 560/795 loss=0.012
  [epoch 2] step 570/795 loss=0.030
  [epoch 2] step 580/795 loss=0.024
  [epoch 2] step 590/795 loss=0.070
  [epoch 2] step 600/795 loss=0.017
  [epoch 2] step 610/795 loss=0.001
  [epoch 2] step 620/795 loss=0.060
  [epoch 2] step 630/795 loss=0.024
  [epoch 2] step 640/795 loss=0.015
  [epoch 2] step 650/795 loss=0.010
  [epoch 2] step 660/795 loss=0.079
  [epoch 2] step 670/795 loss=0.042
  [epoch 2] step 680/795 loss=0.106
  [epoch 2] step 690/795 loss=0.029
  [epoch 2] step 700/795 loss=0.044
  [epoch 2] step 710/795 loss=0.068
  [epoch 2] step 720/795 loss=0.026
  [epoch 2] step 730/795 loss=0.045
  [epoch 2] step 740/795 loss=0.027
  [epoch 2] step 750/795 loss=0.013
  [epoch 2] step 760/795 loss=0.108
  [epoch 2] step 770/795 loss=0.039
  [epoch 2] step 780/795 loss=0.002
  [epoch 2] step 790/795 loss=0.017
  [epoch 3] step 10/795 loss=0.014
  [epoch 3] step 20/795 loss=0.012
  [epoch 3] step 30/795 loss=0.116
  [epoch 3] step 40/795 loss=0.195
  [epoch 3] step 50/795 loss=0.041
  [epoch 3] step 60/795 loss=0.028
  [epoch 3] step 70/795 loss=0.014
  [epoch 3] step 80/795 loss=0.005
  [epoch 3] step 90/795 loss=0.103
  [epoch 3] step 100/795 loss=0.037
  [epoch 3] step 110/795 loss=0.071
  [epoch 3] step 120/795 loss=0.017
  [epoch 3] step 130/795 loss=0.015
  [epoch 3] step 140/795 loss=0.004
  [epoch 3] step 150/795 loss=0.006
  [epoch 3] step 160/795 loss=0.022
  [epoch 3] step 170/795 loss=0.037
  [epoch 3] step 180/795 loss=0.016
  [epoch 3] step 190/795 loss=0.008
  [epoch 3] step 200/795 loss=0.007
  [epoch 3] step 210/795 loss=0.076
  [epoch 3] step 220/795 loss=0.017
  [epoch 3] step 230/795 loss=0.121
  [epoch 3] step 240/795 loss=0.022
  [epoch 3] step 250/795 loss=0.174
  [epoch 3] step 260/795 loss=0.017
  [epoch 3] step 270/795 loss=0.037
  [epoch 3] step 280/795 loss=0.087
  [epoch 3] step 290/795 loss=0.005
  [epoch 3] step 300/795 loss=0.009
  [epoch 3] step 310/795 loss=0.049
  [epoch 3] step 320/795 loss=0.012
  [epoch 3] step 330/795 loss=0.007
  [epoch 3] step 340/795 loss=0.019
  [epoch 3] step 350/795 loss=0.009
  [epoch 3] step 360/795 loss=0.047
  [epoch 3] step 370/795 loss=0.052
  [epoch 3] step 380/795 loss=0.060
  [epoch 3] step 390/795 loss=0.031
  [epoch 3] step 400/795 loss=0.017
  [epoch 3] step 410/795 loss=0.010
  [epoch 3] step 420/795 loss=0.027
  [epoch 3] step 430/795 loss=0.029
  [epoch 3] step 440/795 loss=0.011
  [epoch 3] step 450/795 loss=0.011
  [epoch 3] step 460/795 loss=0.039
  [epoch 3] step 470/795 loss=0.064
  [epoch 3] step 480/795 loss=0.012
  [epoch 3] step 490/795 loss=0.020
  [epoch 3] step 500/795 loss=0.009
  [epoch 3] step 510/795 loss=0.028
  [epoch 3] step 520/795 loss=0.005
  [epoch 3] step 530/795 loss=0.025
  [epoch 3] step 540/795 loss=0.007
  [epoch 3] step 550/795 loss=0.013
  [epoch 3] step 560/795 loss=0.062
  [epoch 3] step 570/795 loss=0.014
  [epoch 3] step 580/795 loss=0.000
  [epoch 3] step 590/795 loss=0.006
  [epoch 3] step 600/795 loss=0.030
  [epoch 3] step 610/795 loss=0.005
  [epoch 3] step 620/795 loss=0.056
  [epoch 3] step 630/795 loss=0.011
  [epoch 3] step 640/795 loss=0.062
  [epoch 3] step 650/795 loss=0.040
  [epoch 3] step 660/795 loss=0.012
  [epoch 3] step 670/795 loss=0.014
  [epoch 3] step 680/795 loss=0.039
  [epoch 3] step 690/795 loss=0.011
  [epoch 3] step 700/795 loss=0.027
  [epoch 3] step 710/795 loss=0.056
  [epoch 3] step 720/795 loss=0.072
  [epoch 3] step 730/795 loss=0.017
  [epoch 3] step 740/795 loss=0.044
  [epoch 3] step 750/795 loss=0.015
  [epoch 3] step 760/795 loss=0.023
  [epoch 3] step 770/795 loss=0.009
  [epoch 3] step 780/795 loss=0.006
  [epoch 3] step 790/795 loss=0.003
  run 3/5 完成
  [epoch 1] step 10/795 loss=0.036
  [epoch 1] step 20/795 loss=0.009
  [epoch 1] step 30/795 loss=0.057
  [epoch 1] step 40/795 loss=0.014
  [epoch 1] step 50/795 loss=0.006
  [epoch 1] step 60/795 loss=0.029
  [epoch 1] step 70/795 loss=0.018
  [epoch 1] step 80/795 loss=0.001
  [epoch 1] step 90/795 loss=0.023
  [epoch 1] step 100/795 loss=0.009
  [epoch 1] step 110/795 loss=0.004
  [epoch 1] step 120/795 loss=0.078
  [epoch 1] step 130/795 loss=0.050
  [epoch 1] step 140/795 loss=0.038
  [epoch 1] step 150/795 loss=0.023
  [epoch 1] step 160/795 loss=0.042
  [epoch 1] step 170/795 loss=0.027
  [epoch 1] step 180/795 loss=0.014
  [epoch 1] step 190/795 loss=0.014
  [epoch 1] step 200/795 loss=0.040
  [epoch 1] step 210/795 loss=0.002
  [epoch 1] step 220/795 loss=0.016
  [epoch 1] step 230/795 loss=0.055
  [epoch 1] step 240/795 loss=0.013
  [epoch 1] step 250/795 loss=0.015
  [epoch 1] step 260/795 loss=0.033
  [epoch 1] step 270/795 loss=0.010
  [epoch 1] step 280/795 loss=0.015
  [epoch 1] step 290/795 loss=0.188
  [epoch 1] step 300/795 loss=0.061
  [epoch 1] step 310/795 loss=0.083
  [epoch 1] step 320/795 loss=0.014
  [epoch 1] step 330/795 loss=0.070
  [epoch 1] step 340/795 loss=0.001
  [epoch 1] step 350/795 loss=0.027
  [epoch 1] step 360/795 loss=0.029
  [epoch 1] step 370/795 loss=0.000
  [epoch 1] step 380/795 loss=0.121
  [epoch 1] step 390/795 loss=0.018
  [epoch 1] step 400/795 loss=0.036
  [epoch 1] step 410/795 loss=0.023
  [epoch 1] step 420/795 loss=0.030
  [epoch 1] step 430/795 loss=0.037
  [epoch 1] step 440/795 loss=0.017
  [epoch 1] step 450/795 loss=0.003
  [epoch 1] step 460/795 loss=0.023
  [epoch 1] step 470/795 loss=0.007
  [epoch 1] step 480/795 loss=0.011
  [epoch 1] step 490/795 loss=0.026
  [epoch 1] step 500/795 loss=0.036
  [epoch 1] step 510/795 loss=0.007
  [epoch 1] step 520/795 loss=0.034
  [epoch 1] step 530/795 loss=0.023
  [epoch 1] step 540/795 loss=0.140
  [epoch 1] step 550/795 loss=0.010
  [epoch 1] step 560/795 loss=0.029
  [epoch 1] step 570/795 loss=0.041
  [epoch 1] step 580/795 loss=0.050
  [epoch 1] step 590/795 loss=0.017
  [epoch 1] step 600/795 loss=0.036
  [epoch 1] step 610/795 loss=0.044
  [epoch 1] step 620/795 loss=0.073
  [epoch 1] step 630/795 loss=0.165
  [epoch 1] step 640/795 loss=0.030
  [epoch 1] step 650/795 loss=0.039
  [epoch 1] step 660/795 loss=0.007
  [epoch 1] step 670/795 loss=0.111
  [epoch 1] step 680/795 loss=0.025
  [epoch 1] step 690/795 loss=0.076
  [epoch 1] step 700/795 loss=0.041
  [epoch 1] step 710/795 loss=0.085
  [epoch 1] step 720/795 loss=0.043
  [epoch 1] step 730/795 loss=0.010
  [epoch 1] step 740/795 loss=0.012
  [epoch 1] step 750/795 loss=0.100
  [epoch 1] step 760/795 loss=0.019
  [epoch 1] step 770/795 loss=0.023
  [epoch 1] step 780/795 loss=0.030
  [epoch 1] step 790/795 loss=0.038
  [epoch 2] step 10/795 loss=0.009
  [epoch 2] step 20/795 loss=0.040
  [epoch 2] step 30/795 loss=0.022
  [epoch 2] step 40/795 loss=0.028
  [epoch 2] step 50/795 loss=0.112
  [epoch 2] step 60/795 loss=0.015
  [epoch 2] step 70/795 loss=0.023
  [epoch 2] step 80/795 loss=0.024
  [epoch 2] step 90/795 loss=0.021
  [epoch 2] step 100/795 loss=0.020
  [epoch 2] step 110/795 loss=0.041
  [epoch 2] step 120/795 loss=0.070
  [epoch 2] step 130/795 loss=0.010
  [epoch 2] step 140/795 loss=0.012
  [epoch 2] step 150/795 loss=0.005
  [epoch 2] step 160/795 loss=0.014
  [epoch 2] step 170/795 loss=0.019
  [epoch 2] step 180/795 loss=0.048
  [epoch 2] step 190/795 loss=0.059
  [epoch 2] step 200/795 loss=0.034
  [epoch 2] step 210/795 loss=0.032
  [epoch 2] step 220/795 loss=0.079
  [epoch 2] step 230/795 loss=0.015
  [epoch 2] step 240/795 loss=0.058
  [epoch 2] step 250/795 loss=0.004
  [epoch 2] step 260/795 loss=0.033
  [epoch 2] step 270/795 loss=0.097
  [epoch 2] step 280/795 loss=0.029
  [epoch 2] step 290/795 loss=0.048
  [epoch 2] step 300/795 loss=0.047
  [epoch 2] step 310/795 loss=0.077
  [epoch 2] step 320/795 loss=0.039
  [epoch 2] step 330/795 loss=0.076
  [epoch 2] step 340/795 loss=0.025
  [epoch 2] step 350/795 loss=0.018
  [epoch 2] step 360/795 loss=0.013
  [epoch 2] step 370/795 loss=0.002
  [epoch 2] step 380/795 loss=0.009
  [epoch 2] step 390/795 loss=0.031
  [epoch 2] step 400/795 loss=0.019
  [epoch 2] step 410/795 loss=0.013
  [epoch 2] step 420/795 loss=0.039
  [epoch 2] step 430/795 loss=0.005
  [epoch 2] step 440/795 loss=0.145
  [epoch 2] step 450/795 loss=0.073
  [epoch 2] step 460/795 loss=0.044
  [epoch 2] step 470/795 loss=0.022
  [epoch 2] step 480/795 loss=0.016
  [epoch 2] step 490/795 loss=0.035
  [epoch 2] step 500/795 loss=0.035
  [epoch 2] step 510/795 loss=0.001
  [epoch 2] step 520/795 loss=0.008
  [epoch 2] step 530/795 loss=0.012
  [epoch 2] step 540/795 loss=0.015
  [epoch 2] step 550/795 loss=0.002
  [epoch 2] step 560/795 loss=0.019
  [epoch 2] step 570/795 loss=0.021
  [epoch 2] step 580/795 loss=0.005
  [epoch 2] step 590/795 loss=0.008
  [epoch 2] step 600/795 loss=0.026
  [epoch 2] step 610/795 loss=0.036
  [epoch 2] step 620/795 loss=0.070
  [epoch 2] step 630/795 loss=0.049
  [epoch 2] step 640/795 loss=0.097
  [epoch 2] step 650/795 loss=0.053
  [epoch 2] step 660/795 loss=0.025
  [epoch 2] step 670/795 loss=0.068
  [epoch 2] step 680/795 loss=0.022
  [epoch 2] step 690/795 loss=0.015
  [epoch 2] step 700/795 loss=0.029
  [epoch 2] step 710/795 loss=0.013
  [epoch 2] step 720/795 loss=0.028
  [epoch 2] step 730/795 loss=0.018
  [epoch 2] step 740/795 loss=0.024
  [epoch 2] step 750/795 loss=0.027
  [epoch 2] step 760/795 loss=0.026
  [epoch 2] step 770/795 loss=0.048
  [epoch 2] step 780/795 loss=0.016
  [epoch 2] step 790/795 loss=0.082
  [epoch 3] step 10/795 loss=0.092
  [epoch 3] step 20/795 loss=0.018
  [epoch 3] step 30/795 loss=0.045
  [epoch 3] step 40/795 loss=0.014
  [epoch 3] step 50/795 loss=0.018
  [epoch 3] step 60/795 loss=0.015
  [epoch 3] step 70/795 loss=0.006
  [epoch 3] step 80/795 loss=0.064
  [epoch 3] step 90/795 loss=0.032
  [epoch 3] step 100/795 loss=0.046
  [epoch 3] step 110/795 loss=0.017
  [epoch 3] step 120/795 loss=0.011
  [epoch 3] step 130/795 loss=0.004
  [epoch 3] step 140/795 loss=0.040
  [epoch 3] step 150/795 loss=0.035
  [epoch 3] step 160/795 loss=0.006
  [epoch 3] step 170/795 loss=0.010
  [epoch 3] step 180/795 loss=0.018
  [epoch 3] step 190/795 loss=0.016
  [epoch 3] step 200/795 loss=0.050
  [epoch 3] step 210/795 loss=0.017
  [epoch 3] step 220/795 loss=0.032
  [epoch 3] step 230/795 loss=0.023
  [epoch 3] step 240/795 loss=0.012
  [epoch 3] step 250/795 loss=0.040
  [epoch 3] step 260/795 loss=0.018
  [epoch 3] step 270/795 loss=0.013
  [epoch 3] step 280/795 loss=0.018
  [epoch 3] step 290/795 loss=0.014
  [epoch 3] step 300/795 loss=0.027
  [epoch 3] step 310/795 loss=0.027
  [epoch 3] step 320/795 loss=0.079
  [epoch 3] step 330/795 loss=0.005
  [epoch 3] step 340/795 loss=0.025
  [epoch 3] step 350/795 loss=0.019
  [epoch 3] step 360/795 loss=0.016
  [epoch 3] step 370/795 loss=0.011
  [epoch 3] step 380/795 loss=0.002
  [epoch 3] step 390/795 loss=0.004
  [epoch 3] step 400/795 loss=0.083
  [epoch 3] step 410/795 loss=0.018
  [epoch 3] step 420/795 loss=0.030
  [epoch 3] step 430/795 loss=0.021
  [epoch 3] step 440/795 loss=0.021
  [epoch 3] step 450/795 loss=0.054
  [epoch 3] step 460/795 loss=0.101
  [epoch 3] step 470/795 loss=0.017
  [epoch 3] step 480/795 loss=0.052
  [epoch 3] step 490/795 loss=0.010
  [epoch 3] step 500/795 loss=0.018
  [epoch 3] step 510/795 loss=0.032
  [epoch 3] step 520/795 loss=0.008
  [epoch 3] step 530/795 loss=0.028
  [epoch 3] step 540/795 loss=0.025
  [epoch 3] step 550/795 loss=0.036
  [epoch 3] step 560/795 loss=0.008
  [epoch 3] step 570/795 loss=0.015
  [epoch 3] step 580/795 loss=0.078
  [epoch 3] step 590/795 loss=0.029
  [epoch 3] step 600/795 loss=0.030
  [epoch 3] step 610/795 loss=0.025
  [epoch 3] step 620/795 loss=0.030
  [epoch 3] step 630/795 loss=0.005
  [epoch 3] step 640/795 loss=0.020
  [epoch 3] step 650/795 loss=0.028
  [epoch 3] step 660/795 loss=0.010
  [epoch 3] step 670/795 loss=0.031
  [epoch 3] step 680/795 loss=0.024
  [epoch 3] step 690/795 loss=0.008
  [epoch 3] step 700/795 loss=0.007
  [epoch 3] step 710/795 loss=0.012
  [epoch 3] step 720/795 loss=0.034
  [epoch 3] step 730/795 loss=0.015
  [epoch 3] step 740/795 loss=0.012
  [epoch 3] step 750/795 loss=0.031
  [epoch 3] step 760/795 loss=0.003
  [epoch 3] step 770/795 loss=0.049
  [epoch 3] step 780/795 loss=0.032
  [epoch 3] step 790/795 loss=0.026
  run 4/5 完成
  [epoch 1] step 10/795 loss=0.033
  [epoch 1] step 20/795 loss=0.024
  [epoch 1] step 30/795 loss=0.011
  [epoch 1] step 40/795 loss=0.076
  [epoch 1] step 50/795 loss=0.008
  [epoch 1] step 60/795 loss=0.068
  [epoch 1] step 70/795 loss=0.093
  [epoch 1] step 80/795 loss=0.014
  [epoch 1] step 90/795 loss=0.021
  [epoch 1] step 100/795 loss=0.007
  [epoch 1] step 110/795 loss=0.020
  [epoch 1] step 120/795 loss=0.009
  [epoch 1] step 130/795 loss=0.037
  [epoch 1] step 140/795 loss=0.120
  [epoch 1] step 150/795 loss=0.007
  [epoch 1] step 160/795 loss=0.004
  [epoch 1] step 170/795 loss=0.056
  [epoch 1] step 180/795 loss=0.013
  [epoch 1] step 190/795 loss=0.016
  [epoch 1] step 200/795 loss=0.027
  [epoch 1] step 210/795 loss=0.070
  [epoch 1] step 220/795 loss=0.014
  [epoch 1] step 230/795 loss=0.056
  [epoch 1] step 240/795 loss=0.012
  [epoch 1] step 250/795 loss=0.022
  [epoch 1] step 260/795 loss=0.037
  [epoch 1] step 270/795 loss=0.037
  [epoch 1] step 280/795 loss=0.004
  [epoch 1] step 290/795 loss=0.025
  [epoch 1] step 300/795 loss=0.020
  [epoch 1] step 310/795 loss=0.061
  [epoch 1] step 320/795 loss=0.012
  [epoch 1] step 330/795 loss=0.087
  [epoch 1] step 340/795 loss=0.006
  [epoch 1] step 350/795 loss=0.006
  [epoch 1] step 360/795 loss=0.025
  [epoch 1] step 370/795 loss=0.018
  [epoch 1] step 380/795 loss=0.049
  [epoch 1] step 390/795 loss=0.015
  [epoch 1] step 400/795 loss=0.008
  [epoch 1] step 410/795 loss=0.038
  [epoch 1] step 420/795 loss=0.055
  [epoch 1] step 430/795 loss=0.016
  [epoch 1] step 440/795 loss=0.078
  [epoch 1] step 450/795 loss=0.065
  [epoch 1] step 460/795 loss=0.021
  [epoch 1] step 470/795 loss=0.105
  [epoch 1] step 480/795 loss=0.023
  [epoch 1] step 490/795 loss=0.038
  [epoch 1] step 500/795 loss=0.017
  [epoch 1] step 510/795 loss=0.070
  [epoch 1] step 520/795 loss=0.084
  [epoch 1] step 530/795 loss=0.034
  [epoch 1] step 540/795 loss=0.014
  [epoch 1] step 550/795 loss=0.084
  [epoch 1] step 560/795 loss=0.067
  [epoch 1] step 570/795 loss=0.034
  [epoch 1] step 580/795 loss=0.013
  [epoch 1] step 590/795 loss=0.045
  [epoch 1] step 600/795 loss=0.011
  [epoch 1] step 610/795 loss=0.026
  [epoch 1] step 620/795 loss=0.012
  [epoch 1] step 630/795 loss=0.007
  [epoch 1] step 640/795 loss=0.016
  [epoch 1] step 650/795 loss=0.007
  [epoch 1] step 660/795 loss=0.034
  [epoch 1] step 670/795 loss=0.120
  [epoch 1] step 680/795 loss=0.052
  [epoch 1] step 690/795 loss=0.070
  [epoch 1] step 700/795 loss=0.007
  [epoch 1] step 710/795 loss=0.017
  [epoch 1] step 720/795 loss=0.027
  [epoch 1] step 730/795 loss=0.015
  [epoch 1] step 740/795 loss=0.016
  [epoch 1] step 750/795 loss=0.026
  [epoch 1] step 760/795 loss=0.031
  [epoch 1] step 770/795 loss=0.083
  [epoch 1] step 780/795 loss=0.018
  [epoch 1] step 790/795 loss=0.020
  [epoch 2] step 10/795 loss=0.040
  [epoch 2] step 20/795 loss=0.074
  [epoch 2] step 30/795 loss=0.039
  [epoch 2] step 40/795 loss=0.032
  [epoch 2] step 50/795 loss=0.024
  [epoch 2] step 60/795 loss=0.039
  [epoch 2] step 70/795 loss=0.053
  [epoch 2] step 80/795 loss=0.004
  [epoch 2] step 90/795 loss=0.021
  [epoch 2] step 100/795 loss=0.046
  [epoch 2] step 110/795 loss=0.046
  [epoch 2] step 120/795 loss=0.009
  [epoch 2] step 130/795 loss=0.074
  [epoch 2] step 140/795 loss=0.025
  [epoch 2] step 150/795 loss=0.050
  [epoch 2] step 160/795 loss=0.010
  [epoch 2] step 170/795 loss=0.010
  [epoch 2] step 180/795 loss=0.074
  [epoch 2] step 190/795 loss=0.006
  [epoch 2] step 200/795 loss=0.013
  [epoch 2] step 210/795 loss=0.011
  [epoch 2] step 220/795 loss=0.026
  [epoch 2] step 230/795 loss=0.005
  [epoch 2] step 240/795 loss=0.100
  [epoch 2] step 250/795 loss=0.007
  [epoch 2] step 260/795 loss=0.030
  [epoch 2] step 270/795 loss=0.043
  [epoch 2] step 280/795 loss=0.009
  [epoch 2] step 290/795 loss=0.017
  [epoch 2] step 300/795 loss=0.041
  [epoch 2] step 310/795 loss=0.095
  [epoch 2] step 320/795 loss=0.109
  [epoch 2] step 330/795 loss=0.097
  [epoch 2] step 340/795 loss=0.017
  [epoch 2] step 350/795 loss=0.019
  [epoch 2] step 360/795 loss=0.035
  [epoch 2] step 370/795 loss=0.015
  [epoch 2] step 380/795 loss=0.010
  [epoch 2] step 390/795 loss=0.018
  [epoch 2] step 400/795 loss=0.029
  [epoch 2] step 410/795 loss=0.082
  [epoch 2] step 420/795 loss=0.025
  [epoch 2] step 430/795 loss=0.019
  [epoch 2] step 440/795 loss=0.012
  [epoch 2] step 450/795 loss=0.015
  [epoch 2] step 460/795 loss=0.035
  [epoch 2] step 470/795 loss=0.044
  [epoch 2] step 480/795 loss=0.048
  [epoch 2] step 490/795 loss=0.102
  [epoch 2] step 500/795 loss=0.002
  [epoch 2] step 510/795 loss=0.051
  [epoch 2] step 520/795 loss=0.044
  [epoch 2] step 530/795 loss=0.052
  [epoch 2] step 540/795 loss=0.026
  [epoch 2] step 550/795 loss=0.012
  [epoch 2] step 560/795 loss=0.076
  [epoch 2] step 570/795 loss=0.027
  [epoch 2] step 580/795 loss=0.015
  [epoch 2] step 590/795 loss=0.044
  [epoch 2] step 600/795 loss=0.041
  [epoch 2] step 610/795 loss=0.097
  [epoch 2] step 620/795 loss=0.074
  [epoch 2] step 630/795 loss=0.005
  [epoch 2] step 640/795 loss=0.007
  [epoch 2] step 650/795 loss=0.022
  [epoch 2] step 660/795 loss=0.028
  [epoch 2] step 670/795 loss=0.014
  [epoch 2] step 680/795 loss=0.029
  [epoch 2] step 690/795 loss=0.003
  [epoch 2] step 700/795 loss=0.030
  [epoch 2] step 710/795 loss=0.017
  [epoch 2] step 720/795 loss=0.021
  [epoch 2] step 730/795 loss=0.062
  [epoch 2] step 740/795 loss=0.022
  [epoch 2] step 750/795 loss=0.014
  [epoch 2] step 760/795 loss=0.023
  [epoch 2] step 770/795 loss=0.002
  [epoch 2] step 780/795 loss=0.064
  [epoch 2] step 790/795 loss=0.011
  [epoch 3] step 10/795 loss=0.016
  [epoch 3] step 20/795 loss=0.055
  [epoch 3] step 30/795 loss=0.056
  [epoch 3] step 40/795 loss=0.002
  [epoch 3] step 50/795 loss=0.051
  [epoch 3] step 60/795 loss=0.085
  [epoch 3] step 70/795 loss=0.031
  [epoch 3] step 80/795 loss=0.032
  [epoch 3] step 90/795 loss=0.078
  [epoch 3] step 100/795 loss=0.007
  [epoch 3] step 110/795 loss=0.096
  [epoch 3] step 120/795 loss=0.028
  [epoch 3] step 130/795 loss=0.016
  [epoch 3] step 140/795 loss=0.017
  [epoch 3] step 150/795 loss=0.033
  [epoch 3] step 160/795 loss=0.032
  [epoch 3] step 170/795 loss=0.001
  [epoch 3] step 180/795 loss=0.108
  [epoch 3] step 190/795 loss=0.004
  [epoch 3] step 200/795 loss=0.010
  [epoch 3] step 210/795 loss=0.071
  [epoch 3] step 220/795 loss=0.011
  [epoch 3] step 230/795 loss=0.023
  [epoch 3] step 240/795 loss=0.047
  [epoch 3] step 250/795 loss=0.008
  [epoch 3] step 260/795 loss=0.038
  [epoch 3] step 270/795 loss=0.044
  [epoch 3] step 280/795 loss=0.029
  [epoch 3] step 290/795 loss=0.004
  [epoch 3] step 300/795 loss=0.012
  [epoch 3] step 310/795 loss=0.008
  [epoch 3] step 320/795 loss=0.026
  [epoch 3] step 330/795 loss=0.005
  [epoch 3] step 340/795 loss=0.002
  [epoch 3] step 350/795 loss=0.009
  [epoch 3] step 360/795 loss=0.040
  [epoch 3] step 370/795 loss=0.021
  [epoch 3] step 380/795 loss=0.019
  [epoch 3] step 390/795 loss=0.045
  [epoch 3] step 400/795 loss=0.056
  [epoch 3] step 410/795 loss=0.008
  [epoch 3] step 420/795 loss=0.023
  [epoch 3] step 430/795 loss=0.025
  [epoch 3] step 440/795 loss=0.082
  [epoch 3] step 450/795 loss=0.047
  [epoch 3] step 460/795 loss=0.023
  [epoch 3] step 470/795 loss=0.041
  [epoch 3] step 480/795 loss=0.015
  [epoch 3] step 490/795 loss=0.004
  [epoch 3] step 500/795 loss=0.024
  [epoch 3] step 510/795 loss=0.020
  [epoch 3] step 520/795 loss=0.021
  [epoch 3] step 530/795 loss=0.044
  [epoch 3] step 540/795 loss=0.010
  [epoch 3] step 550/795 loss=0.030
  [epoch 3] step 560/795 loss=0.043
  [epoch 3] step 570/795 loss=0.050
  [epoch 3] step 580/795 loss=0.020
  [epoch 3] step 590/795 loss=0.070
  [epoch 3] step 600/795 loss=0.045
  [epoch 3] step 610/795 loss=0.003
  [epoch 3] step 620/795 loss=0.054
  [epoch 3] step 630/795 loss=0.014
  [epoch 3] step 640/795 loss=0.004
  [epoch 3] step 650/795 loss=0.039
  [epoch 3] step 660/795 loss=0.009
  [epoch 3] step 670/795 loss=0.059
  [epoch 3] step 680/795 loss=0.025
  [epoch 3] step 690/795 loss=0.010
  [epoch 3] step 700/795 loss=0.055
  [epoch 3] step 710/795 loss=0.005
  [epoch 3] step 720/795 loss=0.042
  [epoch 3] step 730/795 loss=0.039
  [epoch 3] step 740/795 loss=0.057
  [epoch 3] step 750/795 loss=0.010
  [epoch 3] step 760/795 loss=0.033
  [epoch 3] step 770/795 loss=0.033
  [epoch 3] step 780/795 loss=0.014
  [epoch 3] step 790/795 loss=0.042
  run 5/5 完成
本轮新增伪标签 1 个，累积 906 个
===== 轮次 4 | B.2 验证/微调 =====
  [epoch 1] step 10/1135 loss=0.039
  [epoch 1] step 20/1135 loss=0.025
  [epoch 1] step 30/1135 loss=0.046
  [epoch 1] step 40/1135 loss=0.027
  [epoch 1] step 50/1135 loss=0.030
  [epoch 1] step 60/1135 loss=0.014
  [epoch 1] step 70/1135 loss=0.046
  [epoch 1] step 80/1135 loss=0.053
  [epoch 1] step 90/1135 loss=0.039
  [epoch 1] step 100/1135 loss=0.034
  [epoch 1] step 110/1135 loss=0.006
  [epoch 1] step 120/1135 loss=0.010
  [epoch 1] step 130/1135 loss=0.006
  [epoch 1] step 140/1135 loss=0.050
  [epoch 1] step 150/1135 loss=0.007
  [epoch 1] step 160/1135 loss=0.014
  [epoch 1] step 170/1135 loss=0.054
  [epoch 1] step 180/1135 loss=0.057
  [epoch 1] step 190/1135 loss=0.013
  [epoch 1] step 200/1135 loss=0.041
  [epoch 1] step 210/1135 loss=0.025
  [epoch 1] step 220/1135 loss=0.029
  [epoch 1] step 230/1135 loss=0.072
  [epoch 1] step 240/1135 loss=0.025
  [epoch 1] step 250/1135 loss=0.069
  [epoch 1] step 260/1135 loss=0.012
  [epoch 1] step 270/1135 loss=0.151
  [epoch 1] step 280/1135 loss=0.039
  [epoch 1] step 290/1135 loss=0.040
  [epoch 1] step 300/1135 loss=0.004
  [epoch 1] step 310/1135 loss=0.005
  [epoch 1] step 320/1135 loss=0.009
  [epoch 1] step 330/1135 loss=0.011
  [epoch 1] step 340/1135 loss=0.004
  [epoch 1] step 350/1135 loss=0.021
  [epoch 1] step 360/1135 loss=0.027
  [epoch 1] step 370/1135 loss=0.069
  [epoch 1] step 380/1135 loss=0.010
  [epoch 1] step 390/1135 loss=0.015
  [epoch 1] step 400/1135 loss=0.044
  [epoch 1] step 410/1135 loss=0.045
  [epoch 1] step 420/1135 loss=0.014
  [epoch 1] step 430/1135 loss=0.006
  [epoch 1] step 440/1135 loss=0.014
  [epoch 1] step 450/1135 loss=0.006
  [epoch 1] step 460/1135 loss=0.016
  [epoch 1] step 470/1135 loss=0.043
  [epoch 1] step 480/1135 loss=0.025
  [epoch 1] step 490/1135 loss=0.050
  [epoch 1] step 500/1135 loss=0.023
  [epoch 1] step 510/1135 loss=0.016
  [epoch 1] step 520/1135 loss=0.002
  [epoch 1] step 530/1135 loss=0.038
  [epoch 1] step 540/1135 loss=0.012
  [epoch 1] step 550/1135 loss=0.034
  [epoch 1] step 560/1135 loss=0.086
  [epoch 1] step 570/1135 loss=0.004
  [epoch 1] step 580/1135 loss=0.022
  [epoch 1] step 590/1135 loss=0.016
  [epoch 1] step 600/1135 loss=0.008
  [epoch 1] step 610/1135 loss=0.017
  [epoch 1] step 620/1135 loss=0.006
  [epoch 1] step 630/1135 loss=0.021
  [epoch 1] step 640/1135 loss=0.037
  [epoch 1] step 650/1135 loss=0.102
  [epoch 1] step 660/1135 loss=0.019
  [epoch 1] step 670/1135 loss=0.033
  [epoch 1] step 680/1135 loss=0.037
  [epoch 1] step 690/1135 loss=0.024
  [epoch 1] step 700/1135 loss=0.030
  [epoch 1] step 710/1135 loss=0.027
  [epoch 1] step 720/1135 loss=0.084
  [epoch 1] step 730/1135 loss=0.021
  [epoch 1] step 740/1135 loss=0.041
  [epoch 1] step 750/1135 loss=0.080
  [epoch 1] step 760/1135 loss=0.002
  [epoch 1] step 770/1135 loss=0.011
  [epoch 1] step 780/1135 loss=0.162
  [epoch 1] step 790/1135 loss=0.015
  [epoch 1] step 800/1135 loss=0.012
  [epoch 1] step 810/1135 loss=0.053
  [epoch 1] step 820/1135 loss=0.013
  [epoch 1] step 830/1135 loss=0.069
  [epoch 1] step 840/1135 loss=0.022
  [epoch 1] step 850/1135 loss=0.049
  [epoch 1] step 860/1135 loss=0.034
  [epoch 1] step 870/1135 loss=0.009
  [epoch 1] step 880/1135 loss=0.041
  [epoch 1] step 890/1135 loss=0.057
  [epoch 1] step 900/1135 loss=0.016
  [epoch 1] step 910/1135 loss=0.018
  [epoch 1] step 920/1135 loss=0.019
  [epoch 1] step 930/1135 loss=0.015
  [epoch 1] step 940/1135 loss=0.047
  [epoch 1] step 950/1135 loss=0.079
  [epoch 1] step 960/1135 loss=0.025
  [epoch 1] step 970/1135 loss=0.018
  [epoch 1] step 980/1135 loss=0.015
  [epoch 1] step 990/1135 loss=0.007
  [epoch 1] step 1000/1135 loss=0.020
  [epoch 1] step 1010/1135 loss=0.035
  [epoch 1] step 1020/1135 loss=0.090
  [epoch 1] step 1030/1135 loss=0.034
  [epoch 1] step 1040/1135 loss=0.041
  [epoch 1] step 1050/1135 loss=0.054
  [epoch 1] step 1060/1135 loss=0.007
  [epoch 1] step 1070/1135 loss=0.004
  [epoch 1] step 1080/1135 loss=0.044
  [epoch 1] step 1090/1135 loss=0.006
  [epoch 1] step 1100/1135 loss=0.061
  [epoch 1] step 1110/1135 loss=0.004
  [epoch 1] step 1120/1135 loss=0.020
  [epoch 1] step 1130/1135 loss=0.028
  [epoch 2] step 10/1135 loss=0.008
  [epoch 2] step 20/1135 loss=0.051
  [epoch 2] step 30/1135 loss=0.012
  [epoch 2] step 40/1135 loss=0.022
  [epoch 2] step 50/1135 loss=0.026
  [epoch 2] step 60/1135 loss=0.002
  [epoch 2] step 70/1135 loss=0.019
  [epoch 2] step 80/1135 loss=0.010
  [epoch 2] step 90/1135 loss=0.032
  [epoch 2] step 100/1135 loss=0.056
  [epoch 2] step 110/1135 loss=0.045
  [epoch 2] step 120/1135 loss=0.020
  [epoch 2] step 130/1135 loss=0.003
  [epoch 2] step 140/1135 loss=0.012
  [epoch 2] step 150/1135 loss=0.023
  [epoch 2] step 160/1135 loss=0.017
  [epoch 2] step 170/1135 loss=0.024
  [epoch 2] step 180/1135 loss=0.015
  [epoch 2] step 190/1135 loss=0.049
  [epoch 2] step 200/1135 loss=0.045
  [epoch 2] step 210/1135 loss=0.151
  [epoch 2] step 220/1135 loss=0.005
  [epoch 2] step 230/1135 loss=0.017
  [epoch 2] step 240/1135 loss=0.019
  [epoch 2] step 250/1135 loss=0.081
  [epoch 2] step 260/1135 loss=0.054
  [epoch 2] step 270/1135 loss=0.045
  [epoch 2] step 280/1135 loss=0.008
  [epoch 2] step 290/1135 loss=0.036
  [epoch 2] step 300/1135 loss=0.077
  [epoch 2] step 310/1135 loss=0.018
  [epoch 2] step 320/1135 loss=0.017
  [epoch 2] step 330/1135 loss=0.139
  [epoch 2] step 340/1135 loss=0.090
  [epoch 2] step 350/1135 loss=0.012
  [epoch 2] step 360/1135 loss=0.018
  [epoch 2] step 370/1135 loss=0.104
  [epoch 2] step 380/1135 loss=0.111
  [epoch 2] step 390/1135 loss=0.035
  [epoch 2] step 400/1135 loss=0.042
  [epoch 2] step 410/1135 loss=0.046
  [epoch 2] step 420/1135 loss=0.012
  [epoch 2] step 430/1135 loss=0.069
  [epoch 2] step 440/1135 loss=0.061
  [epoch 2] step 450/1135 loss=0.010
  [epoch 2] step 460/1135 loss=0.005
  [epoch 2] step 470/1135 loss=0.040
  [epoch 2] step 480/1135 loss=0.021
  [epoch 2] step 490/1135 loss=0.036
  [epoch 2] step 500/1135 loss=0.187
  [epoch 2] step 510/1135 loss=0.012
  [epoch 2] step 520/1135 loss=0.045
  [epoch 2] step 530/1135 loss=0.018
  [epoch 2] step 540/1135 loss=0.025
  [epoch 2] step 550/1135 loss=0.028
  [epoch 2] step 560/1135 loss=0.105
  [epoch 2] step 570/1135 loss=0.050
  [epoch 2] step 580/1135 loss=0.012
  [epoch 2] step 590/1135 loss=0.012
  [epoch 2] step 600/1135 loss=0.010
  [epoch 2] step 610/1135 loss=0.035
  [epoch 2] step 620/1135 loss=0.013
  [epoch 2] step 630/1135 loss=0.013
  [epoch 2] step 640/1135 loss=0.004
  [epoch 2] step 650/1135 loss=0.026
  [epoch 2] step 660/1135 loss=0.018
  [epoch 2] step 670/1135 loss=0.017
  [epoch 2] step 680/1135 loss=0.009
  [epoch 2] step 690/1135 loss=0.028
  [epoch 2] step 700/1135 loss=0.031
  [epoch 2] step 710/1135 loss=0.022
  [epoch 2] step 720/1135 loss=0.034
  [epoch 2] step 730/1135 loss=0.019
  [epoch 2] step 740/1135 loss=0.026
  [epoch 2] step 750/1135 loss=0.046
  [epoch 2] step 760/1135 loss=0.026
  [epoch 2] step 770/1135 loss=0.031
  [epoch 2] step 780/1135 loss=0.098
  [epoch 2] step 790/1135 loss=0.026
  [epoch 2] step 800/1135 loss=0.026
  [epoch 2] step 810/1135 loss=0.008
  [epoch 2] step 820/1135 loss=0.048
  [epoch 2] step 830/1135 loss=0.009
  [epoch 2] step 840/1135 loss=0.066
  [epoch 2] step 850/1135 loss=0.040
  [epoch 2] step 860/1135 loss=0.044
  [epoch 2] step 870/1135 loss=0.031
  [epoch 2] step 880/1135 loss=0.033
  [epoch 2] step 890/1135 loss=0.005
  [epoch 2] step 900/1135 loss=0.015
  [epoch 2] step 910/1135 loss=0.022
  [epoch 2] step 920/1135 loss=0.029
  [epoch 2] step 930/1135 loss=0.034
  [epoch 2] step 940/1135 loss=0.013
  [epoch 2] step 950/1135 loss=0.015
  [epoch 2] step 960/1135 loss=0.034
  [epoch 2] step 970/1135 loss=0.019
  [epoch 2] step 980/1135 loss=0.019
  [epoch 2] step 990/1135 loss=0.060
  [epoch 2] step 1000/1135 loss=0.018
  [epoch 2] step 1010/1135 loss=0.024
  [epoch 2] step 1020/1135 loss=0.016
  [epoch 2] step 1030/1135 loss=0.033
  [epoch 2] step 1040/1135 loss=0.026
  [epoch 2] step 1050/1135 loss=0.032
  [epoch 2] step 1060/1135 loss=0.026
  [epoch 2] step 1070/1135 loss=0.048
  [epoch 2] step 1080/1135 loss=0.032
  [epoch 2] step 1090/1135 loss=0.029
  [epoch 2] step 1100/1135 loss=0.017
  [epoch 2] step 1110/1135 loss=0.022
  [epoch 2] step 1120/1135 loss=0.019
  [epoch 2] step 1130/1135 loss=0.026
  [epoch 3] step 10/1135 loss=0.050
  [epoch 3] step 20/1135 loss=0.133
  [epoch 3] step 30/1135 loss=0.004
  [epoch 3] step 40/1135 loss=0.026
  [epoch 3] step 50/1135 loss=0.042
  [epoch 3] step 60/1135 loss=0.002
  [epoch 3] step 70/1135 loss=0.040
  [epoch 3] step 80/1135 loss=0.007
  [epoch 3] step 90/1135 loss=0.068
  [epoch 3] step 100/1135 loss=0.017
  [epoch 3] step 110/1135 loss=0.021
  [epoch 3] step 120/1135 loss=0.085
  [epoch 3] step 130/1135 loss=0.036
  [epoch 3] step 140/1135 loss=0.012
  [epoch 3] step 150/1135 loss=0.057
  [epoch 3] step 160/1135 loss=0.022
  [epoch 3] step 170/1135 loss=0.012
  [epoch 3] step 180/1135 loss=0.018
  [epoch 3] step 190/1135 loss=0.012
  [epoch 3] step 200/1135 loss=0.007
  [epoch 3] step 210/1135 loss=0.101
  [epoch 3] step 220/1135 loss=0.031
  [epoch 3] step 230/1135 loss=0.024
  [epoch 3] step 240/1135 loss=0.019
  [epoch 3] step 250/1135 loss=0.006
  [epoch 3] step 260/1135 loss=0.024
  [epoch 3] step 270/1135 loss=0.020
  [epoch 3] step 280/1135 loss=0.007
  [epoch 3] step 290/1135 loss=0.026
  [epoch 3] step 300/1135 loss=0.004
  [epoch 3] step 310/1135 loss=0.043
  [epoch 3] step 320/1135 loss=0.010
  [epoch 3] step 330/1135 loss=0.019
  [epoch 3] step 340/1135 loss=0.047
  [epoch 3] step 350/1135 loss=0.018
  [epoch 3] step 360/1135 loss=0.050
  [epoch 3] step 370/1135 loss=0.008
  [epoch 3] step 380/1135 loss=0.064
  [epoch 3] step 390/1135 loss=0.015
  [epoch 3] step 400/1135 loss=0.011
  [epoch 3] step 410/1135 loss=0.025
  [epoch 3] step 420/1135 loss=0.025
  [epoch 3] step 430/1135 loss=0.015
  [epoch 3] step 440/1135 loss=0.032
  [epoch 3] step 450/1135 loss=0.016
  [epoch 3] step 460/1135 loss=0.016
  [epoch 3] step 470/1135 loss=0.060
  [epoch 3] step 480/1135 loss=0.032
  [epoch 3] step 490/1135 loss=0.012
  [epoch 3] step 500/1135 loss=0.013
  [epoch 3] step 510/1135 loss=0.021
  [epoch 3] step 520/1135 loss=0.031
  [epoch 3] step 530/1135 loss=0.009
  [epoch 3] step 540/1135 loss=0.070
  [epoch 3] step 550/1135 loss=0.043
  [epoch 3] step 560/1135 loss=0.035
  [epoch 3] step 570/1135 loss=0.033
  [epoch 3] step 580/1135 loss=0.022
  [epoch 3] step 590/1135 loss=0.021
  [epoch 3] step 600/1135 loss=0.008
  [epoch 3] step 610/1135 loss=0.004
  [epoch 3] step 620/1135 loss=0.025
  [epoch 3] step 630/1135 loss=0.023
  [epoch 3] step 640/1135 loss=0.008
  [epoch 3] step 650/1135 loss=0.011
  [epoch 3] step 660/1135 loss=0.005
  [epoch 3] step 670/1135 loss=0.015
  [epoch 3] step 680/1135 loss=0.034
  [epoch 3] step 690/1135 loss=0.036
  [epoch 3] step 700/1135 loss=0.031
  [epoch 3] step 710/1135 loss=0.016
  [epoch 3] step 720/1135 loss=0.012
  [epoch 3] step 730/1135 loss=0.006
  [epoch 3] step 740/1135 loss=0.028
  [epoch 3] step 750/1135 loss=0.016
  [epoch 3] step 760/1135 loss=0.006
  [epoch 3] step 770/1135 loss=0.034
  [epoch 3] step 780/1135 loss=0.013
  [epoch 3] step 790/1135 loss=0.015
  [epoch 3] step 800/1135 loss=0.022
  [epoch 3] step 810/1135 loss=0.099
  [epoch 3] step 820/1135 loss=0.022
  [epoch 3] step 830/1135 loss=0.024
  [epoch 3] step 840/1135 loss=0.028
  [epoch 3] step 850/1135 loss=0.114
  [epoch 3] step 860/1135 loss=0.017
  [epoch 3] step 870/1135 loss=0.003
  [epoch 3] step 880/1135 loss=0.017
  [epoch 3] step 890/1135 loss=0.013
  [epoch 3] step 900/1135 loss=0.011
  [epoch 3] step 910/1135 loss=0.032
  [epoch 3] step 920/1135 loss=0.015
  [epoch 3] step 930/1135 loss=0.017
  [epoch 3] step 940/1135 loss=0.034
  [epoch 3] step 950/1135 loss=0.110
  [epoch 3] step 960/1135 loss=0.015
  [epoch 3] step 970/1135 loss=0.091
  [epoch 3] step 980/1135 loss=0.022
  [epoch 3] step 990/1135 loss=0.020
  [epoch 3] step 1000/1135 loss=0.007
  [epoch 3] step 1010/1135 loss=0.003
  [epoch 3] step 1020/1135 loss=0.026
  [epoch 3] step 1030/1135 loss=0.019
  [epoch 3] step 1040/1135 loss=0.008
  [epoch 3] step 1050/1135 loss=0.008
  [epoch 3] step 1060/1135 loss=0.003
  [epoch 3] step 1070/1135 loss=0.010
  [epoch 3] step 1080/1135 loss=0.129
  [epoch 3] step 1090/1135 loss=0.020
  [epoch 3] step 1100/1135 loss=0.017
  [epoch 3] step 1110/1135 loss=0.024
  [epoch 3] step 1120/1135 loss=0.014
  [epoch 3] step 1130/1135 loss=0.023
  [epoch 4] step 10/1135 loss=0.018
  [epoch 4] step 20/1135 loss=0.029
  [epoch 4] step 30/1135 loss=0.022
  [epoch 4] step 40/1135 loss=0.019
  [epoch 4] step 50/1135 loss=0.007
  [epoch 4] step 60/1135 loss=0.001
  [epoch 4] step 70/1135 loss=0.073
  [epoch 4] step 80/1135 loss=0.015
  [epoch 4] step 90/1135 loss=0.005
  [epoch 4] step 100/1135 loss=0.009
  [epoch 4] step 110/1135 loss=0.026
  [epoch 4] step 120/1135 loss=0.025
  [epoch 4] step 130/1135 loss=0.091
  [epoch 4] step 140/1135 loss=0.014
  [epoch 4] step 150/1135 loss=0.042
  [epoch 4] step 160/1135 loss=0.010
  [epoch 4] step 170/1135 loss=0.015
  [epoch 4] step 180/1135 loss=0.003
  [epoch 4] step 190/1135 loss=0.002
  [epoch 4] step 200/1135 loss=0.021
  [epoch 4] step 210/1135 loss=0.036
  [epoch 4] step 220/1135 loss=0.031
  [epoch 4] step 230/1135 loss=0.106
  [epoch 4] step 240/1135 loss=0.046
  [epoch 4] step 250/1135 loss=0.006
  [epoch 4] step 260/1135 loss=0.026
  [epoch 4] step 270/1135 loss=0.054
  [epoch 4] step 280/1135 loss=0.009
  [epoch 4] step 290/1135 loss=0.015
  [epoch 4] step 300/1135 loss=0.003
  [epoch 4] step 310/1135 loss=0.071
  [epoch 4] step 320/1135 loss=0.024
  [epoch 4] step 330/1135 loss=0.046
  [epoch 4] step 340/1135 loss=0.030
  [epoch 4] step 350/1135 loss=0.014
  [epoch 4] step 360/1135 loss=0.011
  [epoch 4] step 370/1135 loss=0.047
  [epoch 4] step 380/1135 loss=0.009
  [epoch 4] step 390/1135 loss=0.004
  [epoch 4] step 400/1135 loss=0.030
  [epoch 4] step 410/1135 loss=0.016
  [epoch 4] step 420/1135 loss=0.003
  [epoch 4] step 430/1135 loss=0.002
  [epoch 4] step 440/1135 loss=0.070
  [epoch 4] step 450/1135 loss=0.011
  [epoch 4] step 460/1135 loss=0.053
  [epoch 4] step 470/1135 loss=0.014
  [epoch 4] step 480/1135 loss=0.014
  [epoch 4] step 490/1135 loss=0.010
  [epoch 4] step 500/1135 loss=0.005
  [epoch 4] step 510/1135 loss=0.032
  [epoch 4] step 520/1135 loss=0.052
  [epoch 4] step 530/1135 loss=0.004
  [epoch 4] step 540/1135 loss=0.008
  [epoch 4] step 550/1135 loss=0.017
  [epoch 4] step 560/1135 loss=0.044
  [epoch 4] step 570/1135 loss=0.057
  [epoch 4] step 580/1135 loss=0.031
  [epoch 4] step 590/1135 loss=0.029
  [epoch 4] step 600/1135 loss=0.008
  [epoch 4] step 610/1135 loss=0.070
  [epoch 4] step 620/1135 loss=0.031
  [epoch 4] step 630/1135 loss=0.020
  [epoch 4] step 640/1135 loss=0.022
  [epoch 4] step 650/1135 loss=0.012
  [epoch 4] step 660/1135 loss=0.007
  [epoch 4] step 670/1135 loss=0.022
  [epoch 4] step 680/1135 loss=0.116
  [epoch 4] step 690/1135 loss=0.032
  [epoch 4] step 700/1135 loss=0.015
  [epoch 4] step 710/1135 loss=0.008
  [epoch 4] step 720/1135 loss=0.045
  [epoch 4] step 730/1135 loss=0.014
  [epoch 4] step 740/1135 loss=0.021
  [epoch 4] step 750/1135 loss=0.022
  [epoch 4] step 760/1135 loss=0.022
  [epoch 4] step 770/1135 loss=0.007
  [epoch 4] step 780/1135 loss=0.022
  [epoch 4] step 790/1135 loss=0.002
  [epoch 4] step 800/1135 loss=0.008
  [epoch 4] step 810/1135 loss=0.028
  [epoch 4] step 820/1135 loss=0.044
  [epoch 4] step 830/1135 loss=0.015
  [epoch 4] step 840/1135 loss=0.012
  [epoch 4] step 850/1135 loss=0.016
  [epoch 4] step 860/1135 loss=0.041
  [epoch 4] step 870/1135 loss=0.052
  [epoch 4] step 880/1135 loss=0.046
  [epoch 4] step 890/1135 loss=0.004
  [epoch 4] step 900/1135 loss=0.006
  [epoch 4] step 910/1135 loss=0.052
  [epoch 4] step 920/1135 loss=0.009
  [epoch 4] step 930/1135 loss=0.031
  [epoch 4] step 940/1135 loss=0.019
  [epoch 4] step 950/1135 loss=0.050
  [epoch 4] step 960/1135 loss=0.028
  [epoch 4] step 970/1135 loss=0.002
  [epoch 4] step 980/1135 loss=0.008
  [epoch 4] step 990/1135 loss=0.017
  [epoch 4] step 1000/1135 loss=0.022
  [epoch 4] step 1010/1135 loss=0.065
  [epoch 4] step 1020/1135 loss=0.044
  [epoch 4] step 1030/1135 loss=0.008
  [epoch 4] step 1040/1135 loss=0.019
  [epoch 4] step 1050/1135 loss=0.020
  [epoch 4] step 1060/1135 loss=0.182
  [epoch 4] step 1070/1135 loss=0.091
  [epoch 4] step 1080/1135 loss=0.017
  [epoch 4] step 1090/1135 loss=0.058
  [epoch 4] step 1100/1135 loss=0.029
  [epoch 4] step 1110/1135 loss=0.007
  [epoch 4] step 1120/1135 loss=0.005
  [epoch 4] step 1130/1135 loss=0.027
  [epoch 5] step 10/1135 loss=0.040
  [epoch 5] step 20/1135 loss=0.013
  [epoch 5] step 30/1135 loss=0.002
  [epoch 5] step 40/1135 loss=0.003
  [epoch 5] step 50/1135 loss=0.028
  [epoch 5] step 60/1135 loss=0.035
  [epoch 5] step 70/1135 loss=0.024
  [epoch 5] step 80/1135 loss=0.014
  [epoch 5] step 90/1135 loss=0.028
  [epoch 5] step 100/1135 loss=0.075
  [epoch 5] step 110/1135 loss=0.015
  [epoch 5] step 120/1135 loss=0.021
  [epoch 5] step 130/1135 loss=0.020
  [epoch 5] step 140/1135 loss=0.013
  [epoch 5] step 150/1135 loss=0.008
  [epoch 5] step 160/1135 loss=0.016
  [epoch 5] step 170/1135 loss=0.031
  [epoch 5] step 180/1135 loss=0.039
  [epoch 5] step 190/1135 loss=0.064
  [epoch 5] step 200/1135 loss=0.158
  [epoch 5] step 210/1135 loss=0.010
  [epoch 5] step 220/1135 loss=0.040
  [epoch 5] step 230/1135 loss=0.010
  [epoch 5] step 240/1135 loss=0.015
  [epoch 5] step 250/1135 loss=0.017
  [epoch 5] step 260/1135 loss=0.014
  [epoch 5] step 270/1135 loss=0.055
  [epoch 5] step 280/1135 loss=0.022
  [epoch 5] step 290/1135 loss=0.008
  [epoch 5] step 300/1135 loss=0.012
  [epoch 5] step 310/1135 loss=0.003
  [epoch 5] step 320/1135 loss=0.024
  [epoch 5] step 330/1135 loss=0.026
  [epoch 5] step 340/1135 loss=0.008
  [epoch 5] step 350/1135 loss=0.005
  [epoch 5] step 360/1135 loss=0.011
  [epoch 5] step 370/1135 loss=0.025
  [epoch 5] step 380/1135 loss=0.014
  [epoch 5] step 390/1135 loss=0.030
  [epoch 5] step 400/1135 loss=0.070
  [epoch 5] step 410/1135 loss=0.000
  [epoch 5] step 420/1135 loss=0.029
  [epoch 5] step 430/1135 loss=0.039
  [epoch 5] step 440/1135 loss=0.033
  [epoch 5] step 450/1135 loss=0.013
  [epoch 5] step 460/1135 loss=0.019
  [epoch 5] step 470/1135 loss=0.141
  [epoch 5] step 480/1135 loss=0.017
  [epoch 5] step 490/1135 loss=0.002
  [epoch 5] step 500/1135 loss=0.033
  [epoch 5] step 510/1135 loss=0.019
  [epoch 5] step 520/1135 loss=0.009
  [epoch 5] step 530/1135 loss=0.004
  [epoch 5] step 540/1135 loss=0.016
  [epoch 5] step 550/1135 loss=0.012
  [epoch 5] step 560/1135 loss=0.013
  [epoch 5] step 570/1135 loss=0.008
  [epoch 5] step 580/1135 loss=0.197
  [epoch 5] step 590/1135 loss=0.004
  [epoch 5] step 600/1135 loss=0.076
  [epoch 5] step 610/1135 loss=0.004
  [epoch 5] step 620/1135 loss=0.005
  [epoch 5] step 630/1135 loss=0.034
  [epoch 5] step 640/1135 loss=0.011
  [epoch 5] step 650/1135 loss=0.034
  [epoch 5] step 660/1135 loss=0.105
  [epoch 5] step 670/1135 loss=0.028
  [epoch 5] step 680/1135 loss=0.023
  [epoch 5] step 690/1135 loss=0.011
  [epoch 5] step 700/1135 loss=0.019
  [epoch 5] step 710/1135 loss=0.052
  [epoch 5] step 720/1135 loss=0.024
  [epoch 5] step 730/1135 loss=0.074
  [epoch 5] step 740/1135 loss=0.003
  [epoch 5] step 750/1135 loss=0.008
  [epoch 5] step 760/1135 loss=0.001
  [epoch 5] step 770/1135 loss=0.011
  [epoch 5] step 780/1135 loss=0.019
  [epoch 5] step 790/1135 loss=0.034
  [epoch 5] step 800/1135 loss=0.012
  [epoch 5] step 810/1135 loss=0.016
  [epoch 5] step 820/1135 loss=0.021
  [epoch 5] step 830/1135 loss=0.069
  [epoch 5] step 840/1135 loss=0.034
  [epoch 5] step 850/1135 loss=0.021
  [epoch 5] step 860/1135 loss=0.020
  [epoch 5] step 870/1135 loss=0.103
  [epoch 5] step 880/1135 loss=0.006
  [epoch 5] step 890/1135 loss=0.022
  [epoch 5] step 900/1135 loss=0.038
  [epoch 5] step 910/1135 loss=0.016
  [epoch 5] step 920/1135 loss=0.010
  [epoch 5] step 930/1135 loss=0.006
  [epoch 5] step 940/1135 loss=0.043
  [epoch 5] step 950/1135 loss=0.033
  [epoch 5] step 960/1135 loss=0.005
  [epoch 5] step 970/1135 loss=0.050
  [epoch 5] step 980/1135 loss=0.023
  [epoch 5] step 990/1135 loss=0.087
  [epoch 5] step 1000/1135 loss=0.031
  [epoch 5] step 1010/1135 loss=0.022
  [epoch 5] step 1020/1135 loss=0.031
  [epoch 5] step 1030/1135 loss=0.013
  [epoch 5] step 1040/1135 loss=0.012
  [epoch 5] step 1050/1135 loss=0.065
  [epoch 5] step 1060/1135 loss=0.019
  [epoch 5] step 1070/1135 loss=0.037
  [epoch 5] step 1080/1135 loss=0.034
  [epoch 5] step 1090/1135 loss=0.021
  [epoch 5] step 1100/1135 loss=0.031
  [epoch 5] step 1110/1135 loss=0.033
  [epoch 5] step 1120/1135 loss=0.058
  [epoch 5] step 1130/1135 loss=0.014
  [epoch 6] step 10/1135 loss=0.006
  [epoch 6] step 20/1135 loss=0.046
  [epoch 6] step 30/1135 loss=0.010
  [epoch 6] step 40/1135 loss=0.028
  [epoch 6] step 50/1135 loss=0.028
  [epoch 6] step 60/1135 loss=0.012
  [epoch 6] step 70/1135 loss=0.024
  [epoch 6] step 80/1135 loss=0.057
  [epoch 6] step 90/1135 loss=0.027
  [epoch 6] step 100/1135 loss=0.014
  [epoch 6] step 110/1135 loss=0.019
  [epoch 6] step 120/1135 loss=0.067
  [epoch 6] step 130/1135 loss=0.031
  [epoch 6] step 140/1135 loss=0.016
  [epoch 6] step 150/1135 loss=0.018
  [epoch 6] step 160/1135 loss=0.020
  [epoch 6] step 170/1135 loss=0.078
  [epoch 6] step 180/1135 loss=0.043
  [epoch 6] step 190/1135 loss=0.035
  [epoch 6] step 200/1135 loss=0.028
  [epoch 6] step 210/1135 loss=0.011
  [epoch 6] step 220/1135 loss=0.024
  [epoch 6] step 230/1135 loss=0.061
  [epoch 6] step 240/1135 loss=0.010
  [epoch 6] step 250/1135 loss=0.011
  [epoch 6] step 260/1135 loss=0.011
  [epoch 6] step 270/1135 loss=0.033
  [epoch 6] step 280/1135 loss=0.031
  [epoch 6] step 290/1135 loss=0.070
  [epoch 6] step 300/1135 loss=0.000
  [epoch 6] step 310/1135 loss=0.037
  [epoch 6] step 320/1135 loss=0.003
  [epoch 6] step 330/1135 loss=0.020
  [epoch 6] step 340/1135 loss=0.003
  [epoch 6] step 350/1135 loss=0.006
  [epoch 6] step 360/1135 loss=0.010
  [epoch 6] step 370/1135 loss=0.014
  [epoch 6] step 380/1135 loss=0.097
  [epoch 6] step 390/1135 loss=0.064
  [epoch 6] step 400/1135 loss=0.006
  [epoch 6] step 410/1135 loss=0.015
  [epoch 6] step 420/1135 loss=0.007
  [epoch 6] step 430/1135 loss=0.021
  [epoch 6] step 440/1135 loss=0.028
  [epoch 6] step 450/1135 loss=0.022
  [epoch 6] step 460/1135 loss=0.033
  [epoch 6] step 470/1135 loss=0.036
  [epoch 6] step 480/1135 loss=0.012
  [epoch 6] step 490/1135 loss=0.006
  [epoch 6] step 500/1135 loss=0.006
  [epoch 6] step 510/1135 loss=0.027
  [epoch 6] step 520/1135 loss=0.045
  [epoch 6] step 530/1135 loss=0.009
  [epoch 6] step 540/1135 loss=0.029
  [epoch 6] step 550/1135 loss=0.010
  [epoch 6] step 560/1135 loss=0.010
  [epoch 6] step 570/1135 loss=0.015
  [epoch 6] step 580/1135 loss=0.036
  [epoch 6] step 590/1135 loss=0.030
  [epoch 6] step 600/1135 loss=0.039
  [epoch 6] step 610/1135 loss=0.002
  [epoch 6] step 620/1135 loss=0.015
  [epoch 6] step 630/1135 loss=0.003
  [epoch 6] step 640/1135 loss=0.026
  [epoch 6] step 650/1135 loss=0.027
  [epoch 6] step 660/1135 loss=0.013
  [epoch 6] step 670/1135 loss=0.020
  [epoch 6] step 680/1135 loss=0.022
  [epoch 6] step 690/1135 loss=0.007
  [epoch 6] step 700/1135 loss=0.023
  [epoch 6] step 710/1135 loss=0.013
  [epoch 6] step 720/1135 loss=0.012
  [epoch 6] step 730/1135 loss=0.003
  [epoch 6] step 740/1135 loss=0.010
  [epoch 6] step 750/1135 loss=0.005
  [epoch 6] step 760/1135 loss=0.059
  [epoch 6] step 770/1135 loss=0.047
  [epoch 6] step 780/1135 loss=0.019
  [epoch 6] step 790/1135 loss=0.029
  [epoch 6] step 800/1135 loss=0.019
  [epoch 6] step 810/1135 loss=0.003
  [epoch 6] step 820/1135 loss=0.034
  [epoch 6] step 830/1135 loss=0.023
  [epoch 6] step 840/1135 loss=0.006
  [epoch 6] step 850/1135 loss=0.027
  [epoch 6] step 860/1135 loss=0.010
  [epoch 6] step 870/1135 loss=0.014
  [epoch 6] step 880/1135 loss=0.023
  [epoch 6] step 890/1135 loss=0.016
  [epoch 6] step 900/1135 loss=0.006
  [epoch 6] step 910/1135 loss=0.011
  [epoch 6] step 920/1135 loss=0.021
  [epoch 6] step 930/1135 loss=0.042
  [epoch 6] step 940/1135 loss=0.006
  [epoch 6] step 950/1135 loss=0.020
  [epoch 6] step 960/1135 loss=0.018
  [epoch 6] step 970/1135 loss=0.023
  [epoch 6] step 980/1135 loss=0.005
  [epoch 6] step 990/1135 loss=0.009
  [epoch 6] step 1000/1135 loss=0.003
  [epoch 6] step 1010/1135 loss=0.015
  [epoch 6] step 1020/1135 loss=0.026
  [epoch 6] step 1030/1135 loss=0.013
  [epoch 6] step 1040/1135 loss=0.040
  [epoch 6] step 1050/1135 loss=0.048
  [epoch 6] step 1060/1135 loss=0.044
  [epoch 6] step 1070/1135 loss=0.009
  [epoch 6] step 1080/1135 loss=0.015
  [epoch 6] step 1090/1135 loss=0.069
  [epoch 6] step 1100/1135 loss=0.042
  [epoch 6] step 1110/1135 loss=0.039
  [epoch 6] step 1120/1135 loss=0.006
  [epoch 6] step 1130/1135 loss=0.021
  [epoch 7] step 10/1135 loss=0.015
  [epoch 7] step 20/1135 loss=0.002
  [epoch 7] step 30/1135 loss=0.041
  [epoch 7] step 40/1135 loss=0.065
  [epoch 7] step 50/1135 loss=0.011
  [epoch 7] step 60/1135 loss=0.056
  [epoch 7] step 70/1135 loss=0.010
  [epoch 7] step 80/1135 loss=0.070
  [epoch 7] step 90/1135 loss=0.021
  [epoch 7] step 100/1135 loss=0.023
  [epoch 7] step 110/1135 loss=0.023
  [epoch 7] step 120/1135 loss=0.012
  [epoch 7] step 130/1135 loss=0.008
  [epoch 7] step 140/1135 loss=0.024
  [epoch 7] step 150/1135 loss=0.054
  [epoch 7] step 160/1135 loss=0.018
  [epoch 7] step 170/1135 loss=0.038
  [epoch 7] step 180/1135 loss=0.009
  [epoch 7] step 190/1135 loss=0.001
  [epoch 7] step 200/1135 loss=0.002
  [epoch 7] step 210/1135 loss=0.018
  [epoch 7] step 220/1135 loss=0.013
  [epoch 7] step 230/1135 loss=0.016
  [epoch 7] step 240/1135 loss=0.030
  [epoch 7] step 250/1135 loss=0.005
  [epoch 7] step 260/1135 loss=0.013
  [epoch 7] step 270/1135 loss=0.025
  [epoch 7] step 280/1135 loss=0.003
  [epoch 7] step 290/1135 loss=0.013
  [epoch 7] step 300/1135 loss=0.003
  [epoch 7] step 310/1135 loss=0.012
  [epoch 7] step 320/1135 loss=0.015
  [epoch 7] step 330/1135 loss=0.004
  [epoch 7] step 340/1135 loss=0.092
  [epoch 7] step 350/1135 loss=0.026
  [epoch 7] step 360/1135 loss=0.022
  [epoch 7] step 370/1135 loss=0.039
  [epoch 7] step 380/1135 loss=0.009
  [epoch 7] step 390/1135 loss=0.017
  [epoch 7] step 400/1135 loss=0.005
  [epoch 7] step 410/1135 loss=0.026
  [epoch 7] step 420/1135 loss=0.005
  [epoch 7] step 430/1135 loss=0.013
  [epoch 7] step 440/1135 loss=0.007
  [epoch 7] step 450/1135 loss=0.003
  [epoch 7] step 460/1135 loss=0.007
  [epoch 7] step 470/1135 loss=0.009
  [epoch 7] step 480/1135 loss=0.038
  [epoch 7] step 490/1135 loss=0.030
  [epoch 7] step 500/1135 loss=0.006
  [epoch 7] step 510/1135 loss=0.021
  [epoch 7] step 520/1135 loss=0.020
  [epoch 7] step 530/1135 loss=0.018
  [epoch 7] step 540/1135 loss=0.009
  [epoch 7] step 550/1135 loss=0.012
  [epoch 7] step 560/1135 loss=0.012
  [epoch 7] step 570/1135 loss=0.015
  [epoch 7] step 580/1135 loss=0.012
  [epoch 7] step 590/1135 loss=0.009
  [epoch 7] step 600/1135 loss=0.027
  [epoch 7] step 610/1135 loss=0.012
  [epoch 7] step 620/1135 loss=0.008
  [epoch 7] step 630/1135 loss=0.008
  [epoch 7] step 640/1135 loss=0.022
  [epoch 7] step 650/1135 loss=0.020
  [epoch 7] step 660/1135 loss=0.011
  [epoch 7] step 670/1135 loss=0.004
  [epoch 7] step 680/1135 loss=0.011
  [epoch 7] step 690/1135 loss=0.007
  [epoch 7] step 700/1135 loss=0.023
  [epoch 7] step 710/1135 loss=0.008
  [epoch 7] step 720/1135 loss=0.013
  [epoch 7] step 730/1135 loss=0.013
  [epoch 7] step 740/1135 loss=0.018
  [epoch 7] step 750/1135 loss=0.035
  [epoch 7] step 760/1135 loss=0.035
  [epoch 7] step 770/1135 loss=0.076
  [epoch 7] step 780/1135 loss=0.013
  [epoch 7] step 790/1135 loss=0.007
  [epoch 7] step 800/1135 loss=0.023
  [epoch 7] step 810/1135 loss=0.021
  [epoch 7] step 820/1135 loss=0.032
  [epoch 7] step 830/1135 loss=0.052
  [epoch 7] step 840/1135 loss=0.027
  [epoch 7] step 850/1135 loss=0.024
  [epoch 7] step 860/1135 loss=0.016
  [epoch 7] step 870/1135 loss=0.003
  [epoch 7] step 880/1135 loss=0.008
  [epoch 7] step 890/1135 loss=0.010
  [epoch 7] step 900/1135 loss=0.025
  [epoch 7] step 910/1135 loss=0.026
  [epoch 7] step 920/1135 loss=0.019
  [epoch 7] step 930/1135 loss=0.018
  [epoch 7] step 940/1135 loss=0.004
  [epoch 7] step 950/1135 loss=0.008
  [epoch 7] step 960/1135 loss=0.021
  [epoch 7] step 970/1135 loss=0.019
  [epoch 7] step 980/1135 loss=0.021
  [epoch 7] step 990/1135 loss=0.005
  [epoch 7] step 1000/1135 loss=0.021
  [epoch 7] step 1010/1135 loss=0.025
  [epoch 7] step 1020/1135 loss=0.059
  [epoch 7] step 1030/1135 loss=0.004
  [epoch 7] step 1040/1135 loss=0.033
  [epoch 7] step 1050/1135 loss=0.040
  [epoch 7] step 1060/1135 loss=0.040
  [epoch 7] step 1070/1135 loss=0.009
  [epoch 7] step 1080/1135 loss=0.044
  [epoch 7] step 1090/1135 loss=0.006
  [epoch 7] step 1100/1135 loss=0.053
  [epoch 7] step 1110/1135 loss=0.049
  [epoch 7] step 1120/1135 loss=0.011
  [epoch 7] step 1130/1135 loss=0.014
  [epoch 8] step 10/1135 loss=0.014
  [epoch 8] step 20/1135 loss=0.027
  [epoch 8] step 30/1135 loss=0.006
  [epoch 8] step 40/1135 loss=0.018
  [epoch 8] step 50/1135 loss=0.017
  [epoch 8] step 60/1135 loss=0.048
  [epoch 8] step 70/1135 loss=0.008
  [epoch 8] step 80/1135 loss=0.010
  [epoch 8] step 90/1135 loss=0.046
  [epoch 8] step 100/1135 loss=0.015
  [epoch 8] step 110/1135 loss=0.006
  [epoch 8] step 120/1135 loss=0.035
  [epoch 8] step 130/1135 loss=0.013
  [epoch 8] step 140/1135 loss=0.016
  [epoch 8] step 150/1135 loss=0.032
  [epoch 8] step 160/1135 loss=0.005
  [epoch 8] step 170/1135 loss=0.059
  [epoch 8] step 180/1135 loss=0.041
  [epoch 8] step 190/1135 loss=0.037
  [epoch 8] step 200/1135 loss=0.019
  [epoch 8] step 210/1135 loss=0.022
  [epoch 8] step 220/1135 loss=0.015
  [epoch 8] step 230/1135 loss=0.004
  [epoch 8] step 240/1135 loss=0.001
  [epoch 8] step 250/1135 loss=0.010
  [epoch 8] step 260/1135 loss=0.008
  [epoch 8] step 270/1135 loss=0.009
  [epoch 8] step 280/1135 loss=0.007
  [epoch 8] step 290/1135 loss=0.001
  [epoch 8] step 300/1135 loss=0.051
  [epoch 8] step 310/1135 loss=0.006
  [epoch 8] step 320/1135 loss=0.004
  [epoch 8] step 330/1135 loss=0.038
  [epoch 8] step 340/1135 loss=0.054
  [epoch 8] step 350/1135 loss=0.011
  [epoch 8] step 360/1135 loss=0.015
  [epoch 8] step 370/1135 loss=0.007
  [epoch 8] step 380/1135 loss=0.018
  [epoch 8] step 390/1135 loss=0.027
  [epoch 8] step 400/1135 loss=0.056
  [epoch 8] step 410/1135 loss=0.007
  [epoch 8] step 420/1135 loss=0.007
  [epoch 8] step 430/1135 loss=0.024
  [epoch 8] step 440/1135 loss=0.030
  [epoch 8] step 450/1135 loss=0.071
  [epoch 8] step 460/1135 loss=0.038
  [epoch 8] step 470/1135 loss=0.013
  [epoch 8] step 480/1135 loss=0.031
  [epoch 8] step 490/1135 loss=0.016
  [epoch 8] step 500/1135 loss=0.015
  [epoch 8] step 510/1135 loss=0.010
  [epoch 8] step 520/1135 loss=0.007
  [epoch 8] step 530/1135 loss=0.047
  [epoch 8] step 540/1135 loss=0.017
  [epoch 8] step 550/1135 loss=0.020
  [epoch 8] step 560/1135 loss=0.001
  [epoch 8] step 570/1135 loss=0.019
  [epoch 8] step 580/1135 loss=0.012
  [epoch 8] step 590/1135 loss=0.008
  [epoch 8] step 600/1135 loss=0.027
  [epoch 8] step 610/1135 loss=0.062
  [epoch 8] step 620/1135 loss=0.002
  [epoch 8] step 630/1135 loss=0.028
  [epoch 8] step 640/1135 loss=0.041
  [epoch 8] step 650/1135 loss=0.035
  [epoch 8] step 660/1135 loss=0.001
  [epoch 8] step 670/1135 loss=0.005
  [epoch 8] step 680/1135 loss=0.068
  [epoch 8] step 690/1135 loss=0.015
  [epoch 8] step 700/1135 loss=0.008
  [epoch 8] step 710/1135 loss=0.008
  [epoch 8] step 720/1135 loss=0.005
  [epoch 8] step 730/1135 loss=0.022
  [epoch 8] step 740/1135 loss=0.014
  [epoch 8] step 750/1135 loss=0.121
  [epoch 8] step 760/1135 loss=0.020
  [epoch 8] step 770/1135 loss=0.013
  [epoch 8] step 780/1135 loss=0.052
  [epoch 8] step 790/1135 loss=0.008
  [epoch 8] step 800/1135 loss=0.046
  [epoch 8] step 810/1135 loss=0.013
  [epoch 8] step 820/1135 loss=0.013
  [epoch 8] step 830/1135 loss=0.004
  [epoch 8] step 840/1135 loss=0.048
  [epoch 8] step 850/1135 loss=0.018
  [epoch 8] step 860/1135 loss=0.007
  [epoch 8] step 870/1135 loss=0.010
  [epoch 8] step 880/1135 loss=0.030
  [epoch 8] step 890/1135 loss=0.007
  [epoch 8] step 900/1135 loss=0.079
  [epoch 8] step 910/1135 loss=0.015
  [epoch 8] step 920/1135 loss=0.039
  [epoch 8] step 930/1135 loss=0.021
  [epoch 8] step 940/1135 loss=0.001
  [epoch 8] step 950/1135 loss=0.089
  [epoch 8] step 960/1135 loss=0.030
  [epoch 8] step 970/1135 loss=0.013
  [epoch 8] step 980/1135 loss=0.114
  [epoch 8] step 990/1135 loss=0.023
  [epoch 8] step 1000/1135 loss=0.107
  [epoch 8] step 1010/1135 loss=0.007
  [epoch 8] step 1020/1135 loss=0.019
  [epoch 8] step 1030/1135 loss=0.025
  [epoch 8] step 1040/1135 loss=0.023
  [epoch 8] step 1050/1135 loss=0.021
  [epoch 8] step 1060/1135 loss=0.012
  [epoch 8] step 1070/1135 loss=0.007
  [epoch 8] step 1080/1135 loss=0.009
  [epoch 8] step 1090/1135 loss=0.011
  [epoch 8] step 1100/1135 loss=0.024
  [epoch 8] step 1110/1135 loss=0.051
  [epoch 8] step 1120/1135 loss=0.015
  [epoch 8] step 1130/1135 loss=0.034
  [epoch 9] step 10/1135 loss=0.022
  [epoch 9] step 20/1135 loss=0.028
  [epoch 9] step 30/1135 loss=0.006
  [epoch 9] step 40/1135 loss=0.045
  [epoch 9] step 50/1135 loss=0.002
  [epoch 9] step 60/1135 loss=0.023
  [epoch 9] step 70/1135 loss=0.013
  [epoch 9] step 80/1135 loss=0.016
  [epoch 9] step 90/1135 loss=0.008
  [epoch 9] step 100/1135 loss=0.010
  [epoch 9] step 110/1135 loss=0.022
  [epoch 9] step 120/1135 loss=0.049
  [epoch 9] step 130/1135 loss=0.058
  [epoch 9] step 140/1135 loss=0.011
  [epoch 9] step 150/1135 loss=0.072
  [epoch 9] step 160/1135 loss=0.009
  [epoch 9] step 170/1135 loss=0.003
  [epoch 9] step 180/1135 loss=0.005
  [epoch 9] step 190/1135 loss=0.024
  [epoch 9] step 200/1135 loss=0.007
  [epoch 9] step 210/1135 loss=0.053
  [epoch 9] step 220/1135 loss=0.012
  [epoch 9] step 230/1135 loss=0.028
  [epoch 9] step 240/1135 loss=0.023
  [epoch 9] step 250/1135 loss=0.011
  [epoch 9] step 260/1135 loss=0.033
  [epoch 9] step 270/1135 loss=0.034
  [epoch 9] step 280/1135 loss=0.017
  [epoch 9] step 290/1135 loss=0.000
  [epoch 9] step 300/1135 loss=0.022
  [epoch 9] step 310/1135 loss=0.009
  [epoch 9] step 320/1135 loss=0.047
  [epoch 9] step 330/1135 loss=0.006
  [epoch 9] step 340/1135 loss=0.023
  [epoch 9] step 350/1135 loss=0.034
  [epoch 9] step 360/1135 loss=0.024
  [epoch 9] step 370/1135 loss=0.017
  [epoch 9] step 380/1135 loss=0.012
  [epoch 9] step 390/1135 loss=0.021
  [epoch 9] step 400/1135 loss=0.038
  [epoch 9] step 410/1135 loss=0.006
  [epoch 9] step 420/1135 loss=0.013
  [epoch 9] step 430/1135 loss=0.002
  [epoch 9] step 440/1135 loss=0.018
  [epoch 9] step 450/1135 loss=0.012
  [epoch 9] step 460/1135 loss=0.039
  [epoch 9] step 470/1135 loss=0.007
  [epoch 9] step 480/1135 loss=0.010
  [epoch 9] step 490/1135 loss=0.002
  [epoch 9] step 500/1135 loss=0.035
  [epoch 9] step 510/1135 loss=0.000
  [epoch 9] step 520/1135 loss=0.011
  [epoch 9] step 530/1135 loss=0.006
  [epoch 9] step 540/1135 loss=0.012
  [epoch 9] step 550/1135 loss=0.044
  [epoch 9] step 560/1135 loss=0.012
  [epoch 9] step 570/1135 loss=0.024
  [epoch 9] step 580/1135 loss=0.023
  [epoch 9] step 590/1135 loss=0.004
  [epoch 9] step 600/1135 loss=0.007
  [epoch 9] step 610/1135 loss=0.015
  [epoch 9] step 620/1135 loss=0.022
  [epoch 9] step 630/1135 loss=0.006
  [epoch 9] step 640/1135 loss=0.110
  [epoch 9] step 650/1135 loss=0.007
  [epoch 9] step 660/1135 loss=0.015
  [epoch 9] step 670/1135 loss=0.009
  [epoch 9] step 680/1135 loss=0.057
  [epoch 9] step 690/1135 loss=0.007
  [epoch 9] step 700/1135 loss=0.019
  [epoch 9] step 710/1135 loss=0.012
  [epoch 9] step 720/1135 loss=0.014
  [epoch 9] step 730/1135 loss=0.014
  [epoch 9] step 740/1135 loss=0.008
  [epoch 9] step 750/1135 loss=0.018
  [epoch 9] step 760/1135 loss=0.020
  [epoch 9] step 770/1135 loss=0.017
  [epoch 9] step 780/1135 loss=0.022
  [epoch 9] step 790/1135 loss=0.027
  [epoch 9] step 800/1135 loss=0.004
  [epoch 9] step 810/1135 loss=0.014
  [epoch 9] step 820/1135 loss=0.027
  [epoch 9] step 830/1135 loss=0.008
  [epoch 9] step 840/1135 loss=0.015
  [epoch 9] step 850/1135 loss=0.006
  [epoch 9] step 860/1135 loss=0.017
  [epoch 9] step 870/1135 loss=0.034
  [epoch 9] step 880/1135 loss=0.018
  [epoch 9] step 890/1135 loss=0.021
  [epoch 9] step 900/1135 loss=0.016
  [epoch 9] step 910/1135 loss=0.002
  [epoch 9] step 920/1135 loss=0.021
  [epoch 9] step 930/1135 loss=0.006
  [epoch 9] step 940/1135 loss=0.010
  [epoch 9] step 950/1135 loss=0.017
  [epoch 9] step 960/1135 loss=0.015
  [epoch 9] step 970/1135 loss=0.047
  [epoch 9] step 980/1135 loss=0.018
  [epoch 9] step 990/1135 loss=0.015
  [epoch 9] step 1000/1135 loss=0.007
  [epoch 9] step 1010/1135 loss=0.019
  [epoch 9] step 1020/1135 loss=0.035
  [epoch 9] step 1030/1135 loss=0.038
  [epoch 9] step 1040/1135 loss=0.024
  [epoch 9] step 1050/1135 loss=0.020
  [epoch 9] step 1060/1135 loss=0.000
  [epoch 9] step 1070/1135 loss=0.026
  [epoch 9] step 1080/1135 loss=0.014
  [epoch 9] step 1090/1135 loss=0.015
  [epoch 9] step 1100/1135 loss=0.006
  [epoch 9] step 1110/1135 loss=0.012
  [epoch 9] step 1120/1135 loss=0.016
  [epoch 9] step 1130/1135 loss=0.035
  [epoch 10] step 10/1135 loss=0.008
  [epoch 10] step 20/1135 loss=0.019
  [epoch 10] step 30/1135 loss=0.044
  [epoch 10] step 40/1135 loss=0.011
  [epoch 10] step 50/1135 loss=0.007
  [epoch 10] step 60/1135 loss=0.007
  [epoch 10] step 70/1135 loss=0.013
  [epoch 10] step 80/1135 loss=0.025
  [epoch 10] step 90/1135 loss=0.026
  [epoch 10] step 100/1135 loss=0.038
  [epoch 10] step 110/1135 loss=0.006
  [epoch 10] step 120/1135 loss=0.005
  [epoch 10] step 130/1135 loss=0.041
  [epoch 10] step 140/1135 loss=0.001
  [epoch 10] step 150/1135 loss=0.025
  [epoch 10] step 160/1135 loss=0.025
  [epoch 10] step 170/1135 loss=0.006
  [epoch 10] step 180/1135 loss=0.030
  [epoch 10] step 190/1135 loss=0.006
  [epoch 10] step 200/1135 loss=0.011
  [epoch 10] step 210/1135 loss=0.010
  [epoch 10] step 220/1135 loss=0.005
  [epoch 10] step 230/1135 loss=0.017
  [epoch 10] step 240/1135 loss=0.002
  [epoch 10] step 250/1135 loss=0.026
  [epoch 10] step 260/1135 loss=0.019
  [epoch 10] step 270/1135 loss=0.004
  [epoch 10] step 280/1135 loss=0.013
  [epoch 10] step 290/1135 loss=0.024
  [epoch 10] step 300/1135 loss=0.014
  [epoch 10] step 310/1135 loss=0.042
  [epoch 10] step 320/1135 loss=0.011
  [epoch 10] step 330/1135 loss=0.009
  [epoch 10] step 340/1135 loss=0.013
  [epoch 10] step 350/1135 loss=0.016
  [epoch 10] step 360/1135 loss=0.005
  [epoch 10] step 370/1135 loss=0.007
  [epoch 10] step 380/1135 loss=0.005
  [epoch 10] step 390/1135 loss=0.069
  [epoch 10] step 400/1135 loss=0.028
  [epoch 10] step 410/1135 loss=0.026
  [epoch 10] step 420/1135 loss=0.045
  [epoch 10] step 430/1135 loss=0.049
  [epoch 10] step 440/1135 loss=0.134
  [epoch 10] step 450/1135 loss=0.019
  [epoch 10] step 460/1135 loss=0.031
  [epoch 10] step 470/1135 loss=0.006
  [epoch 10] step 480/1135 loss=0.072
  [epoch 10] step 490/1135 loss=0.004
  [epoch 10] step 500/1135 loss=0.019
  [epoch 10] step 510/1135 loss=0.052
  [epoch 10] step 520/1135 loss=0.017
  [epoch 10] step 530/1135 loss=0.003
  [epoch 10] step 540/1135 loss=0.008
  [epoch 10] step 550/1135 loss=0.029
  [epoch 10] step 560/1135 loss=0.015
  [epoch 10] step 570/1135 loss=0.005
  [epoch 10] step 580/1135 loss=0.068
  [epoch 10] step 590/1135 loss=0.012
  [epoch 10] step 600/1135 loss=0.023
  [epoch 10] step 610/1135 loss=0.009
  [epoch 10] step 620/1135 loss=0.015
  [epoch 10] step 630/1135 loss=0.008
  [epoch 10] step 640/1135 loss=0.014
  [epoch 10] step 650/1135 loss=0.003
  [epoch 10] step 660/1135 loss=0.016
  [epoch 10] step 670/1135 loss=0.010
  [epoch 10] step 680/1135 loss=0.010
  [epoch 10] step 690/1135 loss=0.102
  [epoch 10] step 700/1135 loss=0.058
  [epoch 10] step 710/1135 loss=0.027
  [epoch 10] step 720/1135 loss=0.034
  [epoch 10] step 730/1135 loss=0.045
  [epoch 10] step 740/1135 loss=0.011
  [epoch 10] step 750/1135 loss=0.007
  [epoch 10] step 760/1135 loss=0.014
  [epoch 10] step 770/1135 loss=0.010
  [epoch 10] step 780/1135 loss=0.050
  [epoch 10] step 790/1135 loss=0.015
  [epoch 10] step 800/1135 loss=0.100
  [epoch 10] step 810/1135 loss=0.014
  [epoch 10] step 820/1135 loss=0.006
  [epoch 10] step 830/1135 loss=0.010
  [epoch 10] step 840/1135 loss=0.037
  [epoch 10] step 850/1135 loss=0.021
  [epoch 10] step 860/1135 loss=0.046
  [epoch 10] step 870/1135 loss=0.115
  [epoch 10] step 880/1135 loss=0.018
  [epoch 10] step 890/1135 loss=0.029
  [epoch 10] step 900/1135 loss=0.005
  [epoch 10] step 910/1135 loss=0.004
  [epoch 10] step 920/1135 loss=0.010
  [epoch 10] step 930/1135 loss=0.036
  [epoch 10] step 940/1135 loss=0.006
  [epoch 10] step 950/1135 loss=0.004
  [epoch 10] step 960/1135 loss=0.121
  [epoch 10] step 970/1135 loss=0.004
  [epoch 10] step 980/1135 loss=0.014
  [epoch 10] step 990/1135 loss=0.035
  [epoch 10] step 1000/1135 loss=0.006
  [epoch 10] step 1010/1135 loss=0.078
  [epoch 10] step 1020/1135 loss=0.010
  [epoch 10] step 1030/1135 loss=0.011
  [epoch 10] step 1040/1135 loss=0.014
  [epoch 10] step 1050/1135 loss=0.012
  [epoch 10] step 1060/1135 loss=0.005
  [epoch 10] step 1070/1135 loss=0.006
  [epoch 10] step 1080/1135 loss=0.018
  [epoch 10] step 1090/1135 loss=0.010
  [epoch 10] step 1100/1135 loss=0.093
  [epoch 10] step 1110/1135 loss=0.004
  [epoch 10] step 1120/1135 loss=0.028
  [epoch 10] step 1130/1135 loss=0.076
SROCC=0.6615 PLCC=0.4719 OBJ=1.1334
  未提升 (连续 3/3)
触发早停

完成。best: round=1 SROCC=0.6716 PLCC=0.6271 OBJ=1.2987
输出目录: runs/divide_semisup (model_best.pt / pool.json / metrics.json)
